frame,posse,pct_a,pct_b
0,none,50.0,50.0
2,none,50.0,50.0
4,none,50.0,50.0
6,none,50.0,50.0
8,none,50.0,50.0
10,none,50.0,50.0
12,none,50.0,50.0
14,none,50.0,50.0
16,none,50.0,50.0
18,none,50.0,50.0
20,none,50.0,50.0
22,none,50.0,50.0
24,none,50.0,50.0
26,none,50.0,50.0
28,none,50.0,50.0
30,none,50.0,50.0
32,none,50.0,50.0
34,none,50.0,50.0
36,none,50.0,50.0
38,none,50.0,50.0
40,none,50.0,50.0
42,none,50.0,50.0
44,none,50.0,50.0
46,none,50.0,50.0
48,A,100.0,0.0
50,none,100.0,0.0
52,none,100.0,0.0
54,none,100.0,0.0
56,none,100.0,0.0
58,none,100.0,0.0
60,none,100.0,0.0
62,none,100.0,0.0
64,none,100.0,0.0
66,none,100.0,0.0
68,none,100.0,0.0
70,none,100.0,0.0
72,none,100.0,0.0
74,none,100.0,0.0
76,none,100.0,0.0
78,none,100.0,0.0
80,none,100.0,0.0
82,none,100.0,0.0
84,none,100.0,0.0
86,none,100.0,0.0
88,none,100.0,0.0
90,none,100.0,0.0
92,none,100.0,0.0
94,none,100.0,0.0
96,none,100.0,0.0
98,none,100.0,0.0
100,none,100.0,0.0
102,none,100.0,0.0
104,none,100.0,0.0
106,none,100.0,0.0
108,none,100.0,0.0
110,none,100.0,0.0
112,none,100.0,0.0
114,none,100.0,0.0
116,none,100.0,0.0
118,none,100.0,0.0
120,none,100.0,0.0
122,none,100.0,0.0
124,none,100.0,0.0
126,none,100.0,0.0
128,none,100.0,0.0
130,none,100.0,0.0
132,none,100.0,0.0
134,none,100.0,0.0
136,none,100.0,0.0
138,none,100.0,0.0
140,none,100.0,0.0
142,none,100.0,0.0
144,none,100.0,0.0
146,none,100.0,0.0
148,none,100.0,0.0
150,none,100.0,0.0
152,none,100.0,0.0
154,none,100.0,0.0
156,none,100.0,0.0
158,none,100.0,0.0
160,none,100.0,0.0
162,none,100.0,0.0
164,none,100.0,0.0
166,none,100.0,0.0
168,none,100.0,0.0
170,none,100.0,0.0
172,none,100.0,0.0
174,none,100.0,0.0
176,none,100.0,0.0
178,none,100.0,0.0
180,none,100.0,0.0
182,none,100.0,0.0
184,none,100.0,0.0
186,none,100.0,0.0
188,none,100.0,0.0
190,none,100.0,0.0
192,none,100.0,0.0
194,none,100.0,0.0
196,none,100.0,0.0
198,none,100.0,0.0
200,none,100.0,0.0
202,none,100.0,0.0
204,none,100.0,0.0
206,none,100.0,0.0
208,none,100.0,0.0
210,none,100.0,0.0
212,none,100.0,0.0
214,none,100.0,0.0
216,none,100.0,0.0
218,none,100.0,0.0
220,none,100.0,0.0
222,none,100.0,0.0
224,none,100.0,0.0
226,none,100.0,0.0
228,none,100.0,0.0
230,none,100.0,0.0
232,none,100.0,0.0
234,none,100.0,0.0
236,none,100.0,0.0
238,none,100.0,0.0
240,none,100.0,0.0
242,none,100.0,0.0
244,none,100.0,0.0
246,none,100.0,0.0
248,none,100.0,0.0
250,none,100.0,0.0
252,none,100.0,0.0
254,none,100.0,0.0
256,none,100.0,0.0
258,none,100.0,0.0
260,none,100.0,0.0
262,none,100.0,0.0
264,none,100.0,0.0
266,none,100.0,0.0
268,none,100.0,0.0
270,none,100.0,0.0
272,none,100.0,0.0
274,none,100.0,0.0
276,none,100.0,0.0
278,none,100.0,0.0
280,none,100.0,0.0
282,none,100.0,0.0
284,none,100.0,0.0
286,none,100.0,0.0
288,none,100.0,0.0
290,none,100.0,0.0
292,none,100.0,0.0
294,none,100.0,0.0
296,none,100.0,0.0
298,none,100.0,0.0
300,none,100.0,0.0
302,none,100.0,0.0
304,none,100.0,0.0
306,none,100.0,0.0
308,none,100.0,0.0
310,none,100.0,0.0
312,none,100.0,0.0
314,none,100.0,0.0
316,none,100.0,0.0
318,none,100.0,0.0
320,none,100.0,0.0
322,none,100.0,0.0
324,none,100.0,0.0
326,none,100.0,0.0
328,none,100.0,0.0
330,none,100.0,0.0
332,none,100.0,0.0
334,none,100.0,0.0
336,none,100.0,0.0
338,none,100.0,0.0
340,none,100.0,0.0
342,none,100.0,0.0
344,none,100.0,0.0
346,none,100.0,0.0
348,none,100.0,0.0
350,none,100.0,0.0
352,none,100.0,0.0
354,none,100.0,0.0
356,none,100.0,0.0
358,none,100.0,0.0
360,none,100.0,0.0
362,none,100.0,0.0
364,none,100.0,0.0
366,none,100.0,0.0
368,none,100.0,0.0
370,none,100.0,0.0
372,none,100.0,0.0
374,none,100.0,0.0
376,none,100.0,0.0
378,none,100.0,0.0
380,none,100.0,0.0
382,none,100.0,0.0
384,none,100.0,0.0
386,none,100.0,0.0
388,none,100.0,0.0
390,none,100.0,0.0
392,none,100.0,0.0
394,none,100.0,0.0
396,none,100.0,0.0
398,none,100.0,0.0
400,none,100.0,0.0
402,none,100.0,0.0
404,none,100.0,0.0
406,none,100.0,0.0
408,none,100.0,0.0
410,none,100.0,0.0
412,none,100.0,0.0
414,none,100.0,0.0
416,none,100.0,0.0
418,none,100.0,0.0
420,A,100.0,0.0
422,A,100.0,0.0
424,A,100.0,0.0
426,A,100.0,0.0
428,A,100.0,0.0
430,A,100.0,0.0
432,A,100.0,0.0
434,A,100.0,0.0
436,A,100.0,0.0
438,A,100.0,0.0
440,A,100.0,0.0
442,A,100.0,0.0
444,A,100.0,0.0
446,A,100.0,0.0
448,A,100.0,0.0
450,none,100.0,0.0
452,none,100.0,0.0
454,none,100.0,0.0
456,none,100.0,0.0
458,none,100.0,0.0
460,none,100.0,0.0
462,none,100.0,0.0
464,none,100.0,0.0
466,none,100.0,0.0
468,none,100.0,0.0
470,none,100.0,0.0
472,none,100.0,0.0
474,none,100.0,0.0
476,none,100.0,0.0
478,none,100.0,0.0
480,none,100.0,0.0
482,none,100.0,0.0
484,none,100.0,0.0
486,none,100.0,0.0
488,none,100.0,0.0
490,none,100.0,0.0
492,none,100.0,0.0
494,none,100.0,0.0
496,none,100.0,0.0
498,none,100.0,0.0
500,none,100.0,0.0
502,none,100.0,0.0
504,none,100.0,0.0
506,none,100.0,0.0
508,none,100.0,0.0
510,none,100.0,0.0
512,none,100.0,0.0
514,none,100.0,0.0
516,none,100.0,0.0
518,none,100.0,0.0
520,none,100.0,0.0
522,none,100.0,0.0
524,none,100.0,0.0
526,none,100.0,0.0
528,none,100.0,0.0
530,none,100.0,0.0
532,none,100.0,0.0
534,none,100.0,0.0
536,none,100.0,0.0
538,none,100.0,0.0
540,none,100.0,0.0
542,none,100.0,0.0
544,none,100.0,0.0
546,none,100.0,0.0
548,none,100.0,0.0
550,none,100.0,0.0
552,none,100.0,0.0
554,none,100.0,0.0
556,none,100.0,0.0
558,none,100.0,0.0
560,none,100.0,0.0
562,none,100.0,0.0
564,none,100.0,0.0
566,none,100.0,0.0
568,none,100.0,0.0
570,none,100.0,0.0
572,none,100.0,0.0
574,none,100.0,0.0
576,none,100.0,0.0
578,none,100.0,0.0
580,none,100.0,0.0
582,none,100.0,0.0
584,none,100.0,0.0
586,A,100.0,0.0
588,none,100.0,0.0
590,none,100.0,0.0
592,none,100.0,0.0
594,none,100.0,0.0
596,none,100.0,0.0
598,none,100.0,0.0
600,none,100.0,0.0
602,none,100.0,0.0
604,none,100.0,0.0
606,none,100.0,0.0
608,none,100.0,0.0
610,none,100.0,0.0
612,none,100.0,0.0
614,none,100.0,0.0
616,none,100.0,0.0
618,none,100.0,0.0
620,none,100.0,0.0
622,none,100.0,0.0
624,none,100.0,0.0
626,none,100.0,0.0
628,A,100.0,0.0
630,A,100.0,0.0
632,A,100.0,0.0
634,A,100.0,0.0
636,A,100.0,0.0
638,A,100.0,0.0
640,A,100.0,0.0
642,A,100.0,0.0
644,A,100.0,0.0
646,A,100.0,0.0
648,none,100.0,0.0
650,none,100.0,0.0
652,A,100.0,0.0
654,A,100.0,0.0
656,A,100.0,0.0
658,A,100.0,0.0
660,A,100.0,0.0
662,A,100.0,0.0
664,A,100.0,0.0
666,A,100.0,0.0
668,A,100.0,0.0
670,A,100.0,0.0
672,A,100.0,0.0
674,none,100.0,0.0
676,A,100.0,0.0
678,A,100.0,0.0
680,A,100.0,0.0
682,none,100.0,0.0
684,B,97.6,2.4
686,B,95.3,4.7
688,B,93.2,6.8
690,A,93.3,6.7
692,A,93.5,6.5
694,none,93.5,6.5
696,A,93.6,6.4
698,none,93.6,6.4
700,A,93.8,6.2
702,A,93.9,6.1
704,none,93.9,6.1
706,none,93.9,6.1
708,none,93.9,6.1
710,none,93.9,6.1
712,none,93.9,6.1
714,none,93.9,6.1
716,none,93.9,6.1
718,A,94.0,6.0
720,A,94.1,5.9
722,A,94.2,5.8
724,A,94.3,5.7
726,A,94.4,5.6
728,A,94.5,5.5
730,A,94.6,5.4
732,A,94.7,5.3
734,A,94.8,5.2
736,none,94.8,5.2
738,none,94.8,5.2
740,A,94.9,5.1
742,none,94.9,5.1
744,none,94.9,5.1
746,none,94.9,5.1
748,A,95.0,5.0
750,A,95.1,4.9
752,A,95.2,4.8
754,A,95.2,4.8
756,none,95.2,4.8
758,A,95.3,4.7
760,A,95.4,4.6
762,A,95.5,4.5
764,A,95.5,4.5
766,none,95.5,4.5
768,none,95.5,4.5
770,A,95.6,4.4
772,A,95.7,4.3
774,B,94.3,5.7
776,B,93.0,7.0
778,A,93.1,6.9
780,B,91.8,8.2
782,none,91.8,8.2
784,B,90.5,9.5
786,A,90.7,9.3
788,A,90.8,9.2
790,A,90.9,9.1
792,none,90.9,9.1
794,none,90.9,9.1
796,none,90.9,9.1
798,none,90.9,9.1
800,none,90.9,9.1
802,none,90.9,9.1
804,none,90.9,9.1
806,none,90.9,9.1
808,none,90.9,9.1
810,none,90.9,9.1
812,none,90.9,9.1
814,none,90.9,9.1
816,none,90.9,9.1
818,none,90.9,9.1
820,none,90.9,9.1
822,none,90.9,9.1
824,none,90.9,9.1
826,none,90.9,9.1
828,none,90.9,9.1
830,none,90.9,9.1
832,none,90.9,9.1
834,none,90.9,9.1
836,none,90.9,9.1
838,none,90.9,9.1
840,none,90.9,9.1
842,none,90.9,9.1
844,none,90.9,9.1
846,none,90.9,9.1
848,none,90.9,9.1
850,none,90.9,9.1
852,none,90.9,9.1
854,none,90.9,9.1
856,none,90.9,9.1
858,none,90.9,9.1
860,none,90.9,9.1
862,none,90.9,9.1
864,none,90.9,9.1
866,none,90.9,9.1
868,none,90.9,9.1
870,none,90.9,9.1
872,none,90.9,9.1
874,none,90.9,9.1
876,none,90.9,9.1
878,none,90.9,9.1
880,none,90.9,9.1
882,none,90.9,9.1
884,none,90.9,9.1
886,none,90.9,9.1
888,none,90.9,9.1
890,none,90.9,9.1
892,none,90.9,9.1
894,none,90.9,9.1
896,none,90.9,9.1
898,none,90.9,9.1
900,A,91.0,9.0
902,none,91.0,9.0
904,none,91.0,9.0
906,none,91.0,9.0
908,none,91.0,9.0
910,none,91.0,9.0
912,none,91.0,9.0
914,none,91.0,9.0
916,none,91.0,9.0
918,none,91.0,9.0
920,none,91.0,9.0
922,none,91.0,9.0
924,none,91.0,9.0
926,none,91.0,9.0
928,none,91.0,9.0
930,none,91.0,9.0
932,none,91.0,9.0
934,none,91.0,9.0
936,none,91.0,9.0
938,none,91.0,9.0
940,none,91.0,9.0
942,none,91.0,9.0
944,none,91.0,9.0
946,none,91.0,9.0
948,none,91.0,9.0
950,none,91.0,9.0
952,none,91.0,9.0
954,none,91.0,9.0
956,none,91.0,9.0
958,none,91.0,9.0
960,none,91.0,9.0
962,none,91.0,9.0
964,none,91.0,9.0
966,none,91.0,9.0
968,none,91.0,9.0
970,none,91.0,9.0
972,none,91.0,9.0
974,none,91.0,9.0
976,none,91.0,9.0
978,none,91.0,9.0
980,none,91.0,9.0
982,none,91.0,9.0
984,none,91.0,9.0
986,none,91.0,9.0
988,none,91.0,9.0
990,none,91.0,9.0
992,none,91.0,9.0
994,none,91.0,9.0
996,none,91.0,9.0
998,none,91.0,9.0
1000,none,91.0,9.0
1002,none,91.0,9.0
1004,none,91.0,9.0
1006,none,91.0,9.0
1008,none,91.0,9.0
1010,none,91.0,9.0
1012,none,91.0,9.0
1014,none,91.0,9.0
1016,none,91.0,9.0
1018,none,91.0,9.0
1020,none,91.0,9.0
1022,none,91.0,9.0
1024,none,91.0,9.0
1026,none,91.0,9.0
1028,none,91.0,9.0
1030,none,91.0,9.0
1032,none,91.0,9.0
1034,none,91.0,9.0
1036,none,91.0,9.0
1038,none,91.0,9.0
1040,none,91.0,9.0
1042,none,91.0,9.0
1044,none,91.0,9.0
1046,none,91.0,9.0
1048,none,91.0,9.0
1050,none,91.0,9.0
1052,none,91.0,9.0
1054,none,91.0,9.0
1056,none,91.0,9.0
1058,none,91.0,9.0
1060,none,91.0,9.0
1062,none,91.0,9.0
1064,none,91.0,9.0
1066,none,91.0,9.0
1068,none,91.0,9.0
1070,none,91.0,9.0
1072,none,91.0,9.0
1074,none,91.0,9.0
1076,none,91.0,9.0
1078,none,91.0,9.0
1080,none,91.0,9.0
1082,none,91.0,9.0
1084,none,91.0,9.0
1086,none,91.0,9.0
1088,none,91.0,9.0
1090,none,91.0,9.0
1092,none,91.0,9.0
1094,none,91.0,9.0
1096,none,91.0,9.0
1098,none,91.0,9.0
1100,none,91.0,9.0
1102,none,91.0,9.0
1104,none,91.0,9.0
1106,none,91.0,9.0
1108,none,91.0,9.0
1110,none,91.0,9.0
1112,none,91.0,9.0
1114,none,91.0,9.0
1116,none,91.0,9.0
1118,none,91.0,9.0
1120,none,91.0,9.0
1122,none,91.0,9.0
1124,none,91.0,9.0
1126,none,91.0,9.0
1128,none,91.0,9.0
1130,none,91.0,9.0
1132,none,91.0,9.0
1134,none,91.0,9.0
1136,none,91.0,9.0
1138,A,91.1,8.9
1140,none,91.1,8.9
1142,none,91.1,8.9
1144,none,91.1,8.9
1146,none,91.1,8.9
1148,none,91.1,8.9
1150,none,91.1,8.9
1152,none,91.1,8.9
1154,none,91.1,8.9
1156,none,91.1,8.9
1158,none,91.1,8.9
1160,none,91.1,8.9
1162,none,91.1,8.9
1164,none,91.1,8.9
1166,none,91.1,8.9
1168,none,91.1,8.9
1170,B,90.0,10.0
1172,B,88.9,11.1
1174,none,88.9,11.1
1176,B,87.8,12.2
1178,B,86.7,13.3
1180,none,86.7,13.3
1182,none,86.7,13.3
1184,none,86.7,13.3
1186,B,85.7,14.3
1188,B,84.7,15.3
1190,none,84.7,15.3
1192,none,84.7,15.3
1194,none,84.7,15.3
1196,none,84.7,15.3
1198,B,83.7,16.3
1200,none,83.7,16.3
1202,B,82.8,17.2
1204,B,81.8,18.2
1206,none,81.8,18.2
1208,none,81.8,18.2
1210,none,81.8,18.2
1212,none,81.8,18.2
1214,none,81.8,18.2
1216,none,81.8,18.2
1218,none,81.8,18.2
1220,none,81.8,18.2
1222,none,81.8,18.2
1224,none,81.8,18.2
1226,A,82.0,18.0
1228,A,82.2,17.8
1230,B,81.3,18.7
1232,none,81.3,18.7
1234,none,81.3,18.7
1236,none,81.3,18.7
1238,none,81.3,18.7
1240,none,81.3,18.7
1242,none,81.3,18.7
1244,none,81.3,18.7
1246,none,81.3,18.7
1248,none,81.3,18.7
1250,none,81.3,18.7
1252,none,81.3,18.7
1254,none,81.3,18.7
1256,none,81.3,18.7
1258,none,81.3,18.7
1260,none,81.3,18.7
1262,none,81.3,18.7
1264,none,81.3,18.7
1266,none,81.3,18.7
1268,none,81.3,18.7
1270,B,80.4,19.6
1272,B,79.6,20.4
1274,A,79.8,20.2
1276,none,79.8,20.2
1278,none,79.8,20.2
1280,B,78.9,21.1
1282,A,79.2,20.8
1284,A,79.4,20.6
1286,A,79.6,20.4
1288,none,79.6,20.4
1290,A,79.8,20.2
1292,none,79.8,20.2
1294,none,79.8,20.2
1296,none,79.8,20.2
1298,A,80.0,20.0
1300,none,80.0,20.0
1302,none,80.0,20.0
1304,none,80.0,20.0
1306,none,80.0,20.0
1308,none,80.0,20.0
1310,none,80.0,20.0
1312,none,80.0,20.0
1314,none,80.0,20.0
1316,B,79.2,20.8
1318,none,79.2,20.8
1320,none,79.2,20.8
1322,none,79.2,20.8
1324,A,79.4,20.6
1326,A,79.6,20.4
1328,A,79.8,20.2
1330,none,79.8,20.2
1332,none,79.8,20.2
1334,none,79.8,20.2
1336,B,79.0,21.0
1338,none,79.0,21.0
1340,none,79.0,21.0
1342,B,78.3,21.7
1344,B,77.6,22.4
1346,B,76.9,23.1
1348,B,76.1,23.9
1350,none,76.1,23.9
1352,none,76.1,23.9
1354,B,75.5,24.5
1356,none,75.5,24.5
1358,none,75.5,24.5
1360,B,74.8,25.2
1362,none,74.8,25.2
1364,none,74.8,25.2
1366,B,74.1,25.9
1368,B,73.5,26.5
1370,B,72.8,27.2
1372,B,72.2,27.8
1374,B,71.6,28.4
1376,B,70.9,29.1
1378,none,70.9,29.1
1380,none,70.9,29.1
1382,none,70.9,29.1
1384,none,70.9,29.1
1386,none,70.9,29.1
1388,A,71.2,28.8
1390,none,71.2,28.8
1392,A,71.4,28.6
1394,B,70.8,29.2
1396,B,70.2,29.8
1398,none,70.2,29.8
1400,none,70.2,29.8
1402,none,70.2,29.8
1404,none,70.2,29.8
1406,B,69.7,30.3
1408,none,69.7,30.3
1410,none,69.7,30.3
1412,none,69.7,30.3
1414,none,69.7,30.3
1416,none,69.7,30.3
1418,none,69.7,30.3
1420,none,69.7,30.3
1422,none,69.7,30.3
1424,none,69.7,30.3
1426,none,69.7,30.3
1428,B,69.1,30.9
1430,B,68.5,31.5
1432,B,68.0,32.0
1434,A,68.3,31.7
1436,A,68.5,31.5
1438,B,68.0,32.0
1440,B,67.4,32.6
1442,B,66.9,33.1
1444,B,66.4,33.6
1446,none,66.4,33.6
1448,none,66.4,33.6
1450,none,66.4,33.6
1452,none,66.4,33.6
1454,none,66.4,33.6
1456,none,66.4,33.6
1458,none,66.4,33.6
1460,none,66.4,33.6
1462,none,66.4,33.6
1464,none,66.4,33.6
1466,none,66.4,33.6
1468,none,66.4,33.6
1470,A,66.7,33.3
1472,none,66.7,33.3
1474,none,66.7,33.3
1476,none,66.7,33.3
1478,none,66.7,33.3
1480,none,66.7,33.3
1482,none,66.7,33.3
1484,A,66.9,33.1
1486,none,66.9,33.1
1488,none,66.9,33.1
1490,none,66.9,33.1
1492,none,66.9,33.1
1494,none,66.9,33.1
1496,none,66.9,33.1
1498,none,66.9,33.1
1500,none,66.9,33.1
1502,none,66.9,33.1
1504,none,66.9,33.1
1506,none,66.9,33.1
1508,none,66.9,33.1
1510,none,66.9,33.1
1512,none,66.9,33.1
1514,none,66.9,33.1
1516,none,66.9,33.1
1518,none,66.9,33.1
1520,none,66.9,33.1
1522,A,67.2,32.8
1524,A,67.4,32.6
1526,A,67.6,32.4
1528,A,67.9,32.1
1530,A,68.1,31.9
1532,A,68.3,31.7
1534,A,68.6,31.4
1536,A,68.8,31.2
1538,none,68.8,31.2
1540,A,69.0,31.0
1542,A,69.2,30.8
1544,none,69.2,30.8
1546,none,69.2,30.8
1548,none,69.2,30.8
1550,none,69.2,30.8
1552,none,69.2,30.8
1554,none,69.2,30.8
1556,none,69.2,30.8
1558,none,69.2,30.8
1560,none,69.2,30.8
1562,none,69.2,30.8
1564,none,69.2,30.8
1566,none,69.2,30.8
1568,none,69.2,30.8
1570,none,69.2,30.8
1572,none,69.2,30.8
1574,none,69.2,30.8
1576,none,69.2,30.8
1578,none,69.2,30.8
1580,none,69.2,30.8
1582,none,69.2,30.8
1584,none,69.2,30.8
1586,none,69.2,30.8
1588,none,69.2,30.8
1590,none,69.2,30.8
1592,none,69.2,30.8
1594,none,69.2,30.8
1596,none,69.2,30.8
1598,none,69.2,30.8
1600,none,69.2,30.8
1602,none,69.2,30.8
1604,none,69.2,30.8
1606,none,69.2,30.8
1608,none,69.2,30.8
1610,none,69.2,30.8
1612,none,69.2,30.8
1614,none,69.2,30.8
1616,none,69.2,30.8
1618,none,69.2,30.8
1620,none,69.2,30.8
1622,none,69.2,30.8
1624,none,69.2,30.8
1626,none,69.2,30.8
1628,none,69.2,30.8
1630,none,69.2,30.8
1632,none,69.2,30.8
1634,none,69.2,30.8
1636,none,69.2,30.8
1638,none,69.2,30.8
1640,none,69.2,30.8
1642,none,69.2,30.8
1644,A,69.4,30.6
1646,A,69.7,30.3
1648,A,69.9,30.1
1650,A,70.1,29.9
1652,A,70.3,29.7
1654,A,70.5,29.5
1656,A,70.7,29.3
1658,A,70.9,29.1
1660,A,71.1,28.9
1662,A,71.2,28.8
1664,A,71.4,28.6
1666,none,71.4,28.6
1668,none,71.4,28.6
1670,none,71.4,28.6
1672,none,71.4,28.6
1674,none,71.4,28.6
1676,none,71.4,28.6
1678,none,71.4,28.6
1680,none,71.4,28.6
1682,none,71.4,28.6
1684,none,71.4,28.6
1686,none,71.4,28.6
1688,none,71.4,28.6
1690,none,71.4,28.6
1692,none,71.4,28.6
1694,none,71.4,28.6
1696,B,71.0,29.0
1698,B,70.5,29.5
1700,B,70.1,29.9
1702,none,70.1,29.9
1704,B,69.6,30.4
1706,B,69.2,30.8
1708,B,68.8,31.2
1710,B,68.3,31.7
1712,B,67.9,32.1
1714,B,67.5,32.5
1716,B,67.1,32.9
1718,B,66.7,33.3
1720,A,66.9,33.1
1722,A,67.1,32.9
1724,none,67.1,32.9
1726,none,67.1,32.9
1728,none,67.1,32.9
1730,none,67.1,32.9
1732,none,67.1,32.9
1734,none,67.1,32.9
1736,none,67.1,32.9
1738,none,67.1,32.9
1740,none,67.1,32.9
1742,none,67.1,32.9
1744,none,67.1,32.9
1746,none,67.1,32.9
1748,none,67.1,32.9
1750,none,67.1,32.9
1752,none,67.1,32.9
1754,none,67.1,32.9
1756,none,67.1,32.9
1758,none,67.1,32.9
1760,none,67.1,32.9
1762,none,67.1,32.9
1764,none,67.1,32.9
1766,none,67.1,32.9
1768,none,67.1,32.9
1770,none,67.1,32.9
1772,none,67.1,32.9
1774,none,67.1,32.9
1776,none,67.1,32.9
1778,none,67.1,32.9
1780,none,67.1,32.9
1782,none,67.1,32.9
1784,none,67.1,32.9
1786,none,67.1,32.9
1788,none,67.1,32.9
1790,none,67.1,32.9
1792,none,67.1,32.9
1794,none,67.1,32.9
1796,none,67.1,32.9
1798,none,67.1,32.9
1800,none,67.1,32.9
1802,none,67.1,32.9
1804,none,67.1,32.9
1806,none,67.1,32.9
1808,none,67.1,32.9
1810,none,67.1,32.9
1812,none,67.1,32.9
1814,none,67.1,32.9
1816,none,67.1,32.9
1818,none,67.1,32.9
1820,none,67.1,32.9
1822,none,67.1,32.9
1824,none,67.1,32.9
1826,none,67.1,32.9
1828,none,67.1,32.9
1830,none,67.1,32.9
1832,none,67.1,32.9
1834,none,67.1,32.9
1836,none,67.1,32.9
1838,none,67.1,32.9
1840,none,67.1,32.9
1842,none,67.1,32.9
1844,none,67.1,32.9
1846,none,67.1,32.9
1848,none,67.1,32.9
1850,none,67.1,32.9
1852,none,67.1,32.9
1854,none,67.1,32.9
1856,none,67.1,32.9
1858,none,67.1,32.9
1860,none,67.1,32.9
1862,none,67.1,32.9
1864,none,67.1,32.9
1866,none,67.1,32.9
1868,none,67.1,32.9
1870,none,67.1,32.9
1872,none,67.1,32.9
1874,none,67.1,32.9
1876,none,67.1,32.9
1878,none,67.1,32.9
1880,none,67.1,32.9
1882,none,67.1,32.9
1884,none,67.1,32.9
1886,none,67.1,32.9
1888,none,67.1,32.9
1890,none,67.1,32.9
1892,none,67.1,32.9
1894,none,67.1,32.9
1896,none,67.1,32.9
1898,none,67.1,32.9
1900,none,67.1,32.9
1902,none,67.1,32.9
1904,none,67.1,32.9
1906,none,67.1,32.9
1908,none,67.1,32.9
1910,none,67.1,32.9
1912,none,67.1,32.9
1914,none,67.1,32.9
1916,none,67.1,32.9
1918,none,67.1,32.9
1920,none,67.1,32.9
1922,none,67.1,32.9
1924,none,67.1,32.9
1926,none,67.1,32.9
1928,none,67.1,32.9
1930,none,67.1,32.9
1932,none,67.1,32.9
1934,none,67.1,32.9
1936,none,67.1,32.9
1938,none,67.1,32.9
1940,none,67.1,32.9
1942,none,67.1,32.9
1944,none,67.1,32.9
1946,none,67.1,32.9
1948,none,67.1,32.9
1950,none,67.1,32.9
1952,none,67.1,32.9
1954,none,67.1,32.9
1956,none,67.1,32.9
1958,none,67.1,32.9
1960,none,67.1,32.9
1962,none,67.1,32.9
1964,none,67.1,32.9
1966,none,67.1,32.9
1968,none,67.1,32.9
1970,none,67.1,32.9
1972,none,67.1,32.9
1974,none,67.1,32.9
1976,none,67.1,32.9
1978,none,67.1,32.9
1980,none,67.1,32.9
1982,none,67.1,32.9
1984,none,67.1,32.9
1986,none,67.1,32.9
1988,none,67.1,32.9
1990,none,67.1,32.9
1992,none,67.1,32.9
1994,none,67.1,32.9
1996,none,67.1,32.9
1998,none,67.1,32.9
2000,none,67.1,32.9
2002,none,67.1,32.9
2004,none,67.1,32.9
2006,none,67.1,32.9
2008,none,67.1,32.9
2010,none,67.1,32.9
2012,none,67.1,32.9
2014,none,67.1,32.9
2016,none,67.1,32.9
2018,none,67.1,32.9
2020,none,67.1,32.9
2022,none,67.1,32.9
2024,none,67.1,32.9
2026,none,67.1,32.9
2028,none,67.1,32.9
2030,none,67.1,32.9
2032,none,67.1,32.9
2034,none,67.1,32.9
2036,none,67.1,32.9
2038,none,67.1,32.9
2040,none,67.1,32.9
2042,none,67.1,32.9
2044,none,67.1,32.9
2046,none,67.1,32.9
2048,none,67.1,32.9
2050,none,67.1,32.9
2052,none,67.1,32.9
2054,none,67.1,32.9
2056,none,67.1,32.9
2058,none,67.1,32.9
2060,none,67.1,32.9
2062,none,67.1,32.9
2064,none,67.1,32.9
2066,none,67.1,32.9
2068,none,67.1,32.9
2070,none,67.1,32.9
2072,none,67.1,32.9
2074,none,67.1,32.9
2076,none,67.1,32.9
2078,none,67.1,32.9
2080,none,67.1,32.9
2082,none,67.1,32.9
2084,none,67.1,32.9
2086,none,67.1,32.9
2088,none,67.1,32.9
2090,none,67.1,32.9
2092,none,67.1,32.9
2094,none,67.1,32.9
2096,none,67.1,32.9
2098,none,67.1,32.9
2100,none,67.1,32.9
2102,none,67.1,32.9
2104,none,67.1,32.9
2106,none,67.1,32.9
2108,none,67.1,32.9
2110,none,67.1,32.9
2112,none,67.1,32.9
2114,none,67.1,32.9
2116,none,67.1,32.9
2118,none,67.1,32.9
2120,none,67.1,32.9
2122,none,67.1,32.9
2124,none,67.1,32.9
2126,none,67.1,32.9
2128,none,67.1,32.9
2130,none,67.1,32.9
2132,none,67.1,32.9
2134,none,67.1,32.9
2136,none,67.1,32.9
2138,none,67.1,32.9
2140,none,67.1,32.9
2142,none,67.1,32.9
2144,none,67.1,32.9
2146,none,67.1,32.9
2148,none,67.1,32.9
2150,none,67.1,32.9
2152,none,67.1,32.9
2154,none,67.1,32.9
2156,none,67.1,32.9
2158,none,67.1,32.9
2160,none,67.1,32.9
2162,none,67.1,32.9
2164,none,67.1,32.9
2166,none,67.1,32.9
2168,none,67.1,32.9
2170,none,67.1,32.9
2172,none,67.1,32.9
2174,none,67.1,32.9
2176,none,67.1,32.9
2178,none,67.1,32.9
2180,none,67.1,32.9
2182,none,67.1,32.9
2184,none,67.1,32.9
2186,none,67.1,32.9
2188,none,67.1,32.9
2190,none,67.1,32.9
2192,none,67.1,32.9
2194,none,67.1,32.9
2196,none,67.1,32.9
2198,none,67.1,32.9
2200,none,67.1,32.9
2202,none,67.1,32.9
2204,none,67.1,32.9
2206,none,67.1,32.9
2208,none,67.1,32.9
2210,none,67.1,32.9
2212,none,67.1,32.9
2214,none,67.1,32.9
2216,none,67.1,32.9
2218,none,67.1,32.9
2220,none,67.1,32.9
2222,none,67.1,32.9
2224,none,67.1,32.9
2226,none,67.1,32.9
2228,none,67.1,32.9
2230,none,67.1,32.9
2232,none,67.1,32.9
2234,none,67.1,32.9
2236,none,67.1,32.9
2238,none,67.1,32.9
2240,none,67.1,32.9
2242,B,66.7,33.3
2244,none,66.7,33.3
2246,none,66.7,33.3
2248,none,66.7,33.3
2250,none,66.7,33.3
2252,none,66.7,33.3
2254,none,66.7,33.3
2256,none,66.7,33.3
2258,none,66.7,33.3
2260,none,66.7,33.3
2262,none,66.7,33.3
2264,none,66.7,33.3
2266,none,66.7,33.3
2268,none,66.7,33.3
2270,none,66.7,33.3
2272,none,66.7,33.3
2274,none,66.7,33.3
2276,none,66.7,33.3
2278,none,66.7,33.3
2280,none,66.7,33.3
2282,none,66.7,33.3
2284,none,66.7,33.3
2286,none,66.7,33.3
2288,A,66.9,33.1
2290,B,66.5,33.5
2292,A,66.7,33.3
2294,none,66.7,33.3
2296,none,66.7,33.3
2298,none,66.7,33.3
2300,none,66.7,33.3
2302,none,66.7,33.3
2304,none,66.7,33.3
2306,none,66.7,33.3
2308,A,66.9,33.1
2310,B,66.5,33.5
2312,B,66.1,33.9
2314,none,66.1,33.9
2316,none,66.1,33.9
2318,none,66.1,33.9
2320,none,66.1,33.9
2322,none,66.1,33.9
2324,none,66.1,33.9
2326,none,66.1,33.9
2328,none,66.1,33.9
2330,none,66.1,33.9
2332,none,66.1,33.9
2334,none,66.1,33.9
2336,none,66.1,33.9
2338,none,66.1,33.9
2340,none,66.1,33.9
2342,none,66.1,33.9
2344,none,66.1,33.9
2346,none,66.1,33.9
2348,none,66.1,33.9
2350,A,66.3,33.7
2352,none,66.3,33.7
2354,none,66.3,33.7
2356,none,66.3,33.7
2358,none,66.3,33.7
2360,none,66.3,33.7
2362,none,66.3,33.7
2364,none,66.3,33.7
2366,none,66.3,33.7
2368,none,66.3,33.7
2370,none,66.3,33.7
2372,none,66.3,33.7
2374,none,66.3,33.7
2376,none,66.3,33.7
2378,none,66.3,33.7
2380,A,66.5,33.5
2382,none,66.5,33.5
2384,none,66.5,33.5
2386,none,66.5,33.5
2388,none,66.5,33.5
2390,none,66.5,33.5
2392,none,66.5,33.5
2394,none,66.5,33.5
2396,none,66.5,33.5
2398,none,66.5,33.5
2400,none,66.5,33.5
2402,none,66.5,33.5
2404,none,66.5,33.5
2406,none,66.5,33.5
2408,none,66.5,33.5
2410,none,66.5,33.5
2412,none,66.5,33.5
2414,none,66.5,33.5
2416,none,66.5,33.5
2418,none,66.5,33.5
2420,none,66.5,33.5
2422,none,66.5,33.5
2424,none,66.5,33.5
2426,none,66.5,33.5
2428,none,66.5,33.5
2430,none,66.5,33.5
2432,none,66.5,33.5
2434,none,66.5,33.5
2436,none,66.5,33.5
2438,none,66.5,33.5
2440,none,66.5,33.5
2442,none,66.5,33.5
2444,none,66.5,33.5
2446,none,66.5,33.5
2448,none,66.5,33.5
2450,none,66.5,33.5
2452,none,66.5,33.5
2454,none,66.5,33.5
2456,none,66.5,33.5
2458,none,66.5,33.5
2460,none,66.5,33.5
2462,none,66.5,33.5
2464,none,66.5,33.5
2466,none,66.5,33.5
2468,none,66.5,33.5
2470,none,66.5,33.5
2472,none,66.5,33.5
2474,none,66.5,33.5
2476,none,66.5,33.5
2478,none,66.5,33.5
2480,none,66.5,33.5
2482,none,66.5,33.5
2484,none,66.5,33.5
2486,none,66.5,33.5
2488,none,66.5,33.5
2490,none,66.5,33.5
2492,none,66.5,33.5
2494,none,66.5,33.5
2496,none,66.5,33.5
2498,none,66.5,33.5
2500,none,66.5,33.5
2502,none,66.5,33.5
2504,none,66.5,33.5
2506,none,66.5,33.5
2508,none,66.5,33.5
2510,none,66.5,33.5
2512,none,66.5,33.5
2514,none,66.5,33.5
2516,none,66.5,33.5
2518,none,66.5,33.5
2520,none,66.5,33.5
2522,none,66.5,33.5
2524,none,66.5,33.5
2526,none,66.5,33.5
2528,none,66.5,33.5
2530,none,66.5,33.5
2532,none,66.5,33.5
2534,none,66.5,33.5
2536,none,66.5,33.5
2538,none,66.5,33.5
2540,none,66.5,33.5
2542,none,66.5,33.5
2544,none,66.5,33.5
2546,none,66.5,33.5
2548,none,66.5,33.5
2550,none,66.5,33.5
2552,none,66.5,33.5
2554,none,66.5,33.5
2556,none,66.5,33.5
2558,none,66.5,33.5
2560,none,66.5,33.5
2562,none,66.5,33.5
2564,none,66.5,33.5
2566,none,66.5,33.5
2568,none,66.5,33.5
2570,none,66.5,33.5
2572,A,66.7,33.3
2574,none,66.7,33.3
2576,A,66.9,33.1
2578,none,66.9,33.1
2580,A,67.0,33.0
2582,none,67.0,33.0
2584,none,67.0,33.0
2586,none,67.0,33.0
2588,none,67.0,33.0
2590,none,67.0,33.0
2592,none,67.0,33.0
2594,none,67.0,33.0
2596,none,67.0,33.0
2598,none,67.0,33.0
2600,none,67.0,33.0
2602,none,67.0,33.0
2604,none,67.0,33.0
2606,none,67.0,33.0
2608,none,67.0,33.0
2610,none,67.0,33.0
2612,none,67.0,33.0
2614,none,67.0,33.0
2616,none,67.0,33.0
2618,none,67.0,33.0
2620,none,67.0,33.0
2622,none,67.0,33.0
2624,none,67.0,33.0
2626,none,67.0,33.0
2628,none,67.0,33.0
2630,none,67.0,33.0
2632,none,67.0,33.0
2634,none,67.0,33.0
2636,none,67.0,33.0
2638,none,67.0,33.0
2640,none,67.0,33.0
2642,none,67.0,33.0
2644,none,67.0,33.0
2646,none,67.0,33.0
2648,none,67.0,33.0
2650,none,67.0,33.0
2652,none,67.0,33.0
2654,none,67.0,33.0
2656,none,67.0,33.0
2658,none,67.0,33.0
2660,none,67.0,33.0
2662,none,67.0,33.0
2664,none,67.0,33.0
2666,none,67.0,33.0
2668,none,67.0,33.0
2670,none,67.0,33.0
2672,none,67.0,33.0
2674,none,67.0,33.0
2676,none,67.0,33.0
2678,none,67.0,33.0
2680,none,67.0,33.0
2682,none,67.0,33.0
2684,none,67.0,33.0
2686,none,67.0,33.0
2688,none,67.0,33.0
2690,none,67.0,33.0
2692,none,67.0,33.0
2694,none,67.0,33.0
2696,none,67.0,33.0
2698,none,67.0,33.0
2700,none,67.0,33.0
2702,none,67.0,33.0
2704,none,67.0,33.0
2706,none,67.0,33.0
2708,none,67.0,33.0
2710,none,67.0,33.0
2712,none,67.0,33.0
2714,none,67.0,33.0
2716,none,67.0,33.0
2718,none,67.0,33.0
2720,none,67.0,33.0
2722,none,67.0,33.0
2724,none,67.0,33.0
2726,none,67.0,33.0
2728,none,67.0,33.0
2730,none,67.0,33.0
2732,none,67.0,33.0
2734,none,67.0,33.0
2736,none,67.0,33.0
2738,none,67.0,33.0
2740,none,67.0,33.0
2742,none,67.0,33.0
2744,none,67.0,33.0
2746,none,67.0,33.0
2748,none,67.0,33.0
2750,none,67.0,33.0
2752,B,66.7,33.3
2754,none,66.7,33.3
2756,none,66.7,33.3
2758,none,66.7,33.3
2760,none,66.7,33.3
2762,none,66.7,33.3
2764,none,66.7,33.3
2766,none,66.7,33.3
2768,none,66.7,33.3
2770,none,66.7,33.3
2772,none,66.7,33.3
2774,none,66.7,33.3
2776,none,66.7,33.3
2778,none,66.7,33.3
2780,none,66.7,33.3
2782,none,66.7,33.3
2784,none,66.7,33.3
2786,none,66.7,33.3
2788,none,66.7,33.3
2790,none,66.7,33.3
2792,none,66.7,33.3
2794,none,66.7,33.3
2796,none,66.7,33.3
2798,none,66.7,33.3
2800,none,66.7,33.3
2802,none,66.7,33.3
2804,none,66.7,33.3
2806,none,66.7,33.3
2808,none,66.7,33.3
2810,none,66.7,33.3
2812,none,66.7,33.3
2814,A,66.9,33.1
2816,none,66.9,33.1
2818,none,66.9,33.1
2820,none,66.9,33.1
2822,A,67.0,33.0
2824,A,67.2,32.8
2826,A,67.4,32.6
2828,A,67.6,32.4
2830,A,67.7,32.3
2832,A,67.9,32.1
2834,A,68.1,31.9
2836,A,68.3,31.7
2838,A,68.4,31.6
2840,A,68.6,31.4
2842,A,68.8,31.2
2844,none,68.8,31.2
2846,none,68.8,31.2
2848,none,68.8,31.2
2850,A,68.9,31.1
2852,A,69.1,30.9
2854,A,69.2,30.8
2856,A,69.4,30.6
2858,A,69.5,30.5
2860,A,69.7,30.3
2862,A,69.8,30.2
2864,A,70.0,30.0
2866,A,70.1,29.9
2868,A,70.3,29.7
2870,none,70.3,29.7
2872,none,70.3,29.7
2874,none,70.3,29.7
2876,none,70.3,29.7
2878,none,70.3,29.7
2880,none,70.3,29.7
2882,none,70.3,29.7
2884,none,70.3,29.7
2886,none,70.3,29.7
2888,A,70.4,29.6
2890,A,70.6,29.4
2892,none,70.6,29.4
2894,none,70.6,29.4
2896,A,70.7,29.3
2898,A,70.9,29.1
2900,none,70.9,29.1
2902,none,70.9,29.1
2904,none,70.9,29.1
2906,none,70.9,29.1
2908,none,70.9,29.1
2910,none,70.9,29.1
2912,none,70.9,29.1
2914,none,70.9,29.1
2916,none,70.9,29.1
2918,none,70.9,29.1
2920,none,70.9,29.1
2922,none,70.9,29.1
2924,none,70.9,29.1
2926,none,70.9,29.1
2928,none,70.9,29.1
2930,none,70.9,29.1
2932,none,70.9,29.1
2934,none,70.9,29.1
2936,none,70.9,29.1
2938,none,70.9,29.1
2940,none,70.9,29.1
2942,none,70.9,29.1
2944,none,70.9,29.1
2946,none,70.9,29.1
2948,none,70.9,29.1
2950,none,70.9,29.1
2952,none,70.9,29.1
2954,none,70.9,29.1
2956,none,70.9,29.1
2958,none,70.9,29.1
2960,none,70.9,29.1
2962,none,70.9,29.1
2964,none,70.9,29.1
2966,none,70.9,29.1
2968,none,70.9,29.1
2970,none,70.9,29.1
2972,none,70.9,29.1
2974,none,70.9,29.1
2976,none,70.9,29.1
2978,none,70.9,29.1
2980,none,70.9,29.1
2982,none,70.9,29.1
2984,none,70.9,29.1
2986,none,70.9,29.1
2988,none,70.9,29.1
2990,none,70.9,29.1
2992,none,70.9,29.1
2994,none,70.9,29.1
2996,none,70.9,29.1
2998,none,70.9,29.1
3000,none,70.9,29.1
3002,none,70.9,29.1
3004,A,71.0,29.0
3006,none,71.0,29.0
3008,none,71.0,29.0
3010,none,71.0,29.0
3012,none,71.0,29.0
3014,none,71.0,29.0
3016,B,70.7,29.3
3018,none,70.7,29.3
3020,none,70.7,29.3
3022,none,70.7,29.3
3024,none,70.7,29.3
3026,none,70.7,29.3
3028,none,70.7,29.3
3030,none,70.7,29.3
3032,none,70.7,29.3
3034,none,70.7,29.3
3036,none,70.7,29.3
3038,none,70.7,29.3
3040,none,70.7,29.3
3042,none,70.7,29.3
3044,none,70.7,29.3
3046,none,70.7,29.3
3048,none,70.7,29.3
3050,none,70.7,29.3
3052,none,70.7,29.3
3054,none,70.7,29.3
3056,none,70.7,29.3
3058,none,70.7,29.3
3060,none,70.7,29.3
3062,none,70.7,29.3
3064,none,70.7,29.3
3066,none,70.7,29.3
3068,none,70.7,29.3
3070,none,70.7,29.3
3072,none,70.7,29.3
3074,none,70.7,29.3
3076,none,70.7,29.3
3078,none,70.7,29.3
3080,none,70.7,29.3
3082,none,70.7,29.3
3084,none,70.7,29.3
3086,none,70.7,29.3
3088,none,70.7,29.3
3090,none,70.7,29.3
3092,none,70.7,29.3
3094,none,70.7,29.3
3096,none,70.7,29.3
3098,none,70.7,29.3
3100,none,70.7,29.3
3102,none,70.7,29.3
3104,none,70.7,29.3
3106,none,70.7,29.3
3108,none,70.7,29.3
3110,none,70.7,29.3
3112,none,70.7,29.3
3114,none,70.7,29.3
3116,none,70.7,29.3
3118,none,70.7,29.3
3120,none,70.7,29.3
3122,none,70.7,29.3
3124,none,70.7,29.3
3126,none,70.7,29.3
3128,none,70.7,29.3
3130,none,70.7,29.3
3132,none,70.7,29.3
3134,none,70.7,29.3
3136,none,70.7,29.3
3138,none,70.7,29.3
3140,none,70.7,29.3
3142,none,70.7,29.3
3144,none,70.7,29.3
3146,none,70.7,29.3
3148,none,70.7,29.3
3150,none,70.7,29.3
3152,none,70.7,29.3
3154,none,70.7,29.3
3156,none,70.7,29.3
3158,none,70.7,29.3
3160,none,70.7,29.3
3162,none,70.7,29.3
3164,none,70.7,29.3
3166,none,70.7,29.3
3168,none,70.7,29.3
3170,none,70.7,29.3
3172,none,70.7,29.3
3174,none,70.7,29.3
3176,none,70.7,29.3
3178,none,70.7,29.3
3180,none,70.7,29.3
3182,none,70.7,29.3
3184,none,70.7,29.3
3186,none,70.7,29.3
3188,none,70.7,29.3
3190,none,70.7,29.3
3192,none,70.7,29.3
3194,none,70.7,29.3
3196,none,70.7,29.3
3198,none,70.7,29.3
3200,none,70.7,29.3
3202,none,70.7,29.3
3204,none,70.7,29.3
3206,none,70.7,29.3
3208,none,70.7,29.3
3210,none,70.7,29.3
3212,none,70.7,29.3
3214,none,70.7,29.3
3216,none,70.7,29.3
3218,none,70.7,29.3
3220,none,70.7,29.3
3222,none,70.7,29.3
3224,none,70.7,29.3
3226,none,70.7,29.3
3228,none,70.7,29.3
3230,none,70.7,29.3
3232,none,70.7,29.3
3234,none,70.7,29.3
3236,none,70.7,29.3
3238,none,70.7,29.3
3240,none,70.7,29.3
3242,none,70.7,29.3
3244,none,70.7,29.3
3246,none,70.7,29.3
3248,none,70.7,29.3
3250,none,70.7,29.3
3252,none,70.7,29.3
3254,none,70.7,29.3
3256,none,70.7,29.3
3258,none,70.7,29.3
3260,none,70.7,29.3
3262,none,70.7,29.3
3264,none,70.7,29.3
3266,none,70.7,29.3
3268,none,70.7,29.3
3270,none,70.7,29.3
3272,none,70.7,29.3
3274,none,70.7,29.3
3276,none,70.7,29.3
3278,none,70.7,29.3
3280,none,70.7,29.3
3282,none,70.7,29.3
3284,none,70.7,29.3
3286,none,70.7,29.3
3288,none,70.7,29.3
3290,none,70.7,29.3
3292,none,70.7,29.3
3294,none,70.7,29.3
3296,none,70.7,29.3
3298,none,70.7,29.3
3300,none,70.7,29.3
3302,none,70.7,29.3
3304,none,70.7,29.3
3306,none,70.7,29.3
3308,none,70.7,29.3
3310,none,70.7,29.3
3312,none,70.7,29.3
3314,none,70.7,29.3
3316,none,70.7,29.3
3318,none,70.7,29.3
3320,none,70.7,29.3
3322,none,70.7,29.3
3324,none,70.7,29.3
3326,none,70.7,29.3
3328,none,70.7,29.3
3330,none,70.7,29.3
3332,none,70.7,29.3
3334,none,70.7,29.3
3336,none,70.7,29.3
3338,none,70.7,29.3
3340,none,70.7,29.3
3342,none,70.7,29.3
3344,none,70.7,29.3
3346,none,70.7,29.3
3348,none,70.7,29.3
3350,none,70.7,29.3
3352,none,70.7,29.3
3354,none,70.7,29.3
3356,none,70.7,29.3
3358,none,70.7,29.3
3360,none,70.7,29.3
3362,none,70.7,29.3
3364,none,70.7,29.3
3366,none,70.7,29.3
3368,none,70.7,29.3
3370,none,70.7,29.3
3372,none,70.7,29.3
3374,none,70.7,29.3
3376,none,70.7,29.3
3378,none,70.7,29.3
3380,none,70.7,29.3
3382,none,70.7,29.3
3384,none,70.7,29.3
3386,none,70.7,29.3
3388,none,70.7,29.3
3390,none,70.7,29.3
3392,none,70.7,29.3
3394,none,70.7,29.3
3396,none,70.7,29.3
3398,none,70.7,29.3
3400,none,70.7,29.3
3402,none,70.7,29.3
3404,none,70.7,29.3
3406,none,70.7,29.3
3408,none,70.7,29.3
3410,none,70.7,29.3
3412,none,70.7,29.3
3414,none,70.7,29.3
3416,none,70.7,29.3
3418,none,70.7,29.3
3420,none,70.7,29.3
3422,none,70.7,29.3
3424,none,70.7,29.3
3426,none,70.7,29.3
3428,none,70.7,29.3
3430,none,70.7,29.3
3432,none,70.7,29.3
3434,none,70.7,29.3
3436,none,70.7,29.3
3438,none,70.7,29.3
3440,none,70.7,29.3
3442,none,70.7,29.3
3444,none,70.7,29.3
3446,none,70.7,29.3
3448,none,70.7,29.3
3450,none,70.7,29.3
3452,none,70.7,29.3
3454,none,70.7,29.3
3456,none,70.7,29.3
3458,none,70.7,29.3
3460,none,70.7,29.3
3462,none,70.7,29.3
3464,none,70.7,29.3
3466,none,70.7,29.3
3468,none,70.7,29.3
3470,B,70.3,29.7
3472,B,70.0,30.0
3474,B,69.7,30.3
3476,none,69.7,30.3
3478,none,69.7,30.3
3480,none,69.7,30.3
3482,none,69.7,30.3
3484,none,69.7,30.3
3486,none,69.7,30.3
3488,none,69.7,30.3
3490,none,69.7,30.3
3492,none,69.7,30.3
3494,none,69.7,30.3
3496,none,69.7,30.3
3498,none,69.7,30.3
3500,none,69.7,30.3
3502,none,69.7,30.3
3504,none,69.7,30.3
3506,none,69.7,30.3
3508,none,69.7,30.3
3510,none,69.7,30.3
3512,none,69.7,30.3
3514,none,69.7,30.3
3516,none,69.7,30.3
3518,none,69.7,30.3
3520,none,69.7,30.3
3522,none,69.7,30.3
3524,none,69.7,30.3
3526,none,69.7,30.3
3528,none,69.7,30.3
3530,B,69.3,30.7
3532,B,69.0,31.0
3534,B,68.7,31.3
3536,none,68.7,31.3
3538,none,68.7,31.3
3540,none,68.7,31.3
3542,none,68.7,31.3
3544,none,68.7,31.3
3546,none,68.7,31.3
3548,none,68.7,31.3
3550,none,68.7,31.3
3552,none,68.7,31.3
3554,none,68.7,31.3
3556,A,68.8,31.2
3558,none,68.8,31.2
3560,none,68.8,31.2
3562,none,68.8,31.2
3564,none,68.8,31.2
3566,none,68.8,31.2
3568,none,68.8,31.2
3570,none,68.8,31.2
3572,none,68.8,31.2
3574,none,68.8,31.2
3576,none,68.8,31.2
3578,none,68.8,31.2
3580,none,68.8,31.2
3582,none,68.8,31.2
3584,none,68.8,31.2
3586,none,68.8,31.2
3588,none,68.8,31.2
3590,none,68.8,31.2
3592,none,68.8,31.2
3594,none,68.8,31.2
3596,none,68.8,31.2
3598,none,68.8,31.2
3600,none,68.8,31.2
3602,none,68.8,31.2
3604,none,68.8,31.2
3606,none,68.8,31.2
3608,none,68.8,31.2
3610,none,68.8,31.2
3612,none,68.8,31.2
3614,none,68.8,31.2
3616,none,68.8,31.2
3618,none,68.8,31.2
3620,none,68.8,31.2
3622,none,68.8,31.2
3624,none,68.8,31.2
3626,none,68.8,31.2
3628,none,68.8,31.2
3630,none,68.8,31.2
3632,none,68.8,31.2
3634,none,68.8,31.2
3636,none,68.8,31.2
3638,none,68.8,31.2
3640,none,68.8,31.2
3642,none,68.8,31.2
3644,none,68.8,31.2
3646,none,68.8,31.2
3648,none,68.8,31.2
3650,none,68.8,31.2
3652,none,68.8,31.2
3654,none,68.8,31.2
3656,none,68.8,31.2
3658,none,68.8,31.2
3660,none,68.8,31.2
3662,none,68.8,31.2
3664,none,68.8,31.2
3666,none,68.8,31.2
3668,none,68.8,31.2
3670,none,68.8,31.2
3672,none,68.8,31.2
3674,none,68.8,31.2
3676,none,68.8,31.2
3678,none,68.8,31.2
3680,none,68.8,31.2
3682,none,68.8,31.2
3684,none,68.8,31.2
3686,none,68.8,31.2
3688,none,68.8,31.2
3690,none,68.8,31.2
3692,none,68.8,31.2
3694,none,68.8,31.2
3696,none,68.8,31.2
3698,none,68.8,31.2
3700,none,68.8,31.2
3702,none,68.8,31.2
3704,none,68.8,31.2
3706,none,68.8,31.2
3708,none,68.8,31.2
3710,none,68.8,31.2
3712,none,68.8,31.2
3714,none,68.8,31.2
3716,none,68.8,31.2
3718,none,68.8,31.2
3720,none,68.8,31.2
3722,none,68.8,31.2
3724,none,68.8,31.2
3726,B,68.5,31.5
3728,none,68.5,31.5
3730,none,68.5,31.5
3732,none,68.5,31.5
3734,none,68.5,31.5
3736,none,68.5,31.5
3738,none,68.5,31.5
3740,none,68.5,31.5
3742,none,68.5,31.5
3744,none,68.5,31.5
3746,none,68.5,31.5
3748,none,68.5,31.5
3750,none,68.5,31.5
3752,none,68.5,31.5
3754,none,68.5,31.5
3756,A,68.7,31.3
3758,none,68.7,31.3
3760,none,68.7,31.3
3762,none,68.7,31.3
3764,none,68.7,31.3
3766,none,68.7,31.3
3768,none,68.7,31.3
3770,none,68.7,31.3
3772,none,68.7,31.3
3774,none,68.7,31.3
3776,none,68.7,31.3
3778,none,68.7,31.3
3780,none,68.7,31.3
3782,none,68.7,31.3
3784,none,68.7,31.3
3786,none,68.7,31.3
3788,none,68.7,31.3
3790,none,68.7,31.3
3792,none,68.7,31.3
3794,none,68.7,31.3
3796,none,68.7,31.3
3798,none,68.7,31.3
3800,none,68.7,31.3
3802,none,68.7,31.3
3804,none,68.7,31.3
3806,none,68.7,31.3
3808,none,68.7,31.3
3810,none,68.7,31.3
3812,none,68.7,31.3
3814,none,68.7,31.3
3816,none,68.7,31.3
3818,none,68.7,31.3
3820,none,68.7,31.3
3822,none,68.7,31.3
3824,none,68.7,31.3
3826,none,68.7,31.3
3828,none,68.7,31.3
3830,none,68.7,31.3
3832,none,68.7,31.3
3834,none,68.7,31.3
3836,none,68.7,31.3
3838,none,68.7,31.3
3840,none,68.7,31.3
3842,none,68.7,31.3
3844,none,68.7,31.3
3846,none,68.7,31.3
3848,none,68.7,31.3
3850,none,68.7,31.3
3852,none,68.7,31.3
3854,none,68.7,31.3
3856,none,68.7,31.3
3858,none,68.7,31.3
3860,none,68.7,31.3
3862,none,68.7,31.3
3864,none,68.7,31.3
3866,none,68.7,31.3
3868,none,68.7,31.3
3870,none,68.7,31.3
3872,none,68.7,31.3
3874,none,68.7,31.3
3876,none,68.7,31.3
3878,B,68.3,31.7
3880,none,68.3,31.7
3882,B,68.0,32.0
3884,none,68.0,32.0
3886,none,68.0,32.0
3888,none,68.0,32.0
3890,none,68.0,32.0
3892,none,68.0,32.0
3894,none,68.0,32.0
3896,none,68.0,32.0
3898,none,68.0,32.0
3900,none,68.0,32.0
3902,none,68.0,32.0
3904,none,68.0,32.0
3906,none,68.0,32.0
3908,none,68.0,32.0
3910,none,68.0,32.0
3912,none,68.0,32.0
3914,none,68.0,32.0
3916,none,68.0,32.0
3918,none,68.0,32.0
3920,none,68.0,32.0
3922,none,68.0,32.0
3924,none,68.0,32.0
3926,none,68.0,32.0
3928,none,68.0,32.0
3930,none,68.0,32.0
3932,none,68.0,32.0
3934,none,68.0,32.0
3936,none,68.0,32.0
3938,none,68.0,32.0
3940,none,68.0,32.0
3942,none,68.0,32.0
3944,none,68.0,32.0
3946,none,68.0,32.0
3948,none,68.0,32.0
3950,none,68.0,32.0
3952,none,68.0,32.0
3954,none,68.0,32.0
3956,none,68.0,32.0
3958,none,68.0,32.0
3960,none,68.0,32.0
3962,none,68.0,32.0
3964,none,68.0,32.0
3966,none,68.0,32.0
3968,none,68.0,32.0
3970,none,68.0,32.0
3972,none,68.0,32.0
3974,none,68.0,32.0
3976,none,68.0,32.0
3978,none,68.0,32.0
3980,none,68.0,32.0
3982,none,68.0,32.0
3984,none,68.0,32.0
3986,none,68.0,32.0
3988,B,67.7,32.3
3990,B,67.4,32.6
3992,none,67.4,32.6
3994,none,67.4,32.6
3996,none,67.4,32.6
3998,none,67.4,32.6
4000,none,67.4,32.6
4002,none,67.4,32.6
4004,B,67.1,32.9
4006,B,66.8,33.2
4008,A,67.0,33.0
4010,none,67.0,33.0
4012,none,67.0,33.0
4014,none,67.0,33.0
4016,A,67.1,32.9
4018,A,67.3,32.7
4020,none,67.3,32.7
4022,none,67.3,32.7
4024,none,67.3,32.7
4026,none,67.3,32.7
4028,none,67.3,32.7
4030,none,67.3,32.7
4032,none,67.3,32.7
4034,none,67.3,32.7
4036,none,67.3,32.7
4038,none,67.3,32.7
4040,none,67.3,32.7
4042,none,67.3,32.7
4044,none,67.3,32.7
4046,none,67.3,32.7
4048,none,67.3,32.7
4050,none,67.3,32.7
4052,none,67.3,32.7
4054,none,67.3,32.7
4056,none,67.3,32.7
4058,none,67.3,32.7
4060,none,67.3,32.7
4062,none,67.3,32.7
4064,none,67.3,32.7
4066,none,67.3,32.7
4068,none,67.3,32.7
4070,none,67.3,32.7
4072,none,67.3,32.7
4074,none,67.3,32.7
4076,none,67.3,32.7
4078,none,67.3,32.7
4080,none,67.3,32.7
4082,none,67.3,32.7
4084,none,67.3,32.7
4086,none,67.3,32.7
4088,none,67.3,32.7
4090,none,67.3,32.7
4092,none,67.3,32.7
4094,none,67.3,32.7
4096,none,67.3,32.7
4098,none,67.3,32.7
4100,none,67.3,32.7
4102,none,67.3,32.7
4104,none,67.3,32.7
4106,none,67.3,32.7
4108,A,67.4,32.6
4110,A,67.5,32.5
4112,A,67.7,32.3
4114,none,67.7,32.3
4116,none,67.7,32.3
4118,none,67.7,32.3
4120,none,67.7,32.3
4122,none,67.7,32.3
4124,none,67.7,32.3
4126,none,67.7,32.3
4128,none,67.7,32.3
4130,none,67.7,32.3
4132,none,67.7,32.3
4134,none,67.7,32.3
4136,none,67.7,32.3
4138,B,67.4,32.6
4140,none,67.4,32.6
4142,none,67.4,32.6
4144,A,67.5,32.5
4146,none,67.5,32.5
4148,none,67.5,32.5
4150,none,67.5,32.5
4152,none,67.5,32.5
4154,none,67.5,32.5
4156,none,67.5,32.5
4158,none,67.5,32.5
4160,B,67.2,32.8
4162,A,67.4,32.6
4164,none,67.4,32.6
4166,none,67.4,32.6
4168,none,67.4,32.6
4170,none,67.4,32.6
4172,none,67.4,32.6
4174,none,67.4,32.6
4176,none,67.4,32.6
4178,none,67.4,32.6
4180,none,67.4,32.6
4182,none,67.4,32.6
4184,none,67.4,32.6
4186,none,67.4,32.6
4188,none,67.4,32.6
4190,none,67.4,32.6
4192,none,67.4,32.6
4194,none,67.4,32.6
4196,A,67.5,32.5
4198,A,67.7,32.3
4200,A,67.8,32.2
4202,A,67.9,32.1
4204,none,67.9,32.1
4206,none,67.9,32.1
4208,none,67.9,32.1
4210,none,67.9,32.1
4212,A,68.1,31.9
4214,A,68.2,31.8
4216,A,68.3,31.7
4218,A,68.5,31.5
4220,A,68.6,31.4
4222,A,68.7,31.3
4224,A,68.9,31.1
4226,A,69.0,31.0
4228,A,69.1,30.9
4230,A,69.2,30.8
4232,A,69.4,30.6
4234,A,69.5,30.5
4236,A,69.6,30.4
4238,A,69.7,30.3
4240,A,69.8,30.2
4242,none,69.8,30.2
4244,A,70.0,30.0
4246,A,70.1,29.9
4248,A,70.2,29.8
4250,none,70.2,29.8
4252,A,70.3,29.7
4254,A,70.4,29.6
4256,none,70.4,29.6
4258,none,70.4,29.6
4260,none,70.4,29.6
4262,none,70.4,29.6
4264,none,70.4,29.6
4266,none,70.4,29.6
4268,none,70.4,29.6
4270,none,70.4,29.6
4272,none,70.4,29.6
4274,none,70.4,29.6
4276,none,70.4,29.6
4278,none,70.4,29.6
4280,none,70.4,29.6
4282,none,70.4,29.6
4284,none,70.4,29.6
4286,none,70.4,29.6
4288,none,70.4,29.6
4290,none,70.4,29.6
4292,none,70.4,29.6
4294,none,70.4,29.6
4296,none,70.4,29.6
4298,none,70.4,29.6
4300,none,70.4,29.6
4302,none,70.4,29.6
4304,none,70.4,29.6
4306,none,70.4,29.6
4308,none,70.4,29.6
4310,none,70.4,29.6
4312,none,70.4,29.6
4314,none,70.4,29.6
4316,none,70.4,29.6
4318,none,70.4,29.6
4320,none,70.4,29.6
4322,none,70.4,29.6
4324,none,70.4,29.6
4326,none,70.4,29.6
4328,none,70.4,29.6
4330,none,70.4,29.6
4332,none,70.4,29.6
4334,none,70.4,29.6
4336,none,70.4,29.6
4338,none,70.4,29.6
4340,none,70.4,29.6
4342,none,70.4,29.6
4344,none,70.4,29.6
4346,none,70.4,29.6
4348,none,70.4,29.6
4350,none,70.4,29.6
4352,none,70.4,29.6
4354,none,70.4,29.6
4356,none,70.4,29.6
4358,none,70.4,29.6
4360,none,70.4,29.6
4362,none,70.4,29.6
4364,none,70.4,29.6
4366,none,70.4,29.6
4368,none,70.4,29.6
4370,none,70.4,29.6
4372,none,70.4,29.6
4374,none,70.4,29.6
4376,none,70.4,29.6
4378,none,70.4,29.6
4380,none,70.4,29.6
4382,none,70.4,29.6
4384,none,70.4,29.6
4386,none,70.4,29.6
4388,none,70.4,29.6
4390,none,70.4,29.6
4392,none,70.4,29.6
4394,none,70.4,29.6
4396,none,70.4,29.6
4398,none,70.4,29.6
4400,none,70.4,29.6
4402,none,70.4,29.6
4404,none,70.4,29.6
4406,none,70.4,29.6
4408,none,70.4,29.6
4410,none,70.4,29.6
4412,none,70.4,29.6
4414,none,70.4,29.6
4416,none,70.4,29.6
4418,none,70.4,29.6
4420,none,70.4,29.6
4422,none,70.4,29.6
4424,none,70.4,29.6
4426,none,70.4,29.6
4428,none,70.4,29.6
4430,none,70.4,29.6
4432,none,70.4,29.6
4434,A,70.5,29.5
4436,none,70.5,29.5
4438,A,70.7,29.3
4440,A,70.8,29.2
4442,A,70.9,29.1
4444,none,70.9,29.1
4446,none,70.9,29.1
4448,none,70.9,29.1
4450,none,70.9,29.1
4452,none,70.9,29.1
4454,none,70.9,29.1
4456,none,70.9,29.1
4458,none,70.9,29.1
4460,none,70.9,29.1
4462,none,70.9,29.1
4464,none,70.9,29.1
4466,none,70.9,29.1
4468,none,70.9,29.1
4470,none,70.9,29.1
4472,none,70.9,29.1
4474,A,71.0,29.0
4476,A,71.1,28.9
4478,A,71.2,28.8
4480,none,71.2,28.8
4482,none,71.2,28.8
4484,none,71.2,28.8
4486,none,71.2,28.8
4488,none,71.2,28.8
4490,none,71.2,28.8
4492,none,71.2,28.8
4494,none,71.2,28.8
4496,none,71.2,28.8
4498,none,71.2,28.8
4500,none,71.2,28.8
4502,none,71.2,28.8
4504,none,71.2,28.8
4506,none,71.2,28.8
4508,none,71.2,28.8
4510,none,71.2,28.8
4512,none,71.2,28.8
4514,none,71.2,28.8
4516,A,71.3,28.7
4518,A,71.4,28.6
4520,none,71.4,28.6
4522,none,71.4,28.6
4524,none,71.4,28.6
4526,none,71.4,28.6
4528,none,71.4,28.6
4530,A,71.5,28.5
4532,A,71.6,28.4
4534,A,71.7,28.3
4536,A,71.9,28.1
4538,A,72.0,28.0
4540,none,72.0,28.0
4542,none,72.0,28.0
4544,none,72.0,28.0
4546,none,72.0,28.0
4548,none,72.0,28.0
4550,none,72.0,28.0
4552,none,72.0,28.0
4554,none,72.0,28.0
4556,none,72.0,28.0
4558,none,72.0,28.0
4560,none,72.0,28.0
4562,none,72.0,28.0
4564,none,72.0,28.0
4566,none,72.0,28.0
4568,none,72.0,28.0
4570,none,72.0,28.0
4572,none,72.0,28.0
4574,none,72.0,28.0
4576,none,72.0,28.0
4578,none,72.0,28.0
4580,none,72.0,28.0
4582,none,72.0,28.0
4584,none,72.0,28.0
4586,none,72.0,28.0
4588,none,72.0,28.0
4590,none,72.0,28.0
4592,none,72.0,28.0
4594,none,72.0,28.0
4596,none,72.0,28.0
4598,none,72.0,28.0
4600,none,72.0,28.0
4602,none,72.0,28.0
4604,none,72.0,28.0
4606,none,72.0,28.0
4608,none,72.0,28.0
4610,none,72.0,28.0
4612,none,72.0,28.0
4614,none,72.0,28.0
4616,none,72.0,28.0
4618,none,72.0,28.0
4620,none,72.0,28.0
4622,none,72.0,28.0
4624,none,72.0,28.0
4626,none,72.0,28.0
4628,none,72.0,28.0
4630,none,72.0,28.0
4632,none,72.0,28.0
4634,none,72.0,28.0
4636,none,72.0,28.0
4638,none,72.0,28.0
4640,none,72.0,28.0
4642,none,72.0,28.0
4644,none,72.0,28.0
4646,none,72.0,28.0
4648,none,72.0,28.0
4650,none,72.0,28.0
4652,none,72.0,28.0
4654,none,72.0,28.0
4656,none,72.0,28.0
4658,none,72.0,28.0
4660,none,72.0,28.0
4662,none,72.0,28.0
4664,none,72.0,28.0
4666,none,72.0,28.0
4668,none,72.0,28.0
4670,none,72.0,28.0
4672,none,72.0,28.0
4674,none,72.0,28.0
4676,none,72.0,28.0
4678,none,72.0,28.0
4680,none,72.0,28.0
4682,none,72.0,28.0
4684,none,72.0,28.0
4686,none,72.0,28.0
4688,none,72.0,28.0
4690,none,72.0,28.0
4692,none,72.0,28.0
4694,none,72.0,28.0
4696,none,72.0,28.0
4698,none,72.0,28.0
4700,none,72.0,28.0
4702,none,72.0,28.0
4704,none,72.0,28.0
4706,none,72.0,28.0
4708,none,72.0,28.0
4710,none,72.0,28.0
4712,none,72.0,28.0
4714,none,72.0,28.0
4716,none,72.0,28.0
4718,none,72.0,28.0
4720,none,72.0,28.0
4722,none,72.0,28.0
4724,none,72.0,28.0
4726,none,72.0,28.0
4728,none,72.0,28.0
4730,none,72.0,28.0
4732,none,72.0,28.0
4734,none,72.0,28.0
4736,none,72.0,28.0
4738,none,72.0,28.0
4740,none,72.0,28.0
4742,none,72.0,28.0
4744,none,72.0,28.0
4746,none,72.0,28.0
4748,none,72.0,28.0
4750,none,72.0,28.0
4752,none,72.0,28.0
4754,none,72.0,28.0
4756,none,72.0,28.0
4758,none,72.0,28.0
4760,none,72.0,28.0
4762,none,72.0,28.0
4764,none,72.0,28.0
4766,none,72.0,28.0
4768,none,72.0,28.0
4770,none,72.0,28.0
4772,none,72.0,28.0
4774,none,72.0,28.0
4776,none,72.0,28.0
4778,none,72.0,28.0
4780,none,72.0,28.0
4782,none,72.0,28.0
4784,none,72.0,28.0
4786,none,72.0,28.0
4788,none,72.0,28.0
4790,none,72.0,28.0
4792,none,72.0,28.0
4794,none,72.0,28.0
4796,none,72.0,28.0
4798,none,72.0,28.0
4800,none,72.0,28.0
4802,none,72.0,28.0
4804,none,72.0,28.0
4806,none,72.0,28.0
4808,none,72.0,28.0
4810,none,72.0,28.0
4812,none,72.0,28.0
4814,none,72.0,28.0
4816,none,72.0,28.0
4818,none,72.0,28.0
4820,none,72.0,28.0
4822,none,72.0,28.0
4824,none,72.0,28.0
4826,none,72.0,28.0
4828,none,72.0,28.0
4830,none,72.0,28.0
4832,none,72.0,28.0
4834,B,71.7,28.3
4836,B,71.4,28.6
4838,none,71.4,28.6
4840,none,71.4,28.6
4842,none,71.4,28.6
4844,none,71.4,28.6
4846,none,71.4,28.6
4848,none,71.4,28.6
4850,none,71.4,28.6
4852,none,71.4,28.6
4854,none,71.4,28.6
4856,none,71.4,28.6
4858,none,71.4,28.6
4860,none,71.4,28.6
4862,none,71.4,28.6
4864,none,71.4,28.6
4866,none,71.4,28.6
4868,none,71.4,28.6
4870,none,71.4,28.6
4872,none,71.4,28.6
4874,none,71.4,28.6
4876,none,71.4,28.6
4878,none,71.4,28.6
4880,none,71.4,28.6
4882,none,71.4,28.6
4884,none,71.4,28.6
4886,none,71.4,28.6
4888,none,71.4,28.6
4890,none,71.4,28.6
4892,none,71.4,28.6
4894,none,71.4,28.6
4896,none,71.4,28.6
4898,none,71.4,28.6
4900,none,71.4,28.6
4902,none,71.4,28.6
4904,none,71.4,28.6
4906,none,71.4,28.6
4908,none,71.4,28.6
4910,none,71.4,28.6
4912,none,71.4,28.6
4914,none,71.4,28.6
4916,none,71.4,28.6
4918,none,71.4,28.6
4920,none,71.4,28.6
4922,none,71.4,28.6
4924,none,71.4,28.6
4926,none,71.4,28.6
4928,none,71.4,28.6
4930,none,71.4,28.6
4932,none,71.4,28.6
4934,none,71.4,28.6
4936,none,71.4,28.6
4938,none,71.4,28.6
4940,none,71.4,28.6
4942,none,71.4,28.6
4944,none,71.4,28.6
4946,none,71.4,28.6
4948,none,71.4,28.6
4950,none,71.4,28.6
4952,none,71.4,28.6
4954,none,71.4,28.6
4956,none,71.4,28.6
4958,none,71.4,28.6
4960,none,71.4,28.6
4962,none,71.4,28.6
4964,none,71.4,28.6
4966,none,71.4,28.6
4968,none,71.4,28.6
4970,none,71.4,28.6
4972,none,71.4,28.6
4974,none,71.4,28.6
4976,none,71.4,28.6
4978,none,71.4,28.6
4980,none,71.4,28.6
4982,none,71.4,28.6
4984,none,71.4,28.6
4986,none,71.4,28.6
4988,none,71.4,28.6
4990,none,71.4,28.6
4992,none,71.4,28.6
4994,none,71.4,28.6
4996,none,71.4,28.6
4998,none,71.4,28.6
5000,none,71.4,28.6
5002,none,71.4,28.6
5004,none,71.4,28.6
5006,none,71.4,28.6
5008,none,71.4,28.6
5010,none,71.4,28.6
5012,none,71.4,28.6
5014,none,71.4,28.6
5016,none,71.4,28.6
5018,none,71.4,28.6
5020,none,71.4,28.6
5022,none,71.4,28.6
5024,none,71.4,28.6
5026,none,71.4,28.6
5028,none,71.4,28.6
5030,none,71.4,28.6
5032,none,71.4,28.6
5034,none,71.4,28.6
5036,none,71.4,28.6
5038,none,71.4,28.6
5040,none,71.4,28.6
5042,none,71.4,28.6
5044,none,71.4,28.6
5046,none,71.4,28.6
5048,none,71.4,28.6
5050,none,71.4,28.6
5052,none,71.4,28.6
5054,none,71.4,28.6
5056,none,71.4,28.6
5058,none,71.4,28.6
5060,none,71.4,28.6
5062,none,71.4,28.6
5064,none,71.4,28.6
5066,none,71.4,28.6
5068,none,71.4,28.6
5070,none,71.4,28.6
5072,none,71.4,28.6
5074,none,71.4,28.6
5076,none,71.4,28.6
5078,none,71.4,28.6
5080,none,71.4,28.6
5082,none,71.4,28.6
5084,none,71.4,28.6
5086,none,71.4,28.6
5088,none,71.4,28.6
5090,none,71.4,28.6
5092,none,71.4,28.6
5094,none,71.4,28.6
5096,none,71.4,28.6
5098,none,71.4,28.6
5100,none,71.4,28.6
5102,none,71.4,28.6
5104,none,71.4,28.6
5106,none,71.4,28.6
5108,none,71.4,28.6
5110,none,71.4,28.6
5112,none,71.4,28.6
5114,none,71.4,28.6
5116,none,71.4,28.6
5118,none,71.4,28.6
5120,none,71.4,28.6
5122,none,71.4,28.6
5124,none,71.4,28.6
5126,none,71.4,28.6
5128,none,71.4,28.6
5130,none,71.4,28.6
5132,none,71.4,28.6
5134,none,71.4,28.6
5136,none,71.4,28.6
5138,none,71.4,28.6
5140,none,71.4,28.6
5142,none,71.4,28.6
5144,none,71.4,28.6
5146,none,71.4,28.6
5148,none,71.4,28.6
5150,none,71.4,28.6
5152,none,71.4,28.6
5154,none,71.4,28.6
5156,none,71.4,28.6
5158,none,71.4,28.6
5160,none,71.4,28.6
5162,none,71.4,28.6
5164,none,71.4,28.6
5166,none,71.4,28.6
5168,none,71.4,28.6
5170,none,71.4,28.6
5172,none,71.4,28.6
5174,none,71.4,28.6
5176,none,71.4,28.6
5178,none,71.4,28.6
5180,none,71.4,28.6
5182,none,71.4,28.6
5184,B,71.2,28.8
5186,none,71.2,28.8
5188,none,71.2,28.8
5190,none,71.2,28.8
5192,none,71.2,28.8
5194,none,71.2,28.8
5196,none,71.2,28.8
5198,none,71.2,28.8
5200,none,71.2,28.8
5202,B,70.9,29.1
5204,none,70.9,29.1
5206,none,70.9,29.1
5208,none,70.9,29.1
5210,none,70.9,29.1
5212,none,70.9,29.1
5214,none,70.9,29.1
5216,A,71.0,29.0
5218,A,71.1,28.9
5220,none,71.1,28.9
5222,A,71.2,28.8
5224,none,71.2,28.8
5226,none,71.2,28.8
5228,none,71.2,28.8
5230,none,71.2,28.8
5232,none,71.2,28.8
5234,none,71.2,28.8
5236,none,71.2,28.8
5238,none,71.2,28.8
5240,none,71.2,28.8
5242,none,71.2,28.8
5244,none,71.2,28.8
5246,none,71.2,28.8
5248,none,71.2,28.8
5250,A,71.3,28.7
5252,A,71.4,28.6
5254,A,71.5,28.5
5256,A,71.6,28.4
5258,none,71.6,28.4
5260,none,71.6,28.4
5262,A,71.7,28.3
5264,none,71.7,28.3
5266,none,71.7,28.3
5268,A,71.8,28.2
5270,none,71.8,28.2
5272,none,71.8,28.2
5274,none,71.8,28.2
5276,none,71.8,28.2
5278,none,71.8,28.2
5280,none,71.8,28.2
5282,none,71.8,28.2
5284,none,71.8,28.2
5286,none,71.8,28.2
5288,none,71.8,28.2
5290,none,71.8,28.2
5292,none,71.8,28.2
5294,none,71.8,28.2
5296,none,71.8,28.2
5298,none,71.8,28.2
5300,none,71.8,28.2
5302,none,71.8,28.2
5304,none,71.8,28.2
5306,none,71.8,28.2
5308,none,71.8,28.2
5310,none,71.8,28.2
5312,none,71.8,28.2
5314,none,71.8,28.2
5316,none,71.8,28.2
5318,none,71.8,28.2
5320,none,71.8,28.2
5322,none,71.8,28.2
5324,none,71.8,28.2
5326,none,71.8,28.2
5328,none,71.8,28.2
5330,none,71.8,28.2
5332,none,71.8,28.2
5334,none,71.8,28.2
5336,none,71.8,28.2
5338,none,71.8,28.2
5340,none,71.8,28.2
5342,none,71.8,28.2
5344,none,71.8,28.2
5346,none,71.8,28.2
5348,none,71.8,28.2
5350,none,71.8,28.2
5352,none,71.8,28.2
5354,none,71.8,28.2
5356,none,71.8,28.2
5358,none,71.8,28.2
5360,none,71.8,28.2
5362,none,71.8,28.2
5364,none,71.8,28.2
5366,none,71.8,28.2
5368,none,71.8,28.2
5370,none,71.8,28.2
5372,none,71.8,28.2
5374,none,71.8,28.2
5376,none,71.8,28.2
5378,none,71.8,28.2
5380,none,71.8,28.2
5382,none,71.8,28.2
5384,none,71.8,28.2
5386,none,71.8,28.2
5388,none,71.8,28.2
5390,none,71.8,28.2
5392,none,71.8,28.2
5394,none,71.8,28.2
5396,none,71.8,28.2
5398,none,71.8,28.2
5400,none,71.8,28.2
5402,none,71.8,28.2
5404,none,71.8,28.2
5406,none,71.8,28.2
5408,none,71.8,28.2
5410,none,71.8,28.2
5412,none,71.8,28.2
5414,none,71.8,28.2
5416,A,71.9,28.1
5418,none,71.9,28.1
5420,A,72.0,28.0
5422,none,72.0,28.0
5424,none,72.0,28.0
5426,none,72.0,28.0
5428,none,72.0,28.0
5430,B,71.8,28.2
5432,none,71.8,28.2
5434,none,71.8,28.2
5436,none,71.8,28.2
5438,none,71.8,28.2
5440,none,71.8,28.2
5442,none,71.8,28.2
5444,B,71.5,28.5
5446,none,71.5,28.5
5448,none,71.5,28.5
5450,none,71.5,28.5
5452,none,71.5,28.5
5454,none,71.5,28.5
5456,none,71.5,28.5
5458,none,71.5,28.5
5460,none,71.5,28.5
5462,none,71.5,28.5
5464,none,71.5,28.5
5466,none,71.5,28.5
5468,none,71.5,28.5
5470,none,71.5,28.5
5472,none,71.5,28.5
5474,none,71.5,28.5
5476,none,71.5,28.5
5478,none,71.5,28.5
5480,none,71.5,28.5
5482,none,71.5,28.5
5484,none,71.5,28.5
5486,none,71.5,28.5
5488,none,71.5,28.5
5490,none,71.5,28.5
5492,none,71.5,28.5
5494,none,71.5,28.5
5496,none,71.5,28.5
5498,none,71.5,28.5
5500,none,71.5,28.5
5502,none,71.5,28.5
5504,none,71.5,28.5
5506,none,71.5,28.5
5508,none,71.5,28.5
5510,none,71.5,28.5
5512,none,71.5,28.5
5514,none,71.5,28.5
5516,none,71.5,28.5
5518,none,71.5,28.5
5520,none,71.5,28.5
5522,none,71.5,28.5
5524,none,71.5,28.5
5526,none,71.5,28.5
5528,none,71.5,28.5
5530,none,71.5,28.5
5532,none,71.5,28.5
5534,none,71.5,28.5
5536,none,71.5,28.5
5538,none,71.5,28.5
5540,none,71.5,28.5
5542,none,71.5,28.5
5544,none,71.5,28.5
5546,none,71.5,28.5
5548,none,71.5,28.5
5550,none,71.5,28.5
5552,none,71.5,28.5
5554,none,71.5,28.5
5556,none,71.5,28.5
5558,none,71.5,28.5
5560,none,71.5,28.5
5562,none,71.5,28.5
5564,none,71.5,28.5
5566,none,71.5,28.5
5568,none,71.5,28.5
5570,none,71.5,28.5
5572,none,71.5,28.5
5574,none,71.5,28.5
5576,none,71.5,28.5
5578,none,71.5,28.5
5580,none,71.5,28.5
5582,none,71.5,28.5
5584,none,71.5,28.5
5586,none,71.5,28.5
5588,none,71.5,28.5
5590,none,71.5,28.5
5592,none,71.5,28.5
5594,none,71.5,28.5
5596,none,71.5,28.5
5598,none,71.5,28.5
5600,none,71.5,28.5
5602,none,71.5,28.5
5604,none,71.5,28.5
5606,none,71.5,28.5
5608,none,71.5,28.5
5610,none,71.5,28.5
5612,none,71.5,28.5
5614,none,71.5,28.5
5616,none,71.5,28.5
5618,none,71.5,28.5
5620,none,71.5,28.5
5622,none,71.5,28.5
5624,none,71.5,28.5
5626,none,71.5,28.5
5628,none,71.5,28.5
5630,none,71.5,28.5
5632,none,71.5,28.5
5634,none,71.5,28.5
5636,none,71.5,28.5
5638,none,71.5,28.5
5640,none,71.5,28.5
5642,none,71.5,28.5
5644,none,71.5,28.5
5646,none,71.5,28.5
5648,none,71.5,28.5
5650,none,71.5,28.5
5652,none,71.5,28.5
5654,none,71.5,28.5
5656,none,71.5,28.5
5658,none,71.5,28.5
5660,none,71.5,28.5
5662,none,71.5,28.5
5664,none,71.5,28.5
5666,none,71.5,28.5
5668,none,71.5,28.5
5670,none,71.5,28.5
5672,none,71.5,28.5
5674,none,71.5,28.5
5676,none,71.5,28.5
5678,none,71.5,28.5
5680,A,71.6,28.4
5682,none,71.6,28.4
5684,A,71.7,28.3
5686,A,71.8,28.2
5688,A,71.9,28.1
5690,none,71.9,28.1
5692,A,72.0,28.0
5694,A,72.1,27.9
5696,A,72.2,27.8
5698,A,72.3,27.7
5700,A,72.4,27.6
5702,A,72.5,27.5
5704,A,72.6,27.4
5706,A,72.7,27.3
5708,A,72.8,27.2
5710,A,72.8,27.2
5712,A,72.9,27.1
5714,A,73.0,27.0
5716,none,73.0,27.0
5718,A,73.1,26.9
5720,none,73.1,26.9
5722,A,73.2,26.8
5724,A,73.3,26.7
5726,A,73.4,26.6
5728,none,73.4,26.6
5730,A,73.5,26.5
5732,A,73.5,26.5
5734,A,73.6,26.4
5736,none,73.6,26.4
5738,none,73.6,26.4
5740,none,73.6,26.4
5742,none,73.6,26.4
5744,none,73.6,26.4
5746,none,73.6,26.4
5748,none,73.6,26.4
5750,none,73.6,26.4
5752,none,73.6,26.4
5754,none,73.6,26.4
5756,none,73.6,26.4
5758,B,73.4,26.6
5760,B,73.2,26.8
5762,none,73.2,26.8
5764,none,73.2,26.8
5766,B,72.9,27.1
5768,none,72.9,27.1
5770,none,72.9,27.1
5772,none,72.9,27.1
5774,B,72.7,27.3
5776,none,72.7,27.3
5778,A,72.8,27.2
5780,none,72.8,27.2
5782,none,72.8,27.2
5784,B,72.6,27.4
5786,B,72.3,27.7
5788,none,72.3,27.7
5790,none,72.3,27.7
5792,none,72.3,27.7
5794,none,72.3,27.7
5796,none,72.3,27.7
5798,none,72.3,27.7
5800,none,72.3,27.7
5802,B,72.1,27.9
5804,B,71.9,28.1
5806,B,71.7,28.3
5808,none,71.7,28.3
5810,B,71.4,28.6
5812,B,71.2,28.8
5814,B,71.0,29.0
5816,B,70.8,29.2
5818,B,70.6,29.4
5820,B,70.3,29.7
5822,A,70.4,29.6
5824,A,70.5,29.5
5826,A,70.6,29.4
5828,A,70.7,29.3
5830,A,70.8,29.2
5832,A,70.9,29.1
5834,A,71.0,29.0
5836,B,70.7,29.3
5838,B,70.5,29.5
5840,B,70.3,29.7
5842,B,70.1,29.9
5844,B,69.9,30.1
5846,B,69.7,30.3
5848,B,69.5,30.5
5850,B,69.3,30.7
5852,B,69.1,30.9
5854,none,69.1,30.9
5856,none,69.1,30.9
5858,none,69.1,30.9
5860,none,69.1,30.9
5862,none,69.1,30.9
5864,none,69.1,30.9
5866,none,69.1,30.9
5868,none,69.1,30.9
5870,A,69.2,30.8
5872,none,69.2,30.8
5874,B,69.0,31.0
5876,none,69.0,31.0
5878,none,69.0,31.0
5880,A,69.1,30.9
5882,A,69.2,30.8
5884,A,69.3,30.7
5886,B,69.1,30.9
5888,A,69.1,30.9
5890,B,68.9,31.1
5892,A,69.0,31.0
5894,B,68.8,31.2
5896,B,68.6,31.4
5898,B,68.5,31.5
5900,none,68.5,31.5
5902,none,68.5,31.5
5904,B,68.3,31.7
5906,A,68.3,31.7
5908,A,68.4,31.6
5910,A,68.5,31.5
5912,none,68.5,31.5
5914,none,68.5,31.5
5916,none,68.5,31.5
5918,none,68.5,31.5
5920,none,68.5,31.5
5922,none,68.5,31.5
5924,none,68.5,31.5
5926,none,68.5,31.5
5928,none,68.5,31.5
5930,none,68.5,31.5
5932,none,68.5,31.5
5934,none,68.5,31.5
5936,none,68.5,31.5
5938,none,68.5,31.5
5940,none,68.5,31.5
5942,none,68.5,31.5
5944,none,68.5,31.5
5946,none,68.5,31.5
5948,none,68.5,31.5
5950,none,68.5,31.5
5952,none,68.5,31.5
5954,none,68.5,31.5
5956,none,68.5,31.5
5958,none,68.5,31.5
5960,none,68.5,31.5
5962,none,68.5,31.5
5964,B,68.3,31.7
5966,none,68.3,31.7
5968,B,68.1,31.9
5970,B,68.0,32.0
5972,none,68.0,32.0
5974,none,68.0,32.0
5976,none,68.0,32.0
5978,B,67.8,32.2
5980,B,67.6,32.4
5982,B,67.4,32.6
5984,B,67.2,32.8
5986,B,67.0,33.0
5988,B,66.8,33.2
5990,none,66.8,33.2
5992,B,66.7,33.3
5994,B,66.5,33.5
5996,B,66.3,33.7
5998,B,66.1,33.9
6000,B,66.0,34.0
6002,B,65.8,34.2
6004,B,65.6,34.4
6006,B,65.4,34.6
6008,B,65.3,34.7
6010,B,65.1,34.9
6012,B,64.9,35.1
6014,A,65.0,35.0
6016,B,64.8,35.2
6018,B,64.7,35.3
6020,B,64.5,35.5
6022,B,64.3,35.7
6024,none,64.3,35.7
6026,none,64.3,35.7
6028,none,64.3,35.7
6030,none,64.3,35.7
6032,none,64.3,35.7
6034,none,64.3,35.7
6036,none,64.3,35.7
6038,none,64.3,35.7
6040,none,64.3,35.7
6042,none,64.3,35.7
6044,none,64.3,35.7
6046,none,64.3,35.7
6048,none,64.3,35.7
6050,none,64.3,35.7
6052,none,64.3,35.7
6054,none,64.3,35.7
6056,none,64.3,35.7
6058,none,64.3,35.7
6060,none,64.3,35.7
6062,none,64.3,35.7
6064,none,64.3,35.7
6066,none,64.3,35.7
6068,none,64.3,35.7
6070,none,64.3,35.7
6072,none,64.3,35.7
6074,none,64.3,35.7
6076,none,64.3,35.7
6078,none,64.3,35.7
6080,none,64.3,35.7
6082,none,64.3,35.7
6084,none,64.3,35.7
6086,none,64.3,35.7
6088,none,64.3,35.7
6090,none,64.3,35.7
6092,none,64.3,35.7
6094,none,64.3,35.7
6096,B,64.2,35.8
6098,B,64.0,36.0
6100,B,63.8,36.2
6102,B,63.7,36.3
6104,B,63.5,36.5
6106,B,63.3,36.7
6108,B,63.2,36.8
6110,B,63.0,37.0
6112,B,62.8,37.2
6114,none,62.8,37.2
6116,none,62.8,37.2
6118,B,62.7,37.3
6120,none,62.7,37.3
6122,none,62.7,37.3
6124,none,62.7,37.3
6126,none,62.7,37.3
6128,none,62.7,37.3
6130,none,62.7,37.3
6132,B,62.5,37.5
6134,none,62.5,37.5
6136,B,62.4,37.6
6138,none,62.4,37.6
6140,none,62.4,37.6
6142,none,62.4,37.6
6144,none,62.4,37.6
6146,none,62.4,37.6
6148,none,62.4,37.6
6150,none,62.4,37.6
6152,none,62.4,37.6
6154,none,62.4,37.6
6156,none,62.4,37.6
6158,none,62.4,37.6
6160,none,62.4,37.6
6162,none,62.4,37.6
6164,none,62.4,37.6
6166,none,62.4,37.6
6168,none,62.4,37.6
6170,none,62.4,37.6
6172,none,62.4,37.6
6174,none,62.4,37.6
6176,none,62.4,37.6
6178,none,62.4,37.6
6180,none,62.4,37.6
6182,none,62.4,37.6
6184,none,62.4,37.6
6186,none,62.4,37.6
6188,none,62.4,37.6
6190,none,62.4,37.6
6192,none,62.4,37.6
6194,none,62.4,37.6
6196,none,62.4,37.6
6198,none,62.4,37.6
6200,none,62.4,37.6
6202,none,62.4,37.6
6204,none,62.4,37.6
6206,none,62.4,37.6
6208,none,62.4,37.6
6210,none,62.4,37.6
6212,none,62.4,37.6
6214,none,62.4,37.6
6216,none,62.4,37.6
6218,none,62.4,37.6
6220,none,62.4,37.6
6222,none,62.4,37.6
6224,none,62.4,37.6
6226,none,62.4,37.6
6228,none,62.4,37.6
6230,none,62.4,37.6
6232,none,62.4,37.6
6234,none,62.4,37.6
6236,none,62.4,37.6
6238,none,62.4,37.6
6240,none,62.4,37.6
6242,none,62.4,37.6
6244,none,62.4,37.6
6246,none,62.4,37.6
6248,none,62.4,37.6
6250,none,62.4,37.6
6252,none,62.4,37.6
6254,none,62.4,37.6
6256,none,62.4,37.6
6258,none,62.4,37.6
6260,none,62.4,37.6
6262,none,62.4,37.6
6264,none,62.4,37.6
6266,none,62.4,37.6
6268,none,62.4,37.6
6270,none,62.4,37.6
6272,none,62.4,37.6
6274,none,62.4,37.6
6276,none,62.4,37.6
6278,A,62.5,37.5
6280,A,62.6,37.4
6282,A,62.7,37.3
6284,A,62.7,37.2
6286,A,62.8,37.2
6288,A,62.9,37.1
6290,A,63.0,37.0
6292,A,63.1,36.9
6294,A,63.2,36.8
6296,A,63.3,36.7
6298,A,63.4,36.6
6300,A,63.5,36.5
6302,A,63.6,36.4
6304,A,63.7,36.3
6306,A,63.7,36.3
6308,A,63.8,36.2
6310,A,63.9,36.1
6312,A,64.0,36.0
6314,A,64.1,35.9
6316,A,64.2,35.8
6318,A,64.3,35.7
6320,A,64.4,35.6
6322,A,64.4,35.6
6324,A,64.5,35.5
6326,A,64.6,35.4
6328,A,64.7,35.3
6330,A,64.8,35.2
6332,A,64.9,35.1
6334,A,64.9,35.1
6336,A,65.0,35.0
6338,A,65.1,34.9
6340,A,65.2,34.8
6342,A,65.3,34.7
6344,A,65.3,34.7
6346,A,65.4,34.6
6348,A,65.5,34.5
6350,A,65.6,34.4
6352,A,65.7,34.3
6354,B,65.5,34.5
6356,B,65.4,34.6
6358,none,65.4,34.6
6360,none,65.4,34.6
6362,none,65.4,34.6
6364,none,65.4,34.6
6366,none,65.4,34.6
6368,none,65.4,34.6
6370,none,65.4,34.6
6372,none,65.4,34.6
6374,none,65.4,34.6
6376,none,65.4,34.6
6378,none,65.4,34.6
6380,none,65.4,34.6
6382,none,65.4,34.6
6384,none,65.4,34.6
6386,none,65.4,34.6
6388,none,65.4,34.6
6390,none,65.4,34.6
6392,none,65.4,34.6
6394,none,65.4,34.6
6396,A,65.4,34.6
6398,A,65.5,34.5
6400,A,65.6,34.4
6402,none,65.6,34.4
6404,none,65.6,34.4
6406,none,65.6,34.4
6408,none,65.6,34.4
6410,none,65.6,34.4
6412,none,65.6,34.4
6414,none,65.6,34.4
6416,none,65.6,34.4
6418,none,65.6,34.4
6420,none,65.6,34.4
6422,none,65.6,34.4
6424,none,65.6,34.4
6426,none,65.6,34.4
6428,none,65.6,34.4
6430,A,65.7,34.3
6432,B,65.5,34.5
6434,A,65.6,34.4
6436,A,65.7,34.3
6438,A,65.8,34.2
6440,A,65.8,34.2
6442,A,65.9,34.1
6444,A,66.0,34.0
6446,A,66.1,33.9
6448,A,66.1,33.9
6450,none,66.1,33.9
6452,none,66.1,33.9
6454,none,66.1,33.9
6456,none,66.1,33.9
6458,none,66.1,33.9
6460,none,66.1,33.9
6462,none,66.1,33.9
6464,none,66.1,33.9
6466,none,66.1,33.9
6468,none,66.1,33.9
6470,none,66.1,33.9
6472,none,66.1,33.9
6474,none,66.1,33.9
6476,none,66.1,33.9
6478,none,66.1,33.9
6480,none,66.1,33.9
6482,none,66.1,33.9
6484,none,66.1,33.9
6486,none,66.1,33.9
6488,none,66.1,33.9
6490,none,66.1,33.9
6492,none,66.1,33.9
6494,none,66.1,33.9
6496,none,66.1,33.9
6498,none,66.1,33.9
6500,none,66.1,33.9
6502,none,66.1,33.9
6504,none,66.1,33.9
6506,none,66.1,33.9
6508,none,66.1,33.9
6510,none,66.1,33.9
6512,none,66.1,33.9
6514,none,66.1,33.9
6516,none,66.1,33.9
6518,none,66.1,33.9
6520,none,66.1,33.9
6522,none,66.1,33.9
6524,none,66.1,33.9
6526,none,66.1,33.9
6528,none,66.1,33.9
6530,none,66.1,33.9
6532,none,66.1,33.9
6534,none,66.1,33.9
6536,none,66.1,33.9
6538,none,66.1,33.9
6540,none,66.1,33.9
6542,none,66.1,33.9
6544,none,66.1,33.9
6546,none,66.1,33.9
6548,none,66.1,33.9
6550,none,66.1,33.9
6552,none,66.1,33.9
6554,none,66.1,33.9
6556,none,66.1,33.9
6558,none,66.1,33.9
6560,none,66.1,33.9
6562,none,66.1,33.9
6564,none,66.1,33.9
6566,none,66.1,33.9
6568,none,66.1,33.9
6570,none,66.1,33.9
6572,none,66.1,33.9
6574,none,66.1,33.9
6576,none,66.1,33.9
6578,A,66.2,33.8
6580,none,66.2,33.8
6582,none,66.2,33.8
6584,none,66.2,33.8
6586,none,66.2,33.8
6588,none,66.2,33.8
6590,none,66.2,33.8
6592,none,66.2,33.8
6594,none,66.2,33.8
6596,none,66.2,33.8
6598,none,66.2,33.8
6600,none,66.2,33.8
6602,none,66.2,33.8
6604,none,66.2,33.8
6606,none,66.2,33.8
6608,none,66.2,33.8
6610,none,66.2,33.8
6612,none,66.2,33.8
6614,none,66.2,33.8
6616,none,66.2,33.8
6618,none,66.2,33.8
6620,none,66.2,33.8
6622,none,66.2,33.8
6624,B,66.1,33.9
6626,none,66.1,33.9
6628,none,66.1,33.9
6630,none,66.1,33.9
6632,none,66.1,33.9
6634,none,66.1,33.9
6636,none,66.1,33.9
6638,none,66.1,33.9
6640,none,66.1,33.9
6642,none,66.1,33.9
6644,none,66.1,33.9
6646,none,66.1,33.9
6648,none,66.1,33.9
6650,none,66.1,33.9
6652,none,66.1,33.9
6654,none,66.1,33.9
6656,none,66.1,33.9
6658,none,66.1,33.9
6660,none,66.1,33.9
6662,none,66.1,33.9
6664,B,65.9,34.1
6666,B,65.8,34.2
6668,B,65.6,34.4
6670,B,65.5,34.5
6672,B,65.4,34.6
6674,none,65.4,34.6
6676,none,65.4,34.6
6678,none,65.4,34.6
6680,B,65.2,34.8
6682,B,65.1,34.9
6684,B,64.9,35.1
6686,B,64.8,35.2
6688,B,64.6,35.4
6690,B,64.5,35.5
6692,B,64.4,35.6
6694,B,64.2,35.8
6696,B,64.1,35.9
6698,none,64.1,35.9
6700,B,63.9,36.1
6702,none,63.9,36.1
6704,none,63.9,36.1
6706,none,63.9,36.1
6708,none,63.9,36.1
6710,B,63.8,36.2
6712,none,63.8,36.2
6714,none,63.8,36.2
6716,none,63.8,36.2
6718,none,63.8,36.2
6720,B,63.7,36.3
6722,none,63.7,36.3
6724,B,63.5,36.5
6726,B,63.4,36.6
6728,B,63.3,36.7
6730,B,63.1,36.9
6732,B,63.0,37.0
6734,B,62.9,37.1
6736,B,62.7,37.3
6738,B,62.6,37.4
6740,B,62.5,37.5
6742,none,62.5,37.5
6744,B,62.3,37.7
6746,none,62.3,37.7
6748,none,62.3,37.7
6750,B,62.2,37.8
6752,none,62.2,37.8
6754,A,62.3,37.7
6756,none,62.3,37.7
6758,A,62.4,37.6
6760,A,62.4,37.6
6762,none,62.4,37.6
6764,B,62.3,37.7
6766,none,62.3,37.7
6768,none,62.3,37.7
6770,none,62.3,37.7
6772,none,62.3,37.7
6774,none,62.3,37.7
6776,none,62.3,37.7
6778,none,62.3,37.7
6780,none,62.3,37.7
6782,none,62.3,37.7
6784,none,62.3,37.7
6786,none,62.3,37.7
6788,none,62.3,37.7
6790,none,62.3,37.7
6792,none,62.3,37.7
6794,none,62.3,37.7
6796,none,62.3,37.7
6798,none,62.3,37.7
6800,none,62.3,37.7
6802,A,62.4,37.6
6804,A,62.5,37.5
6806,none,62.5,37.5
6808,none,62.5,37.5
6810,none,62.5,37.5
6812,none,62.5,37.5
6814,none,62.5,37.5
6816,none,62.5,37.5
6818,none,62.5,37.5
6820,B,62.3,37.7
6822,none,62.3,37.7
6824,none,62.3,37.7
6826,none,62.3,37.7
6828,none,62.3,37.7
6830,none,62.3,37.7
6832,none,62.3,37.7
6834,none,62.3,37.7
6836,A,62.4,37.6
6838,A,62.5,37.5
6840,none,62.5,37.5
6842,none,62.5,37.5
6844,none,62.5,37.5
6846,none,62.5,37.5
6848,none,62.5,37.5
6850,none,62.5,37.5
6852,none,62.5,37.5
6854,none,62.5,37.5
6856,none,62.5,37.5
6858,none,62.5,37.5
6860,none,62.5,37.5
6862,none,62.5,37.5
6864,none,62.5,37.5
6866,none,62.5,37.5
6868,none,62.5,37.5
6870,none,62.5,37.5
6872,none,62.5,37.5
6874,none,62.5,37.5
6876,none,62.5,37.5
6878,none,62.5,37.5
6880,none,62.5,37.5
6882,none,62.5,37.5
6884,none,62.5,37.5
6886,none,62.5,37.5
6888,none,62.5,37.5
6890,none,62.5,37.5
6892,none,62.5,37.5
6894,none,62.5,37.5
6896,none,62.5,37.5
6898,A,62.6,37.4
6900,A,62.7,37.3
6902,A,62.7,37.3
6904,A,62.8,37.2
6906,A,62.9,37.1
6908,A,63.0,37.0
6910,A,63.0,37.0
6912,A,63.1,36.9
6914,none,63.1,36.9
6916,none,63.1,36.9
6918,none,63.1,36.9
6920,A,63.2,36.8
6922,A,63.3,36.7
6924,A,63.3,36.7
6926,A,63.4,36.6
6928,none,63.4,36.6
6930,A,63.5,36.5
6932,none,63.5,36.5
6934,none,63.5,36.5
6936,none,63.5,36.5
6938,none,63.5,36.5
6940,none,63.5,36.5
6942,none,63.5,36.5
6944,none,63.5,36.5
6946,none,63.5,36.5
6948,A,63.5,36.5
6950,A,63.6,36.4
6952,none,63.6,36.4
6954,none,63.6,36.4
6956,none,63.6,36.4
6958,A,63.7,36.3
6960,A,63.8,36.2
6962,A,63.8,36.2
6964,A,63.9,36.1
6966,A,64.0,36.0
6968,A,64.0,36.0
6970,A,64.1,35.9
6972,A,64.2,35.8
6974,A,64.3,35.7
6976,A,64.3,35.7
6978,A,64.4,35.6
6980,none,64.4,35.6
6982,none,64.4,35.6
6984,none,64.4,35.6
6986,none,64.4,35.6
6988,none,64.4,35.6
6990,A,64.5,35.5
6992,A,64.5,35.5
6994,A,64.6,35.4
6996,A,64.7,35.3
6998,none,64.7,35.3
7000,none,64.7,35.3
7002,none,64.7,35.3
7004,none,64.7,35.3
7006,none,64.7,35.3
7008,none,64.7,35.3
7010,none,64.7,35.3
7012,none,64.7,35.3
7014,none,64.7,35.3
7016,none,64.7,35.3
7018,none,64.7,35.3
7020,none,64.7,35.3
7022,none,64.7,35.3
7024,none,64.7,35.3
7026,none,64.7,35.3
7028,none,64.7,35.3
7030,none,64.7,35.3
7032,none,64.7,35.3
7034,A,64.7,35.3
7036,A,64.8,35.2
7038,none,64.8,35.2
7040,none,64.8,35.2
7042,none,64.8,35.2
7044,none,64.8,35.2
7046,none,64.8,35.2
7048,none,64.8,35.2
7050,none,64.8,35.2
7052,A,64.9,35.1
7054,A,64.9,35.1
7056,A,65.0,35.0
7058,A,65.1,34.9
7060,none,65.1,34.9
7062,none,65.1,34.9
7064,none,65.1,34.9
7066,none,65.1,34.9
7068,B,65.0,35.0
7070,B,64.8,35.2
7072,none,64.8,35.2
7074,B,64.7,35.3
7076,none,64.7,35.3
7078,none,64.7,35.3
7080,none,64.7,35.3
7082,none,64.7,35.3
7084,none,64.7,35.3
7086,none,64.7,35.3
7088,none,64.7,35.3
7090,none,64.7,35.3
7092,A,64.8,35.2
7094,B,64.7,35.3
7096,none,64.7,35.3
7098,none,64.7,35.3
7100,none,64.7,35.3
7102,none,64.7,35.3
7104,none,64.7,35.3
7106,B,64.5,35.5
7108,B,64.4,35.6
7110,B,64.3,35.7
7112,B,64.2,35.8
7114,none,64.2,35.8
7116,none,64.2,35.8
7118,none,64.2,35.8
7120,none,64.2,35.8
7122,none,64.2,35.8
7124,none,64.2,35.8
7126,none,64.2,35.8
7128,none,64.2,35.8
7130,none,64.2,35.8
7132,B,64.0,36.0
7134,none,64.0,36.0
7136,B,63.9,36.1
7138,B,63.8,36.2
7140,none,63.8,36.2
7142,none,63.8,36.2
7144,none,63.8,36.2
7146,none,63.8,36.2
7148,none,63.8,36.2
7150,none,63.8,36.2
7152,none,63.8,36.2
7154,none,63.8,36.2
7156,B,63.7,36.3
7158,B,63.6,36.4
7160,B,63.5,36.5
7162,none,63.5,36.5
7164,none,63.5,36.5
7166,none,63.5,36.5
7168,none,63.5,36.5
7170,none,63.5,36.5
7172,none,63.5,36.5
7174,B,63.3,36.7
7176,B,63.2,36.8
7178,none,63.2,36.8
7180,none,63.2,36.8
7182,none,63.2,36.8
7184,none,63.2,36.8
7186,none,63.2,36.8
7188,none,63.2,36.8
7190,none,63.2,36.8
7192,none,63.2,36.8
7194,none,63.2,36.8
7196,none,63.2,36.8
7198,none,63.2,36.8
7200,none,63.2,36.8
7202,none,63.2,36.8
7204,none,63.2,36.8
7206,none,63.2,36.8
7208,none,63.2,36.8
7210,none,63.2,36.8
7212,none,63.2,36.8
7214,none,63.2,36.8
7216,none,63.2,36.8
7218,none,63.2,36.8
7220,none,63.2,36.8
7222,none,63.2,36.8
7224,none,63.2,36.8
7226,none,63.2,36.8
7228,B,63.1,36.9
7230,none,63.1,36.9
7232,none,63.1,36.9
7234,none,63.1,36.9
7236,none,63.1,36.9
7238,none,63.1,36.9
7240,none,63.1,36.9
7242,none,63.1,36.9
7244,none,63.1,36.9
7246,none,63.1,36.9
7248,none,63.1,36.9
7250,none,63.1,36.9
7252,none,63.1,36.9
7254,none,63.1,36.9
7256,none,63.1,36.9
7258,none,63.1,36.9
7260,none,63.1,36.9
7262,none,63.1,36.9
7264,none,63.1,36.9
7266,none,63.1,36.9
7268,none,63.1,36.9
7270,none,63.1,36.9
7272,none,63.1,36.9
7274,none,63.1,36.9
7276,none,63.1,36.9
7278,none,63.1,36.9
7280,none,63.1,36.9
7282,none,63.1,36.9
7284,none,63.1,36.9
7286,none,63.1,36.9
7288,none,63.1,36.9
7290,none,63.1,36.9
7292,none,63.1,36.9
7294,none,63.1,36.9
7296,none,63.1,36.9
7298,none,63.1,36.9
7300,none,63.1,36.9
7302,none,63.1,36.9
7304,none,63.1,36.9
7306,none,63.1,36.9
7308,none,63.1,36.9
7310,none,63.1,36.9
7312,none,63.1,36.9
7314,none,63.1,36.9
7316,none,63.1,36.9
7318,none,63.1,36.9
7320,none,63.1,36.9
7322,none,63.1,36.9
7324,none,63.1,36.9
7326,none,63.1,36.9
7328,none,63.1,36.9
7330,none,63.1,36.9
7332,none,63.1,36.9
7334,none,63.1,36.9
7336,none,63.1,36.9
7338,none,63.1,36.9
7340,A,63.2,36.8
7342,A,63.2,36.8
7344,none,63.2,36.8
7346,A,63.3,36.7
7348,none,63.3,36.7
7350,none,63.3,36.7
7352,none,63.3,36.7
7354,none,63.3,36.7
7356,none,63.3,36.7
7358,none,63.3,36.7
7360,none,63.3,36.7
7362,none,63.3,36.7
7364,none,63.3,36.7
7366,none,63.3,36.7
7368,none,63.3,36.7
7370,none,63.3,36.7
7372,none,63.3,36.7
7374,none,63.3,36.7
7376,none,63.3,36.7
7378,none,63.3,36.7
7380,none,63.3,36.7
7382,none,63.3,36.7
7384,none,63.3,36.7
7386,none,63.3,36.7
7388,none,63.3,36.7
7390,none,63.3,36.7
7392,none,63.3,36.7
7394,A,63.4,36.6
7396,A,63.4,36.6
7398,A,63.5,36.5
7400,none,63.5,36.5
7402,none,63.5,36.5
7404,none,63.5,36.5
7406,none,63.5,36.5
7408,none,63.5,36.5
7410,none,63.5,36.5
7412,none,63.5,36.5
7414,none,63.5,36.5
7416,none,63.5,36.5
7418,none,63.5,36.5
7420,none,63.5,36.5
7422,none,63.5,36.5
7424,none,63.5,36.5
7426,none,63.5,36.5
7428,none,63.5,36.5
7430,none,63.5,36.5
7432,none,63.5,36.5
7434,none,63.5,36.5
7436,none,63.5,36.5
7438,none,63.5,36.5
7440,none,63.5,36.5
7442,none,63.5,36.5
7444,none,63.5,36.5
7446,none,63.5,36.5
7448,none,63.5,36.5
7450,none,63.5,36.5
7452,none,63.5,36.5
7454,none,63.5,36.5
7456,none,63.5,36.5
7458,none,63.5,36.5
7460,B,63.4,36.6
7462,B,63.3,36.7
7464,B,63.2,36.8
7466,B,63.0,37.0
7468,B,62.9,37.1
7470,B,62.8,37.2
7472,none,62.8,37.2
7474,none,62.8,37.2
7476,none,62.8,37.2
7478,none,62.8,37.2
7480,B,62.7,37.3
7482,none,62.7,37.3
7484,none,62.7,37.3
7486,none,62.7,37.3
7488,none,62.7,37.3
7490,none,62.7,37.3
7492,none,62.7,37.3
7494,none,62.7,37.3
7496,none,62.7,37.3
7498,none,62.7,37.3
7500,none,62.7,37.3
7502,none,62.7,37.3
7504,none,62.7,37.3
7506,none,62.7,37.3
7508,B,62.6,37.4
7510,none,62.6,37.4
7512,none,62.6,37.4
7514,none,62.6,37.4
7516,none,62.6,37.4
7518,none,62.6,37.4
7520,none,62.6,37.4
7522,none,62.6,37.4
7524,none,62.6,37.4
7526,none,62.6,37.4
7528,none,62.6,37.4
7530,none,62.6,37.4
7532,none,62.6,37.4
7534,none,62.6,37.4
7536,none,62.6,37.4
7538,none,62.6,37.4
7540,none,62.6,37.4
7542,none,62.6,37.4
7544,none,62.6,37.4
7546,none,62.6,37.4
7548,none,62.6,37.4
7550,none,62.6,37.4
7552,none,62.6,37.4
7554,none,62.6,37.4
7556,none,62.6,37.4
7558,none,62.6,37.4
7560,none,62.6,37.4
7562,none,62.6,37.4
7564,none,62.6,37.4
7566,none,62.6,37.4
7568,none,62.6,37.4
7570,none,62.6,37.4
7572,B,62.5,37.5
7574,B,62.4,37.6
7576,none,62.4,37.6
7578,none,62.4,37.6
7580,B,62.3,37.7
7582,none,62.3,37.7
7584,none,62.3,37.7
7586,none,62.3,37.7
7588,none,62.3,37.7
7590,none,62.3,37.7
7592,none,62.3,37.7
7594,none,62.3,37.7
7596,none,62.3,37.7
7598,none,62.3,37.7
7600,none,62.3,37.7
7602,none,62.3,37.7
7604,none,62.3,37.7
7606,none,62.3,37.7
7608,none,62.3,37.7
7610,none,62.3,37.7
7612,none,62.3,37.7
7614,none,62.3,37.7
7616,none,62.3,37.7
7618,none,62.3,37.7
7620,none,62.3,37.7
7622,none,62.3,37.7
7624,none,62.3,37.7
7626,none,62.3,37.7
7628,none,62.3,37.7
7630,none,62.3,37.7
7632,none,62.3,37.7
7634,none,62.3,37.7
7636,none,62.3,37.7
7638,none,62.3,37.7
7640,none,62.3,37.7
7642,none,62.3,37.7
7644,none,62.3,37.7
7646,none,62.3,37.7
7648,none,62.3,37.7
7650,none,62.3,37.7
7652,none,62.3,37.7
7654,B,62.1,37.9
7656,B,62.0,38.0
7658,B,61.9,38.1
7660,B,61.8,38.2
7662,none,61.8,38.2
7664,none,61.8,38.2
7666,none,61.8,38.2
7668,none,61.8,38.2
7670,none,61.8,38.2
7672,none,61.8,38.2
7674,none,61.8,38.2
7676,none,61.8,38.2
7678,none,61.8,38.2
7680,none,61.8,38.2
7682,none,61.8,38.2
7684,none,61.8,38.2
7686,none,61.8,38.2
7688,none,61.8,38.2
7690,none,61.8,38.2
7692,none,61.8,38.2
7694,none,61.8,38.2
7696,none,61.8,38.2
7698,none,61.8,38.2
7700,none,61.8,38.2
7702,none,61.8,38.2
7704,none,61.8,38.2
7706,none,61.8,38.2
7708,none,61.8,38.2
7710,none,61.8,38.2
7712,none,61.8,38.2
7714,none,61.8,38.2
7716,none,61.8,38.2
7718,none,61.8,38.2
7720,none,61.8,38.2
7722,none,61.8,38.2
7724,none,61.8,38.2
7726,none,61.8,38.2
7728,none,61.8,38.2
7730,none,61.8,38.2
7732,none,61.8,38.2
7734,none,61.8,38.2
7736,none,61.8,38.2
7738,none,61.8,38.2
7740,none,61.8,38.2
7742,none,61.8,38.2
7744,none,61.8,38.2
7746,none,61.8,38.2
7748,none,61.8,38.2
7750,none,61.8,38.2
7752,none,61.8,38.2
7754,none,61.8,38.2
7756,none,61.8,38.2
7758,none,61.8,38.2
7760,none,61.8,38.2
7762,none,61.8,38.2
7764,none,61.8,38.2
7766,none,61.8,38.2
7768,none,61.8,38.2
7770,none,61.8,38.2
7772,none,61.8,38.2
7774,none,61.8,38.2
7776,none,61.8,38.2
7778,none,61.8,38.2
7780,none,61.8,38.2
7782,none,61.8,38.2
7784,none,61.8,38.2
7786,none,61.8,38.2
7788,none,61.8,38.2
7790,none,61.8,38.2
7792,none,61.8,38.2
7794,none,61.8,38.2
7796,none,61.8,38.2
7798,none,61.8,38.2
7800,none,61.8,38.2
7802,B,61.7,38.3
7804,none,61.7,38.3
7806,none,61.7,38.3
7808,none,61.7,38.3
7810,none,61.7,38.3
7812,none,61.7,38.3
7814,none,61.7,38.3
7816,none,61.7,38.3
7818,none,61.7,38.3
7820,none,61.7,38.3
7822,none,61.7,38.3
7824,none,61.7,38.3
7826,none,61.7,38.3
7828,none,61.7,38.3
7830,none,61.7,38.3
7832,none,61.7,38.3
7834,none,61.7,38.3
7836,none,61.7,38.3
7838,none,61.7,38.3
7840,none,61.7,38.3
7842,A,61.8,38.2
7844,none,61.8,38.2
7846,none,61.8,38.2
7848,none,61.8,38.2
7850,none,61.8,38.2
7852,none,61.8,38.2
7854,none,61.8,38.2
7856,B,61.7,38.3
7858,B,61.6,38.4
7860,A,61.6,38.4
7862,B,61.5,38.5
7864,A,61.6,38.4
7866,none,61.6,38.4
7868,none,61.6,38.4
7870,A,61.6,38.4
7872,A,61.7,38.3
7874,A,61.8,38.2
7876,A,61.8,38.2
7878,A,61.9,38.1
7880,A,62.0,38.0
7882,A,62.0,38.0
7884,A,62.1,37.9
7886,A,62.2,37.8
7888,B,62.1,37.9
7890,none,62.1,37.9
7892,none,62.1,37.9
7894,A,62.1,37.9
7896,A,62.2,37.8
7898,A,62.3,37.7
7900,A,62.3,37.7
7902,A,62.4,37.6
7904,A,62.5,37.5
7906,none,62.5,37.5
7908,none,62.5,37.5
7910,none,62.5,37.5
7912,none,62.5,37.5
7914,none,62.5,37.5
7916,none,62.5,37.5
7918,none,62.5,37.5
7920,none,62.5,37.5
7922,none,62.5,37.5
7924,none,62.5,37.5
7926,none,62.5,37.5
7928,none,62.5,37.5
7930,none,62.5,37.5
7932,none,62.5,37.5
7934,none,62.5,37.5
7936,none,62.5,37.5
7938,none,62.5,37.5
7940,none,62.5,37.5
7942,none,62.5,37.5
7944,none,62.5,37.5
7946,none,62.5,37.5
7948,none,62.5,37.5
7950,none,62.5,37.5
7952,none,62.5,37.5
7954,none,62.5,37.5
7956,none,62.5,37.5
7958,none,62.5,37.5
7960,none,62.5,37.5
7962,none,62.5,37.5
7964,none,62.5,37.5
7966,none,62.5,37.5
7968,none,62.5,37.5
7970,none,62.5,37.5
7972,none,62.5,37.5
7974,none,62.5,37.5
7976,none,62.5,37.5
7978,none,62.5,37.5
7980,none,62.5,37.5
7982,none,62.5,37.5
7984,none,62.5,37.5
7986,none,62.5,37.5
7988,none,62.5,37.5
7990,none,62.5,37.5
7992,none,62.5,37.5
7994,none,62.5,37.5
7996,none,62.5,37.5
7998,none,62.5,37.5
8000,none,62.5,37.5
8002,none,62.5,37.5
8004,none,62.5,37.5
8006,A,62.5,37.5
8008,A,62.6,37.4
8010,A,62.6,37.4
8012,A,62.7,37.3
8014,A,62.8,37.2
8016,none,62.8,37.2
8018,none,62.8,37.2
8020,none,62.8,37.2
8022,none,62.8,37.2
8024,none,62.8,37.2
8026,none,62.8,37.2
8028,none,62.8,37.2
8030,none,62.8,37.2
8032,none,62.8,37.2
8034,none,62.8,37.2
8036,none,62.8,37.2
8038,none,62.8,37.2
8040,none,62.8,37.2
8042,none,62.8,37.2
8044,none,62.8,37.2
8046,none,62.8,37.2
8048,none,62.8,37.2
8050,none,62.8,37.2
8052,none,62.8,37.2
8054,none,62.8,37.2
8056,none,62.8,37.2
8058,none,62.8,37.2
8060,none,62.8,37.2
8062,none,62.8,37.2
8064,none,62.8,37.2
8066,none,62.8,37.2
8068,none,62.8,37.2
8070,none,62.8,37.2
8072,none,62.8,37.2
8074,A,62.8,37.2
8076,A,62.9,37.1
8078,none,62.9,37.1
8080,none,62.9,37.1
8082,none,62.9,37.1
8084,none,62.9,37.1
8086,none,62.9,37.1
8088,A,63.0,37.0
8090,none,63.0,37.0
8092,A,63.0,37.0
8094,none,63.0,37.0
8096,none,63.0,37.0
8098,A,63.1,36.9
8100,A,63.1,36.9
8102,none,63.1,36.9
8104,A,63.2,36.8
8106,A,63.3,36.7
8108,A,63.3,36.7
8110,A,63.4,36.6
8112,A,63.5,36.5
8114,A,63.5,36.5
8116,A,63.6,36.4
8118,A,63.6,36.4
8120,A,63.7,36.3
8122,A,63.8,36.2
8124,A,63.8,36.2
8126,A,63.9,36.1
8128,A,63.9,36.1
8130,A,64.0,36.0
8132,A,64.1,35.9
8134,A,64.1,35.9
8136,A,64.2,35.8
8138,A,64.2,35.8
8140,A,64.3,35.7
8142,A,64.3,35.7
8144,A,64.4,35.6
8146,A,64.5,35.5
8148,A,64.5,35.5
8150,A,64.6,35.4
8152,A,64.6,35.4
8154,A,64.7,35.3
8156,A,64.7,35.3
8158,A,64.8,35.2
8160,A,64.9,35.1
8162,A,64.9,35.1
8164,A,65.0,35.0
8166,A,65.0,35.0
8168,A,65.1,34.9
8170,none,65.1,34.9
8172,none,65.1,34.9
8174,none,65.1,34.9
8176,none,65.1,34.9
8178,none,65.1,34.9
8180,none,65.1,34.9
8182,none,65.1,34.9
8184,B,65.0,35.0
8186,none,65.0,35.0
8188,none,65.0,35.0
8190,none,65.0,35.0
8192,none,65.0,35.0
8194,none,65.0,35.0
8196,none,65.0,35.0
8198,A,65.0,35.0
8200,none,65.0,35.0
8202,none,65.0,35.0
8204,A,65.1,34.9
8206,A,65.1,34.9
8208,B,65.0,35.0
8210,B,64.9,35.1
8212,B,64.8,35.2
8214,none,64.8,35.2
8216,none,64.8,35.2
8218,none,64.8,35.2
8220,none,64.8,35.2
8222,none,64.8,35.2
8224,none,64.8,35.2
8226,none,64.8,35.2
8228,none,64.8,35.2
8230,none,64.8,35.2
8232,none,64.8,35.2
8234,none,64.8,35.2
8236,none,64.8,35.2
8238,none,64.8,35.2
8240,none,64.8,35.2
8242,none,64.8,35.2
8244,none,64.8,35.2
8246,none,64.8,35.2
8248,none,64.8,35.2
8250,none,64.8,35.2
8252,none,64.8,35.2
8254,none,64.8,35.2
8256,none,64.8,35.2
8258,none,64.8,35.2
8260,none,64.8,35.2
8262,none,64.8,35.2
8264,none,64.8,35.2
8266,none,64.8,35.2
8268,none,64.8,35.2
8270,none,64.8,35.2
8272,none,64.8,35.2
8274,none,64.8,35.2
8276,none,64.8,35.2
8278,none,64.8,35.2
8280,none,64.8,35.2
8282,none,64.8,35.2
8284,none,64.8,35.2
8286,A,64.9,35.1
8288,B,64.8,35.2
8290,B,64.7,35.3
8292,B,64.6,35.4
8294,B,64.5,35.5
8296,B,64.4,35.6
8298,B,64.3,35.7
8300,B,64.2,35.8
8302,none,64.2,35.8
8304,none,64.2,35.8
8306,none,64.2,35.8
8308,none,64.2,35.8
8310,none,64.2,35.8
8312,none,64.2,35.8
8314,none,64.2,35.8
8316,none,64.2,35.8
8318,none,64.2,35.8
8320,none,64.2,35.8
8322,none,64.2,35.8
8324,none,64.2,35.8
8326,none,64.2,35.8
8328,none,64.2,35.8
8330,none,64.2,35.8
8332,none,64.2,35.8
8334,none,64.2,35.8
8336,none,64.2,35.8
8338,none,64.2,35.8
8340,none,64.2,35.8
8342,none,64.2,35.8
8344,none,64.2,35.8
8346,none,64.2,35.8
8348,none,64.2,35.8
8350,none,64.2,35.8
8352,none,64.2,35.8
8354,A,64.2,35.8
8356,A,64.3,35.7
8358,none,64.3,35.7
8360,none,64.3,35.7
8362,none,64.3,35.7
8364,none,64.3,35.7
8366,none,64.3,35.7
8368,none,64.3,35.7
8370,none,64.3,35.7
8372,none,64.3,35.7
8374,none,64.3,35.7
8376,none,64.3,35.7
8378,none,64.3,35.7
8380,none,64.3,35.7
8382,none,64.3,35.7
8384,none,64.3,35.7
8386,A,64.4,35.6
8388,none,64.4,35.6
8390,none,64.4,35.6
8392,none,64.4,35.6
8394,none,64.4,35.6
8396,none,64.4,35.6
8398,A,64.4,35.6
8400,A,64.5,35.5
8402,A,64.5,35.5
8404,B,64.4,35.6
8406,B,64.3,35.7
8408,none,64.3,35.7
8410,none,64.3,35.7
8412,none,64.3,35.7
8414,none,64.3,35.7
8416,none,64.3,35.7
8418,none,64.3,35.7
8420,none,64.3,35.7
8422,none,64.3,35.7
8424,A,64.4,35.6
8426,A,64.4,35.6
8428,B,64.3,35.7
8430,none,64.3,35.7
8432,none,64.3,35.7
8434,none,64.3,35.7
8436,none,64.3,35.7
8438,none,64.3,35.7
8440,none,64.3,35.7
8442,none,64.3,35.7
8444,none,64.3,35.7
8446,none,64.3,35.7
8448,none,64.3,35.7
8450,none,64.3,35.7
8452,none,64.3,35.7
8454,none,64.3,35.7
8456,none,64.3,35.7
8458,none,64.3,35.7
8460,none,64.3,35.7
8462,none,64.3,35.7
8464,none,64.3,35.7
8466,none,64.3,35.7
8468,none,64.3,35.7
8470,none,64.3,35.7
8472,none,64.3,35.7
8474,none,64.3,35.7
8476,none,64.3,35.7
8478,none,64.3,35.7
8480,none,64.3,35.7
8482,none,64.3,35.7
8484,none,64.3,35.7
8486,none,64.3,35.7
8488,none,64.3,35.7
8490,none,64.3,35.7
8492,none,64.3,35.7
8494,none,64.3,35.7
8496,none,64.3,35.7
8498,none,64.3,35.7
8500,none,64.3,35.7
8502,none,64.3,35.7
8504,none,64.3,35.7
8506,none,64.3,35.7
8508,none,64.3,35.7
8510,none,64.3,35.7
8512,none,64.3,35.7
8514,none,64.3,35.7
8516,none,64.3,35.7
8518,none,64.3,35.7
8520,none,64.3,35.7
8522,none,64.3,35.7
8524,none,64.3,35.7
8526,none,64.3,35.7
8528,none,64.3,35.7
8530,none,64.3,35.7
8532,none,64.3,35.7
8534,none,64.3,35.7
8536,none,64.3,35.7
8538,none,64.3,35.7
8540,none,64.3,35.7
8542,none,64.3,35.7
8544,none,64.3,35.7
8546,none,64.3,35.7
8548,B,64.2,35.8
8550,B,64.1,35.9
8552,B,64.0,36.0
8554,A,64.1,35.9
8556,B,64.0,36.0
8558,B,63.9,36.1
8560,none,63.9,36.1
8562,none,63.9,36.1
8564,B,63.8,36.2
8566,none,63.8,36.2
8568,none,63.8,36.2
8570,none,63.8,36.2
8572,none,63.8,36.2
8574,B,63.7,36.3
8576,B,63.6,36.4
8578,none,63.6,36.4
8580,B,63.5,36.5
8582,none,63.5,36.5
8584,B,63.4,36.6
8586,B,63.3,36.7
8588,none,63.3,36.7
8590,none,63.3,36.7
8592,none,63.3,36.7
8594,none,63.3,36.7
8596,none,63.3,36.7
8598,none,63.3,36.7
8600,none,63.3,36.7
8602,none,63.3,36.7
8604,none,63.3,36.7
8606,A,63.4,36.6
8608,A,63.4,36.6
8610,A,63.5,36.5
8612,none,63.5,36.5
8614,none,63.5,36.5
8616,none,63.5,36.5
8618,none,63.5,36.5
8620,none,63.5,36.5
8622,none,63.5,36.5
8624,none,63.5,36.5
8626,none,63.5,36.5
8628,none,63.5,36.5
8630,none,63.5,36.5
8632,none,63.5,36.5
8634,none,63.5,36.5
8636,none,63.5,36.5
8638,none,63.5,36.5
8640,none,63.5,36.5
8642,none,63.5,36.5
8644,B,63.4,36.6
8646,B,63.3,36.7
8648,B,63.2,36.8
8650,A,63.3,36.7
8652,B,63.2,36.8
8654,none,63.2,36.8
8656,none,63.2,36.8
8658,none,63.2,36.8
8660,none,63.2,36.8
8662,none,63.2,36.8
8664,none,63.2,36.8
8666,none,63.2,36.8
8668,none,63.2,36.8
8670,none,63.2,36.8
8672,none,63.2,36.8
8674,none,63.2,36.8
8676,none,63.2,36.8
8678,none,63.2,36.8
8680,none,63.2,36.8
8682,B,63.1,36.9
8684,B,63.0,37.0
8686,B,62.9,37.1
8688,none,62.9,37.1
8690,none,62.9,37.1
8692,none,62.9,37.1
8694,none,62.9,37.1
8696,none,62.9,37.1
8698,none,62.9,37.1
8700,none,62.9,37.1
8702,none,62.9,37.1
8704,none,62.9,37.1
8706,none,62.9,37.1
8708,none,62.9,37.1
8710,none,62.9,37.1
8712,none,62.9,37.1
8714,none,62.9,37.1
8716,none,62.9,37.1
8718,none,62.9,37.1
8720,none,62.9,37.1
8722,none,62.9,37.1
8724,none,62.9,37.1
8726,none,62.9,37.1
8728,none,62.9,37.1
8730,none,62.9,37.1
8732,none,62.9,37.1
8734,none,62.9,37.1
8736,none,62.9,37.1
8738,none,62.9,37.1
8740,none,62.9,37.1
8742,none,62.9,37.1
8744,none,62.9,37.1
8746,none,62.9,37.1
8748,none,62.9,37.1
8750,none,62.9,37.1
8752,none,62.9,37.1
8754,none,62.9,37.1
8756,none,62.9,37.1
8758,none,62.9,37.1
8760,none,62.9,37.1
8762,B,62.8,37.2
8764,A,62.8,37.2
8766,none,62.8,37.2
8768,none,62.8,37.2
8770,none,62.8,37.2
8772,none,62.8,37.2
8774,none,62.8,37.2
8776,none,62.8,37.2
8778,A,62.9,37.1
8780,none,62.9,37.1
8782,none,62.9,37.1
8784,none,62.9,37.1
8786,none,62.9,37.1
8788,none,62.9,37.1
8790,none,62.9,37.1
8792,none,62.9,37.1
8794,none,62.9,37.1
8796,none,62.9,37.1
8798,none,62.9,37.1
8800,none,62.9,37.1
8802,none,62.9,37.1
8804,none,62.9,37.1
8806,none,62.9,37.1
8808,none,62.9,37.1
8810,none,62.9,37.1
8812,none,62.9,37.1
8814,none,62.9,37.1
8816,none,62.9,37.1
8818,none,62.9,37.1
8820,none,62.9,37.1
8822,none,62.9,37.1
8824,none,62.9,37.1
8826,none,62.9,37.1
8828,none,62.9,37.1
8830,none,62.9,37.1
8832,none,62.9,37.1
8834,none,62.9,37.1
8836,none,62.9,37.1
8838,none,62.9,37.1
8840,A,63.0,37.0
8842,none,63.0,37.0
8844,none,63.0,37.0
8846,none,63.0,37.0
8848,none,63.0,37.0
8850,none,63.0,37.0
8852,none,63.0,37.0
8854,none,63.0,37.0
8856,none,63.0,37.0
8858,none,63.0,37.0
8860,none,63.0,37.0
8862,none,63.0,37.0
8864,none,63.0,37.0
8866,none,63.0,37.0
8868,none,63.0,37.0
8870,none,63.0,37.0
8872,none,63.0,37.0
8874,none,63.0,37.0
8876,none,63.0,37.0
8878,none,63.0,37.0
8880,none,63.0,37.0
8882,none,63.0,37.0
8884,A,63.0,37.0
8886,A,63.1,36.9
8888,A,63.1,36.9
8890,none,63.1,36.9
8892,none,63.1,36.9
8894,none,63.1,36.9
8896,none,63.1,36.9
8898,none,63.1,36.9
8900,none,63.1,36.9
8902,none,63.1,36.9
8904,none,63.1,36.9
8906,none,63.1,36.9
8908,A,63.2,36.8
8910,none,63.2,36.8
8912,none,63.2,36.8
8914,none,63.2,36.8
8916,none,63.2,36.8
8918,B,63.1,36.9
8920,B,63.0,37.0
8922,B,62.9,37.1
8924,none,62.9,37.1
8926,B,62.8,37.2
8928,none,62.8,37.2
8930,none,62.8,37.2
8932,none,62.8,37.2
8934,none,62.8,37.2
8936,none,62.8,37.2
8938,none,62.8,37.2
8940,none,62.8,37.2
8942,none,62.8,37.2
8944,none,62.8,37.2
8946,none,62.8,37.2
8948,none,62.8,37.2
8950,none,62.8,37.2
8952,none,62.8,37.2
8954,none,62.8,37.2
8956,none,62.8,37.2
8958,none,62.8,37.2
8960,none,62.8,37.2
8962,none,62.8,37.2
8964,none,62.8,37.2
8966,none,62.8,37.2
8968,none,62.8,37.2
8970,none,62.8,37.2
8972,none,62.8,37.2
8974,none,62.8,37.2
8976,none,62.8,37.2
8978,none,62.8,37.2
8980,none,62.8,37.2
8982,none,62.8,37.2
8984,none,62.8,37.2
8986,none,62.8,37.2
8988,none,62.8,37.2
8990,none,62.8,37.2
8992,none,62.8,37.2
8994,none,62.8,37.2
8996,none,62.8,37.2
8998,none,62.8,37.2
9000,none,62.8,37.2
9002,none,62.8,37.2
9004,none,62.8,37.2
9006,none,62.8,37.2
9008,none,62.8,37.2
9010,none,62.8,37.2
9012,none,62.8,37.2
9014,none,62.8,37.2
9016,none,62.8,37.2
9018,none,62.8,37.2
9020,none,62.8,37.2
9022,none,62.8,37.2
9024,none,62.8,37.2
9026,none,62.8,37.2
9028,none,62.8,37.2
9030,none,62.8,37.2
9032,none,62.8,37.2
9034,none,62.8,37.2
9036,none,62.8,37.2
9038,none,62.8,37.2
9040,none,62.8,37.2
9042,none,62.8,37.2
9044,none,62.8,37.2
9046,none,62.8,37.2
9048,none,62.8,37.2
9050,none,62.8,37.2
9052,none,62.8,37.2
9054,none,62.8,37.2
9056,none,62.8,37.2
9058,none,62.8,37.2
9060,none,62.8,37.2
9062,none,62.8,37.2
9064,none,62.8,37.2
9066,none,62.8,37.2
9068,none,62.8,37.2
9070,none,62.8,37.2
9072,none,62.8,37.2
9074,none,62.8,37.2
9076,none,62.8,37.2
9078,none,62.8,37.2
9080,none,62.8,37.2
9082,none,62.8,37.2
9084,none,62.8,37.2
9086,none,62.8,37.2
9088,none,62.8,37.2
9090,none,62.8,37.2
9092,none,62.8,37.2
9094,none,62.8,37.2
9096,none,62.8,37.2
9098,none,62.8,37.2
9100,none,62.8,37.2
9102,none,62.8,37.2
9104,none,62.8,37.2
9106,none,62.8,37.2
9108,none,62.8,37.2
9110,none,62.8,37.2
9112,none,62.8,37.2
9114,none,62.8,37.2
9116,none,62.8,37.2
9118,none,62.8,37.2
9120,none,62.8,37.2
9122,none,62.8,37.2
9124,none,62.8,37.2
9126,none,62.8,37.2
9128,none,62.8,37.2
9130,none,62.8,37.2
9132,none,62.8,37.2
9134,none,62.8,37.2
9136,none,62.8,37.2
9138,none,62.8,37.2
9140,none,62.8,37.2
9142,none,62.8,37.2
9144,none,62.8,37.2
9146,none,62.8,37.2
9148,none,62.8,37.2
9150,none,62.8,37.2
9152,none,62.8,37.2
9154,none,62.8,37.2
9156,none,62.8,37.2
9158,none,62.8,37.2
9160,none,62.8,37.2
9162,B,62.7,37.3
9164,none,62.7,37.3
9166,none,62.7,37.3
9168,none,62.7,37.3
9170,none,62.7,37.3
9172,none,62.7,37.3
9174,none,62.7,37.3
9176,none,62.7,37.3
9178,none,62.7,37.3
9180,none,62.7,37.3
9182,none,62.7,37.3
9184,none,62.7,37.3
9186,none,62.7,37.3
9188,none,62.7,37.3
9190,none,62.7,37.3
9192,none,62.7,37.3
9194,none,62.7,37.3
9196,none,62.7,37.3
9198,none,62.7,37.3
9200,none,62.7,37.3
9202,none,62.7,37.3
9204,A,62.8,37.2
9206,none,62.8,37.2
9208,none,62.8,37.2
9210,none,62.8,37.2
9212,none,62.8,37.2
9214,none,62.8,37.2
9216,none,62.8,37.2
9218,none,62.8,37.2
9220,none,62.8,37.2
9222,none,62.8,37.2
9224,none,62.8,37.2
9226,none,62.8,37.2
9228,none,62.8,37.2
9230,none,62.8,37.2
9232,none,62.8,37.2
9234,none,62.8,37.2
9236,none,62.8,37.2
9238,none,62.8,37.2
9240,none,62.8,37.2
9242,none,62.8,37.2
9244,none,62.8,37.2
9246,none,62.8,37.2
9248,none,62.8,37.2
9250,none,62.8,37.2
9252,none,62.8,37.2
9254,none,62.8,37.2
9256,none,62.8,37.2
9258,none,62.8,37.2
9260,none,62.8,37.2
9262,none,62.8,37.2
9264,none,62.8,37.2
9266,none,62.8,37.2
9268,none,62.8,37.2
9270,none,62.8,37.2
9272,none,62.8,37.2
9274,none,62.8,37.2
9276,none,62.8,37.2
9278,none,62.8,37.2
9280,none,62.8,37.2
9282,none,62.8,37.2
9284,none,62.8,37.2
9286,none,62.8,37.2
9288,none,62.8,37.2
9290,none,62.8,37.2
9292,none,62.8,37.2
9294,none,62.8,37.2
9296,none,62.8,37.2
9298,none,62.8,37.2
9300,none,62.8,37.2
9302,none,62.8,37.2
9304,none,62.8,37.2
9306,none,62.8,37.2
9308,none,62.8,37.2
9310,none,62.8,37.2
9312,none,62.8,37.2
9314,none,62.8,37.2
9316,none,62.8,37.2
9318,none,62.8,37.2
9320,none,62.8,37.2
9322,none,62.8,37.2
9324,none,62.8,37.2
9326,none,62.8,37.2
9328,none,62.8,37.2
9330,none,62.8,37.2
9332,none,62.8,37.2
9334,none,62.8,37.2
9336,none,62.8,37.2
9338,none,62.8,37.2
9340,none,62.8,37.2
9342,none,62.8,37.2
9344,none,62.8,37.2
9346,none,62.8,37.2
9348,none,62.8,37.2
9350,none,62.8,37.2
9352,none,62.8,37.2
9354,none,62.8,37.2
9356,none,62.8,37.2
9358,none,62.8,37.2
9360,none,62.8,37.2
9362,none,62.8,37.2
9364,none,62.8,37.2
9366,none,62.8,37.2
9368,none,62.8,37.2
9370,none,62.8,37.2
9372,none,62.8,37.2
9374,none,62.8,37.2
9376,none,62.8,37.2
9378,none,62.8,37.2
9380,none,62.8,37.2
9382,none,62.8,37.2
9384,none,62.8,37.2
9386,none,62.8,37.2
9388,none,62.8,37.2
9390,none,62.8,37.2
9392,none,62.8,37.2
9394,none,62.8,37.2
9396,none,62.8,37.2
9398,none,62.8,37.2
9400,none,62.8,37.2
9402,none,62.8,37.2
9404,none,62.8,37.2
9406,none,62.8,37.2
9408,none,62.8,37.2
9410,none,62.8,37.2
9412,none,62.8,37.2
9414,none,62.8,37.2
9416,none,62.8,37.2
9418,none,62.8,37.2
9420,none,62.8,37.2
9422,none,62.8,37.2
9424,none,62.8,37.2
9426,none,62.8,37.2
9428,none,62.8,37.2
9430,none,62.8,37.2
9432,none,62.8,37.2
9434,none,62.8,37.2
9436,none,62.8,37.2
9438,none,62.8,37.2
9440,none,62.8,37.2
9442,none,62.8,37.2
9444,none,62.8,37.2
9446,none,62.8,37.2
9448,none,62.8,37.2
9450,none,62.8,37.2
9452,none,62.8,37.2
9454,none,62.8,37.2
9456,none,62.8,37.2
9458,A,62.8,37.2
9460,none,62.8,37.2
9462,none,62.8,37.2
9464,none,62.8,37.2
9466,none,62.8,37.2
9468,none,62.8,37.2
9470,none,62.8,37.2
9472,none,62.8,37.2
9474,none,62.8,37.2
9476,none,62.8,37.2
9478,none,62.8,37.2
9480,none,62.8,37.2
9482,none,62.8,37.2
9484,none,62.8,37.2
9486,none,62.8,37.2
9488,none,62.8,37.2
9490,none,62.8,37.2
9492,none,62.8,37.2
9494,none,62.8,37.2
9496,none,62.8,37.2
9498,none,62.8,37.2
9500,none,62.8,37.2
9502,none,62.8,37.2
9504,none,62.8,37.2
9506,none,62.8,37.2
9508,none,62.8,37.2
9510,none,62.8,37.2
9512,none,62.8,37.2
9514,none,62.8,37.2
9516,none,62.8,37.2
9518,none,62.8,37.2
9520,none,62.8,37.2
9522,none,62.8,37.2
9524,none,62.8,37.2
9526,none,62.8,37.2
9528,none,62.8,37.2
9530,none,62.8,37.2
9532,none,62.8,37.2
9534,none,62.8,37.2
9536,none,62.8,37.2
9538,none,62.8,37.2
9540,none,62.8,37.2
9542,none,62.8,37.2
9544,none,62.8,37.2
9546,none,62.8,37.2
9548,none,62.8,37.2
9550,none,62.8,37.2
9552,none,62.8,37.2
9554,none,62.8,37.2
9556,none,62.8,37.2
9558,none,62.8,37.2
9560,none,62.8,37.2
9562,none,62.8,37.2
9564,none,62.8,37.2
9566,none,62.8,37.2
9568,none,62.8,37.2
9570,none,62.8,37.2
9572,none,62.8,37.2
9574,none,62.8,37.2
9576,none,62.8,37.2
9578,none,62.8,37.2
9580,none,62.8,37.2
9582,none,62.8,37.2
9584,none,62.8,37.2
9586,none,62.8,37.2
9588,none,62.8,37.2
9590,none,62.8,37.2
9592,none,62.8,37.2
9594,none,62.8,37.2
9596,none,62.8,37.2
9598,none,62.8,37.2
9600,A,62.9,37.1
9602,A,62.9,37.1
9604,none,62.9,37.1
9606,A,63.0,37.0
9608,none,63.0,37.0
9610,none,63.0,37.0
9612,none,63.0,37.0
9614,none,63.0,37.0
9616,none,63.0,37.0
9618,none,63.0,37.0
9620,none,63.0,37.0
9622,none,63.0,37.0
9624,none,63.0,37.0
9626,none,63.0,37.0
9628,none,63.0,37.0
9630,none,63.0,37.0
9632,none,63.0,37.0
9634,none,63.0,37.0
9636,none,63.0,37.0
9638,A,63.0,37.0
9640,none,63.0,37.0
9642,none,63.0,37.0
9644,none,63.0,37.0
9646,none,63.0,37.0
9648,A,63.1,36.9
9650,none,63.1,36.9
9652,none,63.1,36.9
9654,none,63.1,36.9
9656,none,63.1,36.9
9658,none,63.1,36.9
9660,none,63.1,36.9
9662,none,63.1,36.9
9664,none,63.1,36.9
9666,none,63.1,36.9
9668,none,63.1,36.9
9670,none,63.1,36.9
9672,none,63.1,36.9
9674,none,63.1,36.9
9676,none,63.1,36.9
9678,none,63.1,36.9
9680,none,63.1,36.9
9682,none,63.1,36.9
9684,none,63.1,36.9
9686,none,63.1,36.9
9688,A,63.1,36.9
9690,none,63.1,36.9
9692,none,63.1,36.9
9694,none,63.1,36.9
9696,none,63.1,36.9
9698,none,63.1,36.9
9700,none,63.1,36.9
9702,none,63.1,36.9
9704,none,63.1,36.9
9706,none,63.1,36.9
9708,none,63.1,36.9
9710,none,63.1,36.9
9712,none,63.1,36.9
9714,none,63.1,36.9
9716,none,63.1,36.9
9718,none,63.1,36.9
9720,none,63.1,36.9
9722,none,63.1,36.9
9724,none,63.1,36.9
9726,none,63.1,36.9
9728,none,63.1,36.9
9730,none,63.1,36.9
9732,none,63.1,36.9
9734,none,63.1,36.9
9736,A,63.2,36.8
9738,none,63.2,36.8
9740,none,63.2,36.8
9742,none,63.2,36.8
9744,none,63.2,36.8
9746,A,63.2,36.8
9748,none,63.2,36.8
9750,none,63.2,36.8
9752,none,63.2,36.8
9754,none,63.2,36.8
9756,none,63.2,36.8
9758,none,63.2,36.8
9760,none,63.2,36.8
9762,none,63.2,36.8
9764,none,63.2,36.8
9766,none,63.2,36.8
9768,none,63.2,36.8
9770,A,63.3,36.7
9772,none,63.3,36.7
9774,none,63.3,36.7
9776,A,63.4,36.6
9778,none,63.4,36.6
9780,none,63.4,36.6
9782,none,63.4,36.6
9784,none,63.4,36.6
9786,none,63.4,36.6
9788,none,63.4,36.6
9790,none,63.4,36.6
9792,none,63.4,36.6
9794,none,63.4,36.6
9796,none,63.4,36.6
9798,none,63.4,36.6
9800,none,63.4,36.6
9802,none,63.4,36.6
9804,none,63.4,36.6
9806,none,63.4,36.6
9808,none,63.4,36.6
9810,none,63.4,36.6
9812,none,63.4,36.6
9814,none,63.4,36.6
9816,none,63.4,36.6
9818,none,63.4,36.6
9820,none,63.4,36.6
9822,none,63.4,36.6
9824,none,63.4,36.6
9826,none,63.4,36.6
9828,none,63.4,36.6
9830,none,63.4,36.6
9832,none,63.4,36.6
9834,none,63.4,36.6
9836,none,63.4,36.6
9838,none,63.4,36.6
9840,none,63.4,36.6
9842,none,63.4,36.6
9844,none,63.4,36.6
9846,none,63.4,36.6
9848,none,63.4,36.6
9850,none,63.4,36.6
9852,A,63.4,36.6
9854,none,63.4,36.6
9856,none,63.4,36.6
9858,A,63.5,36.5
9860,none,63.5,36.5
9862,none,63.5,36.5
9864,none,63.5,36.5
9866,none,63.5,36.5
9868,none,63.5,36.5
9870,none,63.5,36.5
9872,none,63.5,36.5
9874,none,63.5,36.5
9876,none,63.5,36.5
9878,B,63.4,36.6
9880,B,63.3,36.7
9882,none,63.3,36.7
9884,none,63.3,36.7
9886,none,63.3,36.7
9888,none,63.3,36.7
9890,none,63.3,36.7
9892,none,63.3,36.7
9894,none,63.3,36.7
9896,none,63.3,36.7
9898,none,63.3,36.7
9900,none,63.3,36.7
9902,none,63.3,36.7
9904,none,63.3,36.7
9906,none,63.3,36.7
9908,none,63.3,36.7
9910,none,63.3,36.7
9912,none,63.3,36.7
9914,none,63.3,36.7
9916,none,63.3,36.7
9918,none,63.3,36.7
9920,none,63.3,36.7
9922,none,63.3,36.7
9924,none,63.3,36.7
9926,none,63.3,36.7
9928,none,63.3,36.7
9930,none,63.3,36.7
9932,none,63.3,36.7
9934,none,63.3,36.7
9936,none,63.3,36.7
9938,none,63.3,36.7
9940,none,63.3,36.7
9942,none,63.3,36.7
9944,none,63.3,36.7
9946,none,63.3,36.7
9948,none,63.3,36.7
9950,none,63.3,36.7
9952,none,63.3,36.7
9954,A,63.3,36.7
9956,none,63.3,36.7
9958,A,63.4,36.6
9960,none,63.4,36.6
9962,A,63.4,36.6
9964,A,63.5,36.5
9966,A,63.5,36.5
9968,A,63.6,36.4
9970,A,63.6,36.4
9972,none,63.6,36.4
9974,A,63.7,36.3
9976,A,63.7,36.3
9978,A,63.8,36.2
9980,A,63.8,36.2
9982,A,63.9,36.1
9984,A,63.9,36.1
9986,A,64.0,36.0
9988,A,64.0,36.0
9990,none,64.0,36.0
9992,A,64.1,35.9
9994,A,64.1,35.9
9996,none,64.1,35.9
9998,none,64.1,35.9
10000,A,64.2,35.8
10002,A,64.2,35.8
10004,A,64.3,35.7
10006,A,64.3,35.7
10008,none,64.3,35.7
10010,none,64.3,35.7
10012,none,64.3,35.7
10014,none,64.3,35.7
10016,none,64.3,35.7
10018,none,64.3,35.7
10020,none,64.3,35.7
10022,none,64.3,35.7
10024,none,64.3,35.7
10026,none,64.3,35.7
10028,none,64.3,35.7
10030,A,64.4,35.6
10032,A,64.4,35.6
10034,none,64.4,35.6
10036,none,64.4,35.6
10038,none,64.4,35.6
10040,none,64.4,35.6
10042,none,64.4,35.6
10044,none,64.4,35.6
10046,none,64.4,35.6
10048,none,64.4,35.6
10050,none,64.4,35.6
10052,none,64.4,35.6
10054,none,64.4,35.6
10056,none,64.4,35.6
10058,none,64.4,35.6
10060,none,64.4,35.6
10062,none,64.4,35.6
10064,none,64.4,35.6
10066,none,64.4,35.6
10068,none,64.4,35.6
10070,none,64.4,35.6
10072,none,64.4,35.6
10074,none,64.4,35.6
10076,none,64.4,35.6
10078,none,64.4,35.6
10080,A,64.5,35.5
10082,none,64.5,35.5
10084,none,64.5,35.5
10086,A,64.5,35.5
10088,none,64.5,35.5
10090,none,64.5,35.5
10092,none,64.5,35.5
10094,none,64.5,35.5
10096,none,64.5,35.5
10098,none,64.5,35.5
10100,none,64.5,35.5
10102,none,64.5,35.5
10104,none,64.5,35.5
10106,none,64.5,35.5
10108,none,64.5,35.5
10110,none,64.5,35.5
10112,none,64.5,35.5
10114,none,64.5,35.5
10116,none,64.5,35.5
10118,none,64.5,35.5
10120,none,64.5,35.5
10122,none,64.5,35.5
10124,none,64.5,35.5
10126,none,64.5,35.5
10128,A,64.6,35.4
10130,none,64.6,35.4
10132,none,64.6,35.4
10134,none,64.6,35.4
10136,A,64.6,35.4
10138,none,64.6,35.4
10140,none,64.6,35.4
10142,none,64.6,35.4
10144,none,64.6,35.4
10146,none,64.6,35.4
10148,none,64.6,35.4
10150,none,64.6,35.4
10152,none,64.6,35.4
10154,none,64.6,35.4
10156,none,64.6,35.4
10158,none,64.6,35.4
10160,none,64.6,35.4
10162,none,64.6,35.4
10164,none,64.6,35.4
10166,none,64.6,35.4
10168,none,64.6,35.4
10170,none,64.6,35.4
10172,none,64.6,35.4
10174,none,64.6,35.4
10176,none,64.6,35.4
10178,none,64.6,35.4
10180,none,64.6,35.4
10182,none,64.6,35.4
10184,none,64.6,35.4
10186,none,64.6,35.4
10188,none,64.6,35.4
10190,none,64.6,35.4
10192,none,64.6,35.4
10194,none,64.6,35.4
10196,none,64.6,35.4
10198,none,64.6,35.4
10200,none,64.6,35.4
10202,none,64.6,35.4
10204,none,64.6,35.4
10206,none,64.6,35.4
10208,none,64.6,35.4
10210,none,64.6,35.4
10212,none,64.6,35.4
10214,none,64.6,35.4
10216,none,64.6,35.4
10218,A,64.7,35.3
10220,none,64.7,35.3
10222,none,64.7,35.3
10224,A,64.7,35.3
10226,A,64.8,35.2
10228,A,64.8,35.2
10230,A,64.9,35.1
10232,A,64.9,35.1
10234,none,64.9,35.1
10236,A,65.0,35.0
10238,A,65.0,35.0
10240,none,65.0,35.0
10242,A,65.1,34.9
10244,none,65.1,34.9
10246,none,65.1,34.9
10248,none,65.1,34.9
10250,none,65.1,34.9
10252,none,65.1,34.9
10254,none,65.1,34.9
10256,none,65.1,34.9
10258,none,65.1,34.9
10260,none,65.1,34.9
10262,none,65.1,34.9
10264,none,65.1,34.9
10266,none,65.1,34.9
10268,none,65.1,34.9
10270,none,65.1,34.9
10272,none,65.1,34.9
10274,none,65.1,34.9
10276,none,65.1,34.9
10278,none,65.1,34.9
10280,none,65.1,34.9
10282,none,65.1,34.9
10284,none,65.1,34.9
10286,none,65.1,34.9
10288,A,65.1,34.9
10290,none,65.1,34.9
10292,none,65.1,34.9
10294,none,65.1,34.9
10296,A,65.1,34.9
10298,none,65.1,34.9
10300,none,65.1,34.9
10302,none,65.1,34.9
10304,none,65.1,34.9
10306,none,65.1,34.9
10308,none,65.1,34.9
10310,none,65.1,34.9
10312,none,65.1,34.9
10314,none,65.1,34.9
10316,none,65.1,34.9
10318,none,65.1,34.9
10320,none,65.1,34.9
10322,A,65.2,34.8
10324,A,65.2,34.8
10326,A,65.3,34.7
10328,A,65.3,34.7
10330,A,65.4,34.6
10332,A,65.4,34.6
10334,A,65.5,34.5
10336,none,65.5,34.5
10338,none,65.5,34.5
10340,none,65.5,34.5
10342,none,65.5,34.5
10344,none,65.5,34.5
10346,none,65.5,34.5
10348,none,65.5,34.5
10350,none,65.5,34.5
10352,none,65.5,34.5
10354,none,65.5,34.5
10356,none,65.5,34.5
10358,none,65.5,34.5
10360,none,65.5,34.5
10362,none,65.5,34.5
10364,none,65.5,34.5
10366,A,65.5,34.5
10368,none,65.5,34.5
10370,none,65.5,34.5
10372,none,65.5,34.5
10374,none,65.5,34.5
10376,none,65.5,34.5
10378,none,65.5,34.5
10380,none,65.5,34.5
10382,none,65.5,34.5
10384,none,65.5,34.5
10386,none,65.5,34.5
10388,none,65.5,34.5
10390,none,65.5,34.5
10392,none,65.5,34.5
10394,A,65.6,34.4
10396,none,65.6,34.4
10398,none,65.6,34.4
10400,A,65.6,34.4
10402,none,65.6,34.4
10404,none,65.6,34.4
10406,none,65.6,34.4
10408,none,65.6,34.4
10410,none,65.6,34.4
10412,none,65.6,34.4
10414,none,65.6,34.4
10416,none,65.6,34.4
10418,none,65.6,34.4
10420,none,65.6,34.4
10422,none,65.6,34.4
10424,none,65.6,34.4
10426,none,65.6,34.4
10428,none,65.6,34.4
10430,none,65.6,34.4
10432,none,65.6,34.4
10434,none,65.6,34.4
10436,none,65.6,34.4
10438,none,65.6,34.4
10440,none,65.6,34.4
10442,none,65.6,34.4
10444,none,65.6,34.4
10446,none,65.6,34.4
10448,none,65.6,34.4
10450,none,65.6,34.4
10452,none,65.6,34.4
10454,none,65.6,34.4
10456,none,65.6,34.4
10458,none,65.6,34.4
10460,none,65.6,34.4
10462,none,65.6,34.4
10464,none,65.6,34.4
10466,none,65.6,34.4
10468,none,65.6,34.4
10470,none,65.6,34.4
10472,none,65.6,34.4
10474,none,65.6,34.4
10476,none,65.6,34.4
10478,none,65.6,34.4
10480,none,65.6,34.4
10482,none,65.6,34.4
10484,none,65.6,34.4
10486,none,65.6,34.4
10488,none,65.6,34.4
10490,none,65.6,34.4
10492,none,65.6,34.4
10494,none,65.6,34.4
10496,none,65.6,34.4
10498,none,65.6,34.4
10500,none,65.6,34.4
10502,none,65.6,34.4
10504,none,65.6,34.4
10506,none,65.6,34.4
10508,none,65.6,34.4
10510,none,65.6,34.4
10512,none,65.6,34.4
10514,none,65.6,34.4
10516,none,65.6,34.4
10518,none,65.6,34.4
10520,none,65.6,34.4
10522,none,65.6,34.4
10524,none,65.6,34.4
10526,none,65.6,34.4
10528,none,65.6,34.4
10530,A,65.7,34.3
10532,none,65.7,34.3
10534,none,65.7,34.3
10536,none,65.7,34.3
10538,none,65.7,34.3
10540,none,65.7,34.3
10542,none,65.7,34.3
10544,none,65.7,34.3
10546,none,65.7,34.3
10548,none,65.7,34.3
10550,none,65.7,34.3
10552,none,65.7,34.3
10554,none,65.7,34.3
10556,none,65.7,34.3
10558,none,65.7,34.3
10560,none,65.7,34.3
10562,none,65.7,34.3
10564,none,65.7,34.3
10566,none,65.7,34.3
10568,none,65.7,34.3
10570,none,65.7,34.3
10572,none,65.7,34.3
10574,none,65.7,34.3
10576,none,65.7,34.3
10578,none,65.7,34.3
10580,none,65.7,34.3
10582,none,65.7,34.3
10584,none,65.7,34.3
10586,none,65.7,34.3
10588,none,65.7,34.3
10590,none,65.7,34.3
10592,none,65.7,34.3
10594,none,65.7,34.3
10596,none,65.7,34.3
10598,none,65.7,34.3
10600,none,65.7,34.3
10602,none,65.7,34.3
10604,none,65.7,34.3
10606,none,65.7,34.3
10608,none,65.7,34.3
10610,none,65.7,34.3
10612,none,65.7,34.3
10614,none,65.7,34.3
10616,none,65.7,34.3
10618,none,65.7,34.3
10620,none,65.7,34.3
10622,none,65.7,34.3
10624,none,65.7,34.3
10626,none,65.7,34.3
10628,none,65.7,34.3
10630,none,65.7,34.3
10632,none,65.7,34.3
10634,none,65.7,34.3
10636,none,65.7,34.3
10638,A,65.7,34.3
10640,A,65.7,34.3
10642,none,65.7,34.3
10644,none,65.7,34.3
10646,none,65.7,34.3
10648,none,65.7,34.3
10650,none,65.7,34.3
10652,none,65.7,34.3
10654,none,65.7,34.3
10656,none,65.7,34.3
10658,none,65.7,34.3
10660,none,65.7,34.3
10662,none,65.7,34.3
10664,none,65.7,34.3
10666,none,65.7,34.3
10668,none,65.7,34.3
10670,none,65.7,34.3
10672,none,65.7,34.3
10674,none,65.7,34.3
10676,none,65.7,34.3
10678,none,65.7,34.3
10680,none,65.7,34.3
10682,none,65.7,34.3
10684,none,65.7,34.3
10686,none,65.7,34.3
10688,none,65.7,34.3
10690,none,65.7,34.3
10692,none,65.7,34.3
10694,none,65.7,34.3
10696,none,65.7,34.3
10698,none,65.7,34.3
10700,none,65.7,34.3
10702,none,65.7,34.3
10704,none,65.7,34.3
10706,none,65.7,34.3
10708,none,65.7,34.3
10710,none,65.7,34.3
10712,none,65.7,34.3
10714,none,65.7,34.3
10716,none,65.7,34.3
10718,none,65.7,34.3
10720,none,65.7,34.3
10722,none,65.7,34.3
10724,none,65.7,34.3
10726,none,65.7,34.3
10728,none,65.7,34.3
10730,none,65.7,34.3
10732,none,65.7,34.3
10734,none,65.7,34.3
10736,none,65.7,34.3
10738,none,65.7,34.3
10740,none,65.7,34.3
10742,none,65.7,34.3
10744,none,65.7,34.3
10746,none,65.7,34.3
10748,none,65.7,34.3
10750,none,65.7,34.3
10752,none,65.7,34.3
10754,none,65.7,34.3
10756,none,65.7,34.3
10758,none,65.7,34.3
10760,none,65.7,34.3
10762,none,65.7,34.3
10764,none,65.7,34.3
10766,none,65.7,34.3
10768,none,65.7,34.3
10770,none,65.7,34.3
10772,none,65.7,34.3
10774,none,65.7,34.3
10776,none,65.7,34.3
10778,none,65.7,34.3
10780,none,65.7,34.3
10782,none,65.7,34.3
10784,none,65.7,34.3
10786,none,65.7,34.3
10788,none,65.7,34.3
10790,none,65.7,34.3
10792,none,65.7,34.3
10794,none,65.7,34.3
10796,none,65.7,34.3
10798,none,65.7,34.3
10800,none,65.7,34.3
10802,none,65.7,34.3
10804,none,65.7,34.3
10806,none,65.7,34.3
10808,none,65.7,34.3
10810,none,65.7,34.3
10812,none,65.7,34.3
10814,none,65.7,34.3
10816,none,65.7,34.3
10818,A,65.8,34.2
10820,A,65.8,34.2
10822,A,65.9,34.1
10824,A,65.9,34.1
10826,none,65.9,34.1
10828,none,65.9,34.1
10830,none,65.9,34.1
10832,none,65.9,34.1
10834,none,65.9,34.1
10836,none,65.9,34.1
10838,none,65.9,34.1
10840,none,65.9,34.1
10842,none,65.9,34.1
10844,none,65.9,34.1
10846,none,65.9,34.1
10848,none,65.9,34.1
10850,none,65.9,34.1
10852,none,65.9,34.1
10854,none,65.9,34.1
10856,none,65.9,34.1
10858,none,65.9,34.1
10860,none,65.9,34.1
10862,none,65.9,34.1
10864,none,65.9,34.1
10866,none,65.9,34.1
10868,A,66.0,34.0
10870,none,66.0,34.0
10872,none,66.0,34.0
10874,none,66.0,34.0
10876,none,66.0,34.0
10878,none,66.0,34.0
10880,none,66.0,34.0
10882,none,66.0,34.0
10884,none,66.0,34.0
10886,none,66.0,34.0
10888,none,66.0,34.0
10890,none,66.0,34.0
10892,none,66.0,34.0
10894,none,66.0,34.0
10896,none,66.0,34.0
10898,none,66.0,34.0
10900,none,66.0,34.0
10902,none,66.0,34.0
10904,none,66.0,34.0
10906,none,66.0,34.0
10908,none,66.0,34.0
10910,none,66.0,34.0
10912,none,66.0,34.0
10914,none,66.0,34.0
10916,none,66.0,34.0
10918,none,66.0,34.0
10920,none,66.0,34.0
10922,none,66.0,34.0
10924,none,66.0,34.0
10926,none,66.0,34.0
10928,none,66.0,34.0
10930,none,66.0,34.0
10932,none,66.0,34.0
10934,none,66.0,34.0
10936,none,66.0,34.0
10938,none,66.0,34.0
10940,none,66.0,34.0
10942,none,66.0,34.0
10944,none,66.0,34.0
10946,none,66.0,34.0
10948,none,66.0,34.0
10950,none,66.0,34.0
10952,none,66.0,34.0
10954,none,66.0,34.0
10956,none,66.0,34.0
10958,none,66.0,34.0
10960,none,66.0,34.0
10962,none,66.0,34.0
10964,none,66.0,34.0
10966,none,66.0,34.0
10968,none,66.0,34.0
10970,none,66.0,34.0
10972,none,66.0,34.0
10974,none,66.0,34.0
10976,none,66.0,34.0
10978,none,66.0,34.0
10980,none,66.0,34.0
10982,none,66.0,34.0
10984,none,66.0,34.0
10986,none,66.0,34.0
10988,none,66.0,34.0
10990,none,66.0,34.0
10992,none,66.0,34.0
10994,none,66.0,34.0
10996,none,66.0,34.0
10998,none,66.0,34.0
11000,none,66.0,34.0
11002,none,66.0,34.0
11004,none,66.0,34.0
11006,none,66.0,34.0
11008,none,66.0,34.0
11010,none,66.0,34.0
11012,none,66.0,34.0
11014,none,66.0,34.0
11016,none,66.0,34.0
11018,none,66.0,34.0
11020,none,66.0,34.0
11022,none,66.0,34.0
11024,none,66.0,34.0
11026,none,66.0,34.0
11028,none,66.0,34.0
11030,none,66.0,34.0
11032,none,66.0,34.0
11034,none,66.0,34.0
11036,none,66.0,34.0
11038,none,66.0,34.0
11040,none,66.0,34.0
11042,none,66.0,34.0
11044,none,66.0,34.0
11046,none,66.0,34.0
11048,none,66.0,34.0
11050,none,66.0,34.0
11052,none,66.0,34.0
11054,none,66.0,34.0
11056,none,66.0,34.0
11058,none,66.0,34.0
11060,none,66.0,34.0
11062,none,66.0,34.0
11064,none,66.0,34.0
11066,none,66.0,34.0
11068,none,66.0,34.0
11070,none,66.0,34.0
11072,none,66.0,34.0
11074,none,66.0,34.0
11076,none,66.0,34.0
11078,none,66.0,34.0
11080,none,66.0,34.0
11082,none,66.0,34.0
11084,none,66.0,34.0
11086,none,66.0,34.0
11088,none,66.0,34.0
11090,none,66.0,34.0
11092,none,66.0,34.0
11094,none,66.0,34.0
11096,none,66.0,34.0
11098,none,66.0,34.0
11100,none,66.0,34.0
11102,none,66.0,34.0
11104,none,66.0,34.0
11106,none,66.0,34.0
11108,none,66.0,34.0
11110,none,66.0,34.0
11112,none,66.0,34.0
11114,none,66.0,34.0
11116,none,66.0,34.0
11118,none,66.0,34.0
11120,none,66.0,34.0
11122,none,66.0,34.0
11124,none,66.0,34.0
11126,none,66.0,34.0
11128,none,66.0,34.0
11130,none,66.0,34.0
11132,none,66.0,34.0
11134,none,66.0,34.0
11136,none,66.0,34.0
11138,none,66.0,34.0
11140,none,66.0,34.0
11142,none,66.0,34.0
11144,none,66.0,34.0
11146,none,66.0,34.0
11148,none,66.0,34.0
11150,none,66.0,34.0
11152,none,66.0,34.0
11154,none,66.0,34.0
11156,none,66.0,34.0
11158,none,66.0,34.0
11160,none,66.0,34.0
11162,none,66.0,34.0
11164,none,66.0,34.0
11166,none,66.0,34.0
11168,none,66.0,34.0
11170,none,66.0,34.0
11172,none,66.0,34.0
11174,none,66.0,34.0
11176,none,66.0,34.0
11178,none,66.0,34.0
11180,none,66.0,34.0
11182,none,66.0,34.0
11184,none,66.0,34.0
11186,none,66.0,34.0
11188,none,66.0,34.0
11190,none,66.0,34.0
11192,none,66.0,34.0
11194,none,66.0,34.0
11196,none,66.0,34.0
11198,none,66.0,34.0
11200,none,66.0,34.0
11202,none,66.0,34.0
11204,none,66.0,34.0
11206,none,66.0,34.0
11208,none,66.0,34.0
11210,none,66.0,34.0
11212,none,66.0,34.0
11214,none,66.0,34.0
11216,none,66.0,34.0
11218,none,66.0,34.0
11220,none,66.0,34.0
11222,none,66.0,34.0
11224,none,66.0,34.0
11226,none,66.0,34.0
11228,none,66.0,34.0
11230,none,66.0,34.0
11232,none,66.0,34.0
11234,none,66.0,34.0
11236,none,66.0,34.0
11238,none,66.0,34.0
11240,none,66.0,34.0
11242,none,66.0,34.0
11244,none,66.0,34.0
11246,none,66.0,34.0
11248,none,66.0,34.0
11250,none,66.0,34.0
11252,none,66.0,34.0
11254,none,66.0,34.0
11256,none,66.0,34.0
11258,none,66.0,34.0
11260,none,66.0,34.0
11262,none,66.0,34.0
11264,none,66.0,34.0
11266,none,66.0,34.0
11268,none,66.0,34.0
11270,none,66.0,34.0
11272,none,66.0,34.0
11274,none,66.0,34.0
11276,none,66.0,34.0
11278,none,66.0,34.0
11280,none,66.0,34.0
11282,none,66.0,34.0
11284,none,66.0,34.0
11286,none,66.0,34.0
11288,none,66.0,34.0
11290,none,66.0,34.0
11292,none,66.0,34.0
11294,none,66.0,34.0
11296,none,66.0,34.0
11298,none,66.0,34.0
11300,none,66.0,34.0
11302,none,66.0,34.0
11304,none,66.0,34.0
11306,none,66.0,34.0
11308,none,66.0,34.0
11310,none,66.0,34.0
11312,none,66.0,34.0
11314,none,66.0,34.0
11316,none,66.0,34.0
11318,none,66.0,34.0
11320,none,66.0,34.0
11322,none,66.0,34.0
11324,none,66.0,34.0
11326,none,66.0,34.0
11328,none,66.0,34.0
11330,none,66.0,34.0
11332,none,66.0,34.0
11334,none,66.0,34.0
11336,none,66.0,34.0
11338,none,66.0,34.0
11340,none,66.0,34.0
11342,none,66.0,34.0
11344,none,66.0,34.0
11346,none,66.0,34.0
11348,none,66.0,34.0
11350,none,66.0,34.0
11352,none,66.0,34.0
11354,none,66.0,34.0
11356,none,66.0,34.0
11358,none,66.0,34.0
11360,none,66.0,34.0
11362,none,66.0,34.0
11364,none,66.0,34.0
11366,none,66.0,34.0
11368,none,66.0,34.0
11370,none,66.0,34.0
11372,none,66.0,34.0
11374,none,66.0,34.0
11376,none,66.0,34.0
11378,none,66.0,34.0
11380,none,66.0,34.0
11382,A,66.0,34.0
11384,none,66.0,34.0
11386,none,66.0,34.0
11388,none,66.0,34.0
11390,none,66.0,34.0
11392,none,66.0,34.0
11394,none,66.0,34.0
11396,none,66.0,34.0
11398,none,66.0,34.0
11400,none,66.0,34.0
11402,none,66.0,34.0
11404,none,66.0,34.0
11406,none,66.0,34.0
11408,none,66.0,34.0
11410,none,66.0,34.0
11412,none,66.0,34.0
11414,none,66.0,34.0
11416,none,66.0,34.0
11418,none,66.0,34.0
11420,none,66.0,34.0
11422,none,66.0,34.0
11424,none,66.0,34.0
11426,none,66.0,34.0
11428,none,66.0,34.0
11430,none,66.0,34.0
11432,none,66.0,34.0
11434,none,66.0,34.0
11436,none,66.0,34.0
11438,none,66.0,34.0
11440,none,66.0,34.0
11442,none,66.0,34.0
11444,none,66.0,34.0
11446,none,66.0,34.0
11448,none,66.0,34.0
11450,none,66.0,34.0
11452,none,66.0,34.0
11454,none,66.0,34.0
11456,none,66.0,34.0
11458,none,66.0,34.0
11460,none,66.0,34.0
11462,none,66.0,34.0
11464,none,66.0,34.0
11466,none,66.0,34.0
11468,none,66.0,34.0
11470,none,66.0,34.0
11472,none,66.0,34.0
11474,none,66.0,34.0
11476,none,66.0,34.0
11478,none,66.0,34.0
11480,none,66.0,34.0
11482,none,66.0,34.0
11484,none,66.0,34.0
11486,none,66.0,34.0
11488,none,66.0,34.0
11490,none,66.0,34.0
11492,none,66.0,34.0
11494,none,66.0,34.0
11496,none,66.0,34.0
11498,none,66.0,34.0
11500,none,66.0,34.0
11502,none,66.0,34.0
11504,none,66.0,34.0
11506,none,66.0,34.0
11508,none,66.0,34.0
11510,none,66.0,34.0
11512,none,66.0,34.0
11514,none,66.0,34.0
11516,none,66.0,34.0
11518,none,66.0,34.0
11520,none,66.0,34.0
11522,none,66.0,34.0
11524,none,66.0,34.0
11526,none,66.0,34.0
11528,none,66.0,34.0
11530,none,66.0,34.0
11532,none,66.0,34.0
11534,none,66.0,34.0
11536,none,66.0,34.0
11538,none,66.0,34.0
11540,none,66.0,34.0
11542,none,66.0,34.0
11544,none,66.0,34.0
11546,none,66.0,34.0
11548,none,66.0,34.0
11550,none,66.0,34.0
11552,none,66.0,34.0
11554,none,66.0,34.0
11556,none,66.0,34.0
11558,A,66.1,33.9
11560,none,66.1,33.9
11562,none,66.1,33.9
11564,none,66.1,33.9
11566,none,66.1,33.9
11568,none,66.1,33.9
11570,none,66.1,33.9
11572,none,66.1,33.9
11574,none,66.1,33.9
11576,none,66.1,33.9
11578,none,66.1,33.9
11580,none,66.1,33.9
11582,A,66.1,33.9
11584,A,66.1,33.9
11586,A,66.2,33.8
11588,A,66.2,33.8
11590,A,66.3,33.7
11592,none,66.3,33.7
11594,none,66.3,33.7
11596,none,66.3,33.7
11598,none,66.3,33.7
11600,none,66.3,33.7
11602,none,66.3,33.7
11604,none,66.3,33.7
11606,none,66.3,33.7
11608,none,66.3,33.7
11610,none,66.3,33.7
11612,none,66.3,33.7
11614,none,66.3,33.7
11616,none,66.3,33.7
11618,none,66.3,33.7
11620,none,66.3,33.7
11622,none,66.3,33.7
11624,none,66.3,33.7
11626,none,66.3,33.7
11628,none,66.3,33.7
11630,none,66.3,33.7
11632,none,66.3,33.7
11634,B,66.2,33.8
11636,A,66.2,33.8
11638,none,66.2,33.8
11640,none,66.2,33.8
11642,none,66.2,33.8
11644,none,66.2,33.8
11646,none,66.2,33.8
11648,none,66.2,33.8
11650,none,66.2,33.8
11652,none,66.2,33.8
11654,none,66.2,33.8
11656,none,66.2,33.8
11658,A,66.3,33.7
11660,none,66.3,33.7
11662,none,66.3,33.7
11664,none,66.3,33.7
11666,none,66.3,33.7
11668,none,66.3,33.7
11670,none,66.3,33.7
11672,none,66.3,33.7
11674,none,66.3,33.7
11676,none,66.3,33.7
11678,none,66.3,33.7
11680,none,66.3,33.7
11682,none,66.3,33.7
11684,none,66.3,33.7
11686,none,66.3,33.7
11688,none,66.3,33.7
11690,none,66.3,33.7
11692,none,66.3,33.7
11694,none,66.3,33.7
11696,none,66.3,33.7
11698,none,66.3,33.7
11700,none,66.3,33.7
11702,none,66.3,33.7
11704,none,66.3,33.7
11706,none,66.3,33.7
11708,none,66.3,33.7
11710,A,66.3,33.7
11712,none,66.3,33.7
11714,A,66.4,33.6
11716,none,66.4,33.6
11718,A,66.4,33.6
11720,A,66.5,33.5
11722,none,66.5,33.5
11724,none,66.5,33.5
11726,none,66.5,33.5
11728,none,66.5,33.5
11730,none,66.5,33.5
11732,none,66.5,33.5
11734,none,66.5,33.5
11736,none,66.5,33.5
11738,none,66.5,33.5
11740,B,66.4,33.6
11742,B,66.3,33.7
11744,B,66.2,33.8
11746,none,66.2,33.8
11748,none,66.2,33.8
11750,none,66.2,33.8
11752,none,66.2,33.8
11754,none,66.2,33.8
11756,none,66.2,33.8
11758,none,66.2,33.8
11760,none,66.2,33.8
11762,none,66.2,33.8
11764,none,66.2,33.8
11766,none,66.2,33.8
11768,none,66.2,33.8
11770,none,66.2,33.8
11772,none,66.2,33.8
11774,none,66.2,33.8
11776,none,66.2,33.8
11778,none,66.2,33.8
11780,none,66.2,33.8
11782,none,66.2,33.8
11784,none,66.2,33.8
11786,none,66.2,33.8
11788,none,66.2,33.8
11790,none,66.2,33.8
11792,none,66.2,33.8
11794,none,66.2,33.8
11796,none,66.2,33.8
11798,none,66.2,33.8
11800,none,66.2,33.8
11802,none,66.2,33.8
11804,none,66.2,33.8
11806,none,66.2,33.8
11808,none,66.2,33.8
11810,none,66.2,33.8
11812,none,66.2,33.8
11814,none,66.2,33.8
11816,none,66.2,33.8
11818,none,66.2,33.8
11820,none,66.2,33.8
11822,none,66.2,33.8
11824,none,66.2,33.8
11826,none,66.2,33.8
11828,none,66.2,33.8
11830,none,66.2,33.8
11832,none,66.2,33.8
11834,none,66.2,33.8
11836,none,66.2,33.8
11838,A,66.2,33.8
11840,none,66.2,33.8
11842,none,66.2,33.8
11844,none,66.2,33.8
11846,none,66.2,33.8
11848,none,66.2,33.8
11850,none,66.2,33.8
11852,none,66.2,33.8
11854,none,66.2,33.8
11856,none,66.2,33.8
11858,none,66.2,33.8
11860,none,66.2,33.8
11862,none,66.2,33.8
11864,none,66.2,33.8
11866,none,66.2,33.8
11868,none,66.2,33.8
11870,none,66.2,33.8
11872,none,66.2,33.8
11874,none,66.2,33.8
11876,none,66.2,33.8
11878,none,66.2,33.8
11880,none,66.2,33.8
11882,none,66.2,33.8
11884,none,66.2,33.8
11886,none,66.2,33.8
11888,none,66.2,33.8
11890,none,66.2,33.8
11892,none,66.2,33.8
11894,A,66.3,33.7
11896,none,66.3,33.7
11898,none,66.3,33.7
11900,none,66.3,33.7
11902,none,66.3,33.7
11904,A,66.3,33.7
11906,none,66.3,33.7
11908,none,66.3,33.7
11910,none,66.3,33.7
11912,none,66.3,33.7
11914,none,66.3,33.7
11916,none,66.3,33.7
11918,none,66.3,33.7
11920,none,66.3,33.7
11922,none,66.3,33.7
11924,none,66.3,33.7
11926,none,66.3,33.7
11928,none,66.3,33.7
11930,none,66.3,33.7
11932,none,66.3,33.7
11934,none,66.3,33.7
11936,none,66.3,33.7
11938,none,66.3,33.7
11940,none,66.3,33.7
11942,B,66.2,33.8
11944,none,66.2,33.8
11946,none,66.2,33.8
11948,none,66.2,33.8
11950,A,66.3,33.7
11952,none,66.3,33.7
11954,A,66.3,33.7
11956,none,66.3,33.7
11958,none,66.3,33.7
11960,none,66.3,33.7
11962,none,66.3,33.7
11964,none,66.3,33.7
11966,none,66.3,33.7
11968,none,66.3,33.7
11970,none,66.3,33.7
11972,none,66.3,33.7
11974,none,66.3,33.7
11976,none,66.3,33.7
11978,none,66.3,33.7
11980,none,66.3,33.7
11982,none,66.3,33.7
11984,none,66.3,33.7
11986,none,66.3,33.7
11988,none,66.3,33.7
11990,none,66.3,33.7
11992,none,66.3,33.7
11994,none,66.3,33.7
11996,none,66.3,33.7
11998,none,66.3,33.7
12000,none,66.3,33.7
12002,none,66.3,33.7
12004,none,66.3,33.7
12006,none,66.3,33.7
12008,none,66.3,33.7
12010,none,66.3,33.7
12012,none,66.3,33.7
12014,none,66.3,33.7
12016,none,66.3,33.7
12018,none,66.3,33.7
12020,none,66.3,33.7
12022,none,66.3,33.7
12024,none,66.3,33.7
12026,none,66.3,33.7
12028,none,66.3,33.7
12030,none,66.3,33.7
12032,none,66.3,33.7
12034,none,66.3,33.7
12036,none,66.3,33.7
12038,none,66.3,33.7
12040,none,66.3,33.7
12042,none,66.3,33.7
12044,none,66.3,33.7
12046,none,66.3,33.7
12048,none,66.3,33.7
12050,none,66.3,33.7
12052,none,66.3,33.7
12054,none,66.3,33.7
12056,none,66.3,33.7
12058,none,66.3,33.7
12060,none,66.3,33.7
12062,none,66.3,33.7
12064,none,66.3,33.7
12066,none,66.3,33.7
12068,none,66.3,33.7
12070,none,66.3,33.7
12072,none,66.3,33.7
12074,none,66.3,33.7
12076,none,66.3,33.7
12078,none,66.3,33.7
12080,none,66.3,33.7
12082,none,66.3,33.7
12084,none,66.3,33.7
12086,none,66.3,33.7
12088,none,66.3,33.7
12090,none,66.3,33.7
12092,none,66.3,33.7
12094,none,66.3,33.7
12096,none,66.3,33.7
12098,none,66.3,33.7
12100,none,66.3,33.7
12102,none,66.3,33.7
12104,none,66.3,33.7
12106,none,66.3,33.7
12108,none,66.3,33.7
12110,none,66.3,33.7
12112,none,66.3,33.7
12114,none,66.3,33.7
12116,none,66.3,33.7
12118,none,66.3,33.7
12120,none,66.3,33.7
12122,none,66.3,33.7
12124,none,66.3,33.7
12126,none,66.3,33.7
12128,none,66.3,33.7
12130,none,66.3,33.7
12132,none,66.3,33.7
12134,none,66.3,33.7
12136,none,66.3,33.7
12138,none,66.3,33.7
12140,none,66.3,33.7
12142,none,66.3,33.7
12144,none,66.3,33.7
12146,none,66.3,33.7
12148,none,66.3,33.7
12150,none,66.3,33.7
12152,none,66.3,33.7
12154,none,66.3,33.7
12156,none,66.3,33.7
12158,none,66.3,33.7
12160,none,66.3,33.7
12162,none,66.3,33.7
12164,none,66.3,33.7
12166,none,66.3,33.7
12168,none,66.3,33.7
12170,none,66.3,33.7
12172,none,66.3,33.7
12174,none,66.3,33.7
12176,none,66.3,33.7
12178,none,66.3,33.7
12180,none,66.3,33.7
12182,none,66.3,33.7
12184,none,66.3,33.7
12186,none,66.3,33.7
12188,none,66.3,33.7
12190,none,66.3,33.7
12192,none,66.3,33.7
12194,none,66.3,33.7
12196,none,66.3,33.7
12198,none,66.3,33.7
12200,none,66.3,33.7
12202,none,66.3,33.7
12204,none,66.3,33.7
12206,none,66.3,33.7
12208,none,66.3,33.7
12210,none,66.3,33.7
12212,none,66.3,33.7
12214,none,66.3,33.7
12216,none,66.3,33.7
12218,none,66.3,33.7
12220,none,66.3,33.7
12222,none,66.3,33.7
12224,none,66.3,33.7
12226,none,66.3,33.7
12228,none,66.3,33.7
12230,none,66.3,33.7
12232,none,66.3,33.7
12234,none,66.3,33.7
12236,none,66.3,33.7
12238,none,66.3,33.7
12240,none,66.3,33.7
12242,none,66.3,33.7
12244,none,66.3,33.7
12246,none,66.3,33.7
12248,none,66.3,33.7
12250,none,66.3,33.7
12252,none,66.3,33.7
12254,none,66.3,33.7
12256,none,66.3,33.7
12258,none,66.3,33.7
12260,none,66.3,33.7
12262,none,66.3,33.7
12264,none,66.3,33.7
12266,none,66.3,33.7
12268,none,66.3,33.7
12270,none,66.3,33.7
12272,none,66.3,33.7
12274,none,66.3,33.7
12276,none,66.3,33.7
12278,none,66.3,33.7
12280,none,66.3,33.7
12282,none,66.3,33.7
12284,none,66.3,33.7
12286,none,66.3,33.7
12288,none,66.3,33.7
12290,none,66.3,33.7
12292,none,66.3,33.7
12294,none,66.3,33.7
12296,none,66.3,33.7
12298,none,66.3,33.7
12300,none,66.3,33.7
12302,none,66.3,33.7
12304,none,66.3,33.7
12306,none,66.3,33.7
12308,none,66.3,33.7
12310,none,66.3,33.7
12312,none,66.3,33.7
12314,none,66.3,33.7
12316,none,66.3,33.7
12318,none,66.3,33.7
12320,none,66.3,33.7
12322,none,66.3,33.7
12324,none,66.3,33.7
12326,none,66.3,33.7
12328,none,66.3,33.7
12330,none,66.3,33.7
12332,none,66.3,33.7
12334,none,66.3,33.7
12336,none,66.3,33.7
12338,none,66.3,33.7
12340,none,66.3,33.7
12342,none,66.3,33.7
12344,none,66.3,33.7
12346,none,66.3,33.7
12348,none,66.3,33.7
12350,none,66.3,33.7
12352,none,66.3,33.7
12354,none,66.3,33.7
12356,none,66.3,33.7
12358,none,66.3,33.7
12360,none,66.3,33.7
12362,none,66.3,33.7
12364,none,66.3,33.7
12366,none,66.3,33.7
12368,none,66.3,33.7
12370,none,66.3,33.7
12372,none,66.3,33.7
12374,none,66.3,33.7
12376,none,66.3,33.7
12378,none,66.3,33.7
12380,none,66.3,33.7
12382,none,66.3,33.7
12384,B,66.2,33.8
12386,none,66.2,33.8
12388,none,66.2,33.8
12390,none,66.2,33.8
12392,none,66.2,33.8
12394,none,66.2,33.8
12396,none,66.2,33.8
12398,none,66.2,33.8
12400,none,66.2,33.8
12402,none,66.2,33.8
12404,none,66.2,33.8
12406,none,66.2,33.8
12408,none,66.2,33.8
12410,none,66.2,33.8
12412,none,66.2,33.8
12414,none,66.2,33.8
12416,none,66.2,33.8
12418,none,66.2,33.8
12420,none,66.2,33.8
12422,none,66.2,33.8
12424,none,66.2,33.8
12426,none,66.2,33.8
12428,none,66.2,33.8
12430,none,66.2,33.8
12432,none,66.2,33.8
12434,none,66.2,33.8
12436,none,66.2,33.8
12438,none,66.2,33.8
12440,none,66.2,33.8
12442,none,66.2,33.8
12444,none,66.2,33.8
12446,none,66.2,33.8
12448,none,66.2,33.8
12450,none,66.2,33.8
12452,none,66.2,33.8
12454,none,66.2,33.8
12456,none,66.2,33.8
12458,none,66.2,33.8
12460,none,66.2,33.8
12462,none,66.2,33.8
12464,none,66.2,33.8
12466,none,66.2,33.8
12468,none,66.2,33.8
12470,none,66.2,33.8
12472,B,66.2,33.8
12474,none,66.2,33.8
12476,B,66.1,33.9
12478,B,66.0,34.0
12480,B,65.9,34.1
12482,B,65.8,34.2
12484,B,65.7,34.3
12486,B,65.7,34.3
12488,B,65.6,34.4
12490,none,65.6,34.4
12492,none,65.6,34.4
12494,none,65.6,34.4
12496,none,65.6,34.4
12498,none,65.6,34.4
12500,none,65.6,34.4
12502,none,65.6,34.4
12504,none,65.6,34.4
12506,none,65.6,34.4
12508,none,65.6,34.4
12510,none,65.6,34.4
12512,none,65.6,34.4
12514,none,65.6,34.4
12516,none,65.6,34.4
12518,none,65.6,34.4
12520,none,65.6,34.4
12522,none,65.6,34.4
12524,none,65.6,34.4
12526,none,65.6,34.4
12528,none,65.6,34.4
12530,none,65.6,34.4
12532,none,65.6,34.4
12534,none,65.6,34.4
12536,none,65.6,34.4
12538,none,65.6,34.4
12540,none,65.6,34.4
12542,none,65.6,34.4
12544,none,65.6,34.4
12546,none,65.6,34.4
12548,none,65.6,34.4
12550,none,65.6,34.4
12552,none,65.6,34.4
12554,none,65.6,34.4
12556,none,65.6,34.4
12558,none,65.6,34.4
12560,B,65.5,34.5
12562,B,65.4,34.6
12564,none,65.4,34.6
12566,B,65.3,34.7
12568,none,65.3,34.7
12570,A,65.4,34.6
12572,A,65.4,34.6
12574,A,65.5,34.5
12576,none,65.5,34.5
12578,none,65.5,34.5
12580,none,65.5,34.5
12582,none,65.5,34.5
12584,none,65.5,34.5
12586,none,65.5,34.5
12588,none,65.5,34.5
12590,none,65.5,34.5
12592,none,65.5,34.5
12594,none,65.5,34.5
12596,none,65.5,34.5
12598,none,65.5,34.5
12600,none,65.5,34.5
12602,none,65.5,34.5
12604,none,65.5,34.5
12606,none,65.5,34.5
12608,none,65.5,34.5
12610,none,65.5,34.5
12612,none,65.5,34.5
12614,none,65.5,34.5
12616,none,65.5,34.5
12618,none,65.5,34.5
12620,none,65.5,34.5
12622,none,65.5,34.5
12624,none,65.5,34.5
12626,none,65.5,34.5
12628,A,65.5,34.5
12630,A,65.5,34.5
12632,none,65.5,34.5
12634,none,65.5,34.5
12636,none,65.5,34.5
12638,none,65.5,34.5
12640,none,65.5,34.5
12642,none,65.5,34.5
12644,none,65.5,34.5
12646,A,65.6,34.4
12648,A,65.6,34.4
12650,none,65.6,34.4
12652,none,65.6,34.4
12654,none,65.6,34.4
12656,none,65.6,34.4
12658,none,65.6,34.4
12660,none,65.6,34.4
12662,none,65.6,34.4
12664,none,65.6,34.4
12666,none,65.6,34.4
12668,none,65.6,34.4
12670,none,65.6,34.4
12672,none,65.6,34.4
12674,A,65.7,34.3
12676,none,65.7,34.3
12678,none,65.7,34.3
12680,none,65.7,34.3
12682,none,65.7,34.3
12684,none,65.7,34.3
12686,none,65.7,34.3
12688,none,65.7,34.3
12690,none,65.7,34.3
12692,none,65.7,34.3
12694,none,65.7,34.3
12696,none,65.7,34.3
12698,none,65.7,34.3
12700,A,65.7,34.3
12702,A,65.8,34.2
12704,B,65.7,34.3
12706,B,65.6,34.4
12708,B,65.5,34.5
12710,A,65.6,34.4
12712,A,65.6,34.4
12714,A,65.6,34.4
12716,none,65.6,34.4
12718,none,65.6,34.4
12720,none,65.6,34.4
12722,A,65.7,34.3
12724,A,65.7,34.3
12726,A,65.8,34.2
12728,A,65.8,34.2
12730,A,65.9,34.1
12732,A,65.9,34.1
12734,A,65.9,34.1
12736,A,66.0,34.0
12738,A,66.0,34.0
12740,B,65.9,34.1
12742,A,66.0,34.0
12744,A,66.0,34.0
12746,none,66.0,34.0
12748,none,66.0,34.0
12750,none,66.0,34.0
12752,none,66.0,34.0
12754,none,66.0,34.0
12756,none,66.0,34.0
12758,B,65.9,34.1
12760,B,65.9,34.1
12762,A,65.9,34.1
12764,A,65.9,34.1
12766,A,66.0,34.0
12768,A,66.0,34.0
12770,A,66.1,33.9
12772,A,66.1,33.9
12774,A,66.1,33.9
12776,A,66.2,33.8
12778,none,66.2,33.8
12780,A,66.2,33.8
12782,none,66.2,33.8
12784,none,66.2,33.8
12786,none,66.2,33.8
12788,none,66.2,33.8
12790,none,66.2,33.8
12792,none,66.2,33.8
12794,none,66.2,33.8
12796,none,66.2,33.8
12798,none,66.2,33.8
12800,none,66.2,33.8
12802,none,66.2,33.8
12804,none,66.2,33.8
12806,none,66.2,33.8
12808,none,66.2,33.8
12810,none,66.2,33.8
12812,none,66.2,33.8
12814,A,66.3,33.7
12816,B,66.2,33.8
12818,B,66.1,33.9
12820,B,66.0,34.0
12822,A,66.1,33.9
12824,none,66.1,33.9
12826,none,66.1,33.9
12828,none,66.1,33.9
12830,none,66.1,33.9
12832,none,66.1,33.9
12834,none,66.1,33.9
12836,none,66.1,33.9
12838,B,66.0,34.0
12840,B,65.9,34.1
12842,B,65.8,34.2
12844,B,65.8,34.2
12846,none,65.8,34.2
12848,none,65.8,34.2
12850,none,65.8,34.2
12852,none,65.8,34.2
12854,none,65.8,34.2
12856,none,65.8,34.2
12858,none,65.8,34.2
12860,none,65.8,34.2
12862,none,65.8,34.2
12864,none,65.8,34.2
12866,none,65.8,34.2
12868,none,65.8,34.2
12870,none,65.8,34.2
12872,none,65.8,34.2
12874,none,65.8,34.2
12876,none,65.8,34.2
12878,none,65.8,34.2
12880,A,65.8,34.2
12882,A,65.8,34.2
12884,none,65.8,34.2
12886,none,65.8,34.2
12888,none,65.8,34.2
12890,none,65.8,34.2
12892,none,65.8,34.2
12894,A,65.9,34.1
12896,A,65.9,34.1
12898,none,65.9,34.1
12900,none,65.9,34.1
12902,none,65.9,34.1
12904,none,65.9,34.1
12906,A,66.0,34.0
12908,none,66.0,34.0
12910,none,66.0,34.0
12912,none,66.0,34.0
12914,none,66.0,34.0
12916,none,66.0,34.0
12918,none,66.0,34.0
12920,B,65.9,34.1
12922,B,65.8,34.2
12924,B,65.7,34.3
12926,none,65.7,34.3
12928,none,65.7,34.3
12930,B,65.7,34.3
12932,B,65.6,34.4
12934,B,65.5,34.5
12936,none,65.5,34.5
12938,B,65.4,34.6
12940,none,65.4,34.6
12942,none,65.4,34.6
12944,A,65.5,34.5
12946,A,65.5,34.5
12948,A,65.5,34.5
12950,A,65.6,34.4
12952,A,65.6,34.4
12954,A,65.7,34.3
12956,A,65.7,34.3
12958,A,65.7,34.3
12960,A,65.8,34.2
12962,A,65.8,34.2
12964,A,65.9,34.1
12966,A,65.9,34.1
12968,A,65.9,34.1
12970,A,66.0,34.0
12972,A,66.0,34.0
12974,B,65.9,34.1
12976,B,65.9,34.1
12978,none,65.9,34.1
12980,none,65.9,34.1
12982,none,65.9,34.1
12984,none,65.9,34.1
12986,none,65.9,34.1
12988,none,65.9,34.1
12990,none,65.9,34.1
12992,none,65.9,34.1
12994,none,65.9,34.1
12996,B,65.8,34.2
12998,none,65.8,34.2
13000,none,65.8,34.2
13002,none,65.8,34.2
13004,none,65.8,34.2
13006,none,65.8,34.2
13008,none,65.8,34.2
13010,none,65.8,34.2
13012,B,65.7,34.3
13014,B,65.6,34.4
13016,none,65.6,34.4
13018,none,65.6,34.4
13020,none,65.6,34.4
13022,none,65.6,34.4
13024,none,65.6,34.4
13026,B,65.6,34.4
13028,none,65.6,34.4
13030,none,65.6,34.4
13032,none,65.6,34.4
13034,A,65.6,34.4
13036,none,65.6,34.4
13038,none,65.6,34.4
13040,A,65.6,34.4
13042,none,65.6,34.4
13044,none,65.6,34.4
13046,none,65.6,34.4
13048,B,65.6,34.4
13050,none,65.6,34.4
13052,none,65.6,34.4
13054,none,65.6,34.4
13056,none,65.6,34.4
13058,none,65.6,34.4
13060,none,65.6,34.4
13062,none,65.6,34.4
13064,none,65.6,34.4
13066,none,65.6,34.4
13068,none,65.6,34.4
13070,none,65.6,34.4
13072,none,65.6,34.4
13074,none,65.6,34.4
13076,none,65.6,34.4
13078,none,65.6,34.4
13080,none,65.6,34.4
13082,none,65.6,34.4
13084,none,65.6,34.4
13086,none,65.6,34.4
13088,none,65.6,34.4
13090,none,65.6,34.4
13092,none,65.6,34.4
13094,none,65.6,34.4
13096,none,65.6,34.4
13098,none,65.6,34.4
13100,none,65.6,34.4
13102,none,65.6,34.4
13104,none,65.6,34.4
13106,none,65.6,34.4
13108,none,65.6,34.4
13110,none,65.6,34.4
13112,none,65.6,34.4
13114,none,65.6,34.4
13116,none,65.6,34.4
13118,none,65.6,34.4
13120,none,65.6,34.4
13122,none,65.6,34.4
13124,B,65.5,34.5
13126,A,65.5,34.5
13128,A,65.6,34.4
13130,none,65.6,34.4
13132,A,65.6,34.4
13134,none,65.6,34.4
13136,none,65.6,34.4
13138,none,65.6,34.4
13140,none,65.6,34.4
13142,A,65.7,34.3
13144,A,65.7,34.3
13146,none,65.7,34.3
13148,none,65.7,34.3
13150,none,65.7,34.3
13152,none,65.7,34.3
13154,none,65.7,34.3
13156,none,65.7,34.3
13158,none,65.7,34.3
13160,none,65.7,34.3
13162,none,65.7,34.3
13164,none,65.7,34.3
13166,none,65.7,34.3
13168,none,65.7,34.3
13170,none,65.7,34.3
13172,none,65.7,34.3
13174,none,65.7,34.3
13176,none,65.7,34.3
13178,none,65.7,34.3
13180,A,65.7,34.3
13182,B,65.7,34.3
13184,none,65.7,34.3
13186,none,65.7,34.3
13188,none,65.7,34.3
13190,none,65.7,34.3
13192,none,65.7,34.3
13194,none,65.7,34.3
13196,none,65.7,34.3
13198,none,65.7,34.3
13200,none,65.7,34.3
13202,A,65.7,34.3
13204,none,65.7,34.3
13206,none,65.7,34.3
13208,A,65.7,34.3
13210,A,65.8,34.2
13212,A,65.8,34.2
13214,none,65.8,34.2
13216,none,65.8,34.2
13218,none,65.8,34.2
13220,none,65.8,34.2
13222,B,65.7,34.3
13224,none,65.7,34.3
13226,none,65.7,34.3
13228,none,65.7,34.3
13230,none,65.7,34.3
13232,none,65.7,34.3
13234,none,65.7,34.3
13236,none,65.7,34.3
13238,none,65.7,34.3
13240,none,65.7,34.3
13242,none,65.7,34.3
13244,none,65.7,34.3
13246,none,65.7,34.3
13248,none,65.7,34.3
13250,none,65.7,34.3
13252,none,65.7,34.3
13254,none,65.7,34.3
13256,none,65.7,34.3
13258,none,65.7,34.3
13260,none,65.7,34.3
13262,none,65.7,34.3
13264,none,65.7,34.3
13266,none,65.7,34.3
13268,none,65.7,34.3
13270,none,65.7,34.3
13272,none,65.7,34.3
13274,none,65.7,34.3
13276,none,65.7,34.3
13278,none,65.7,34.3
13280,none,65.7,34.3
13282,none,65.7,34.3
13284,none,65.7,34.3
13286,none,65.7,34.3
13288,none,65.7,34.3
13290,none,65.7,34.3
13292,none,65.7,34.3
13294,none,65.7,34.3
13296,none,65.7,34.3
13298,none,65.7,34.3
13300,none,65.7,34.3
13302,none,65.7,34.3
13304,none,65.7,34.3
13306,none,65.7,34.3
13308,none,65.7,34.3
13310,none,65.7,34.3
13312,none,65.7,34.3
13314,none,65.7,34.3
13316,none,65.7,34.3
13318,none,65.7,34.3
13320,none,65.7,34.3
13322,none,65.7,34.3
13324,none,65.7,34.3
13326,none,65.7,34.3
13328,none,65.7,34.3
13330,none,65.7,34.3
13332,none,65.7,34.3
13334,none,65.7,34.3
13336,none,65.7,34.3
13338,none,65.7,34.3
13340,none,65.7,34.3
13342,none,65.7,34.3
13344,none,65.7,34.3
13346,none,65.7,34.3
13348,none,65.7,34.3
13350,none,65.7,34.3
13352,B,65.7,34.3
13354,none,65.7,34.3
13356,none,65.7,34.3
13358,none,65.7,34.3
13360,A,65.7,34.3
13362,A,65.7,34.3
13364,A,65.8,34.2
13366,none,65.8,34.2
13368,none,65.8,34.2
13370,none,65.8,34.2
13372,none,65.8,34.2
13374,none,65.8,34.2
13376,none,65.8,34.2
13378,none,65.8,34.2
13380,none,65.8,34.2
13382,none,65.8,34.2
13384,none,65.8,34.2
13386,none,65.8,34.2
13388,none,65.8,34.2
13390,none,65.8,34.2
13392,none,65.8,34.2
13394,none,65.8,34.2
13396,none,65.8,34.2
13398,none,65.8,34.2
13400,none,65.8,34.2
13402,none,65.8,34.2
13404,none,65.8,34.2
13406,none,65.8,34.2
13408,none,65.8,34.2
13410,none,65.8,34.2
13412,none,65.8,34.2
13414,none,65.8,34.2
13416,none,65.8,34.2
13418,A,65.8,34.2
13420,A,65.9,34.1
13422,A,65.9,34.1
13424,A,65.9,34.1
13426,A,66.0,34.0
13428,A,66.0,34.0
13430,none,66.0,34.0
13432,A,66.0,34.0
13434,none,66.0,34.0
13436,none,66.0,34.0
13438,none,66.0,34.0
13440,none,66.0,34.0
13442,none,66.0,34.0
13444,none,66.0,34.0
13446,none,66.0,34.0
13448,none,66.0,34.0
13450,none,66.0,34.0
13452,A,66.1,33.9
13454,none,66.1,33.9
13456,none,66.1,33.9
13458,none,66.1,33.9
13460,none,66.1,33.9
13462,none,66.1,33.9
13464,none,66.1,33.9
13466,none,66.1,33.9
13468,none,66.1,33.9
13470,none,66.1,33.9
13472,none,66.1,33.9
13474,none,66.1,33.9
13476,none,66.1,33.9
13478,none,66.1,33.9
13480,none,66.1,33.9
13482,none,66.1,33.9
13484,none,66.1,33.9
13486,none,66.1,33.9
13488,none,66.1,33.9
13490,none,66.1,33.9
13492,none,66.1,33.9
13494,none,66.1,33.9
13496,none,66.1,33.9
13498,none,66.1,33.9
13500,none,66.1,33.9
13502,none,66.1,33.9
13504,none,66.1,33.9
13506,none,66.1,33.9
13508,none,66.1,33.9
13510,none,66.1,33.9
13512,none,66.1,33.9
13514,none,66.1,33.9
13516,none,66.1,33.9
13518,none,66.1,33.9
13520,none,66.1,33.9
13522,none,66.1,33.9
13524,none,66.1,33.9
13526,none,66.1,33.9
13528,none,66.1,33.9
13530,none,66.1,33.9
13532,none,66.1,33.9
13534,none,66.1,33.9
13536,none,66.1,33.9
13538,none,66.1,33.9
13540,none,66.1,33.9
13542,none,66.1,33.9
13544,none,66.1,33.9
13546,none,66.1,33.9
13548,none,66.1,33.9
13550,none,66.1,33.9
13552,none,66.1,33.9
13554,none,66.1,33.9
13556,none,66.1,33.9
13558,none,66.1,33.9
13560,none,66.1,33.9
13562,none,66.1,33.9
13564,none,66.1,33.9
13566,none,66.1,33.9
13568,none,66.1,33.9
13570,none,66.1,33.9
13572,none,66.1,33.9
13574,none,66.1,33.9
13576,none,66.1,33.9
13578,none,66.1,33.9
13580,none,66.1,33.9
13582,none,66.1,33.9
13584,none,66.1,33.9
13586,none,66.1,33.9
13588,none,66.1,33.9
13590,none,66.1,33.9
13592,none,66.1,33.9
13594,A,66.1,33.9
13596,none,66.1,33.9
13598,A,66.2,33.8
13600,A,66.2,33.8
13602,A,66.2,33.8
13604,A,66.3,33.7
13606,none,66.3,33.7
13608,A,66.3,33.7
13610,none,66.3,33.7
13612,A,66.3,33.7
13614,none,66.3,33.7
13616,A,66.4,33.6
13618,A,66.4,33.6
13620,A,66.4,33.6
13622,none,66.4,33.6
13624,none,66.4,33.6
13626,none,66.4,33.6
13628,none,66.4,33.6
13630,none,66.4,33.6
13632,none,66.4,33.6
13634,none,66.4,33.6
13636,none,66.4,33.6
13638,none,66.4,33.6
13640,none,66.4,33.6
13642,none,66.4,33.6
13644,none,66.4,33.6
13646,none,66.4,33.6
13648,none,66.4,33.6
13650,none,66.4,33.6
13652,none,66.4,33.6
13654,none,66.4,33.6
13656,none,66.4,33.6
13658,none,66.4,33.6
13660,none,66.4,33.6
13662,none,66.4,33.6
13664,none,66.4,33.6
13666,none,66.4,33.6
13668,none,66.4,33.6
13670,none,66.4,33.6
13672,none,66.4,33.6
13674,none,66.4,33.6
13676,none,66.4,33.6
13678,none,66.4,33.6
13680,none,66.4,33.6
13682,none,66.4,33.6
13684,none,66.4,33.6
13686,none,66.4,33.6
13688,none,66.4,33.6
13690,none,66.4,33.6
13692,none,66.4,33.6
13694,none,66.4,33.6
13696,none,66.4,33.6
13698,none,66.4,33.6
13700,none,66.4,33.6
13702,none,66.4,33.6
13704,none,66.4,33.6
13706,none,66.4,33.6
13708,none,66.4,33.6
13710,none,66.4,33.6
13712,none,66.4,33.6
13714,none,66.4,33.6
13716,none,66.4,33.6
13718,none,66.4,33.6
13720,none,66.4,33.6
13722,none,66.4,33.6
13724,none,66.4,33.6
13726,none,66.4,33.6
13728,none,66.4,33.6
13730,none,66.4,33.6
13732,none,66.4,33.6
13734,none,66.4,33.6
13736,none,66.4,33.6
13738,none,66.4,33.6
13740,none,66.4,33.6
13742,none,66.4,33.6
13744,none,66.4,33.6
13746,none,66.4,33.6
13748,none,66.4,33.6
13750,none,66.4,33.6
13752,none,66.4,33.6
13754,none,66.4,33.6
13756,none,66.4,33.6
13758,none,66.4,33.6
13760,none,66.4,33.6
13762,none,66.4,33.6
13764,none,66.4,33.6
13766,none,66.4,33.6
13768,none,66.4,33.6
13770,none,66.4,33.6
13772,none,66.4,33.6
13774,none,66.4,33.6
13776,none,66.4,33.6
13778,none,66.4,33.6
13780,none,66.4,33.6
13782,none,66.4,33.6
13784,none,66.4,33.6
13786,none,66.4,33.6
13788,none,66.4,33.6
13790,none,66.4,33.6
13792,none,66.4,33.6
13794,none,66.4,33.6
13796,none,66.4,33.6
13798,none,66.4,33.6
13800,none,66.4,33.6
13802,none,66.4,33.6
13804,none,66.4,33.6
13806,none,66.4,33.6
13808,none,66.4,33.6
13810,none,66.4,33.6
13812,none,66.4,33.6
13814,none,66.4,33.6
13816,none,66.4,33.6
13818,none,66.4,33.6
13820,none,66.4,33.6
13822,none,66.4,33.6
13824,none,66.4,33.6
13826,none,66.4,33.6
13828,none,66.4,33.6
13830,none,66.4,33.6
13832,none,66.4,33.6
13834,none,66.4,33.6
13836,none,66.4,33.6
13838,none,66.4,33.6
13840,none,66.4,33.6
13842,none,66.4,33.6
13844,none,66.4,33.6
13846,none,66.4,33.6
13848,none,66.4,33.6
13850,none,66.4,33.6
13852,none,66.4,33.6
13854,none,66.4,33.6
13856,none,66.4,33.6
13858,none,66.4,33.6
13860,none,66.4,33.6
13862,none,66.4,33.6
13864,none,66.4,33.6
13866,none,66.4,33.6
13868,none,66.4,33.6
13870,none,66.4,33.6
13872,none,66.4,33.6
13874,none,66.4,33.6
13876,none,66.4,33.6
13878,none,66.4,33.6
13880,none,66.4,33.6
13882,none,66.4,33.6
13884,none,66.4,33.6
13886,none,66.4,33.6
13888,none,66.4,33.6
13890,B,66.4,33.6
13892,none,66.4,33.6
13894,none,66.4,33.6
13896,none,66.4,33.6
13898,none,66.4,33.6
13900,none,66.4,33.6
13902,none,66.4,33.6
13904,none,66.4,33.6
13906,none,66.4,33.6
13908,none,66.4,33.6
13910,none,66.4,33.6
13912,none,66.4,33.6
13914,none,66.4,33.6
13916,none,66.4,33.6
13918,none,66.4,33.6
13920,none,66.4,33.6
13922,none,66.4,33.6
13924,none,66.4,33.6
13926,B,66.3,33.7
13928,none,66.3,33.7
13930,none,66.3,33.7
13932,none,66.3,33.7
13934,none,66.3,33.7
13936,none,66.3,33.7
13938,none,66.3,33.7
13940,none,66.3,33.7
13942,A,66.3,33.7
13944,none,66.3,33.7
13946,none,66.3,33.7
13948,none,66.3,33.7
13950,none,66.3,33.7
13952,B,66.3,33.7
13954,B,66.2,33.8
13956,none,66.2,33.8
13958,none,66.2,33.8
13960,none,66.2,33.8
13962,none,66.2,33.8
13964,none,66.2,33.8
13966,none,66.2,33.8
13968,none,66.2,33.8
13970,none,66.2,33.8
13972,none,66.2,33.8
13974,none,66.2,33.8
13976,A,66.2,33.8
13978,none,66.2,33.8
13980,none,66.2,33.8
13982,A,66.3,33.7
13984,none,66.3,33.7
13986,none,66.3,33.7
13988,none,66.3,33.7
13990,none,66.3,33.7
13992,none,66.3,33.7
13994,none,66.3,33.7
13996,none,66.3,33.7
13998,none,66.3,33.7
14000,none,66.3,33.7
14002,A,66.3,33.7
14004,A,66.3,33.7
14006,none,66.3,33.7
14008,none,66.3,33.7
14010,none,66.3,33.7
14012,none,66.3,33.7
14014,none,66.3,33.7
14016,none,66.3,33.7
14018,none,66.3,33.7
14020,none,66.3,33.7
14022,none,66.3,33.7
14024,none,66.3,33.7
14026,none,66.3,33.7
14028,A,66.4,33.6
14030,A,66.4,33.6
14032,none,66.4,33.6
14034,none,66.4,33.6
14036,none,66.4,33.6
14038,none,66.4,33.6
14040,none,66.4,33.6
14042,none,66.4,33.6
14044,none,66.4,33.6
14046,none,66.4,33.6
14048,none,66.4,33.6
14050,none,66.4,33.6
14052,none,66.4,33.6
14054,none,66.4,33.6
14056,none,66.4,33.6
14058,none,66.4,33.6
14060,none,66.4,33.6
14062,none,66.4,33.6
14064,none,66.4,33.6
14066,none,66.4,33.6
14068,none,66.4,33.6
14070,none,66.4,33.6
14072,none,66.4,33.6
14074,none,66.4,33.6
14076,none,66.4,33.6
14078,none,66.4,33.6
14080,none,66.4,33.6
14082,B,66.3,33.7
14084,none,66.3,33.7
14086,A,66.4,33.6
14088,A,66.4,33.6
14090,none,66.4,33.6
14092,none,66.4,33.6
14094,B,66.3,33.7
14096,none,66.3,33.7
14098,none,66.3,33.7
14100,B,66.3,33.7
14102,B,66.2,33.8
14104,B,66.1,33.9
14106,B,66.1,33.9
14108,B,66.0,34.0
14110,none,66.0,34.0
14112,none,66.0,34.0
14114,none,66.0,34.0
14116,none,66.0,34.0
14118,none,66.0,34.0
14120,none,66.0,34.0
14122,none,66.0,34.0
14124,none,66.0,34.0
14126,none,66.0,34.0
14128,none,66.0,34.0
14130,none,66.0,34.0
14132,none,66.0,34.0
14134,none,66.0,34.0
14136,none,66.0,34.0
14138,none,66.0,34.0
14140,none,66.0,34.0
14142,none,66.0,34.0
14144,none,66.0,34.0
14146,none,66.0,34.0
14148,none,66.0,34.0
14150,none,66.0,34.0
14152,none,66.0,34.0
14154,none,66.0,34.0
14156,none,66.0,34.0
14158,none,66.0,34.0
14160,none,66.0,34.0
14162,none,66.0,34.0
14164,none,66.0,34.0
14166,none,66.0,34.0
14168,none,66.0,34.0
14170,none,66.0,34.0
14172,none,66.0,34.0
14174,none,66.0,34.0
14176,none,66.0,34.0
14178,none,66.0,34.0
14180,none,66.0,34.0
14182,none,66.0,34.0
14184,none,66.0,34.0
14186,none,66.0,34.0
14188,none,66.0,34.0
14190,none,66.0,34.0
14192,none,66.0,34.0
14194,none,66.0,34.0
14196,none,66.0,34.0
14198,none,66.0,34.0
14200,none,66.0,34.0
14202,none,66.0,34.0
14204,none,66.0,34.0
14206,none,66.0,34.0
14208,none,66.0,34.0
14210,none,66.0,34.0
14212,none,66.0,34.0
14214,none,66.0,34.0
14216,none,66.0,34.0
14218,none,66.0,34.0
14220,none,66.0,34.0
14222,none,66.0,34.0
14224,none,66.0,34.0
14226,none,66.0,34.0
14228,none,66.0,34.0
14230,none,66.0,34.0
14232,none,66.0,34.0
14234,none,66.0,34.0
14236,none,66.0,34.0
14238,none,66.0,34.0
14240,none,66.0,34.0
14242,none,66.0,34.0
14244,none,66.0,34.0
14246,none,66.0,34.0
14248,none,66.0,34.0
14250,none,66.0,34.0
14252,none,66.0,34.0
14254,none,66.0,34.0
14256,none,66.0,34.0
14258,none,66.0,34.0
14260,none,66.0,34.0
14262,none,66.0,34.0
14264,none,66.0,34.0
14266,A,66.0,34.0
14268,none,66.0,34.0
14270,none,66.0,34.0
14272,none,66.0,34.0
14274,none,66.0,34.0
14276,none,66.0,34.0
14278,none,66.0,34.0
14280,none,66.0,34.0
14282,none,66.0,34.0
14284,none,66.0,34.0
14286,none,66.0,34.0
14288,none,66.0,34.0
14290,none,66.0,34.0
14292,none,66.0,34.0
14294,none,66.0,34.0
14296,none,66.0,34.0
14298,none,66.0,34.0
14300,none,66.0,34.0
14302,none,66.0,34.0
14304,none,66.0,34.0
14306,none,66.0,34.0
14308,none,66.0,34.0
14310,none,66.0,34.0
14312,none,66.0,34.0
14314,none,66.0,34.0
14316,none,66.0,34.0
14318,none,66.0,34.0
14320,none,66.0,34.0
14322,none,66.0,34.0
14324,none,66.0,34.0
14326,none,66.0,34.0
14328,none,66.0,34.0
14330,none,66.0,34.0
14332,none,66.0,34.0
14334,none,66.0,34.0
14336,none,66.0,34.0
14338,none,66.0,34.0
14340,none,66.0,34.0
14342,none,66.0,34.0
14344,none,66.0,34.0
14346,none,66.0,34.0
14348,none,66.0,34.0
14350,none,66.0,34.0
14352,none,66.0,34.0
14354,A,66.1,33.9
14356,none,66.1,33.9
14358,none,66.1,33.9
14360,none,66.1,33.9
14362,none,66.1,33.9
14364,none,66.1,33.9
14366,none,66.1,33.9
14368,none,66.1,33.9
14370,none,66.1,33.9
14372,none,66.1,33.9
14374,none,66.1,33.9
14376,none,66.1,33.9
14378,none,66.1,33.9
14380,none,66.1,33.9
14382,none,66.1,33.9
14384,none,66.1,33.9
14386,none,66.1,33.9
14388,none,66.1,33.9
14390,none,66.1,33.9
14392,none,66.1,33.9
14394,none,66.1,33.9
14396,none,66.1,33.9
14398,none,66.1,33.9
14400,none,66.1,33.9
14402,none,66.1,33.9
14404,none,66.1,33.9
14406,A,66.1,33.9
14408,none,66.1,33.9
14410,none,66.1,33.9
14412,none,66.1,33.9
14414,none,66.1,33.9
14416,none,66.1,33.9
14418,none,66.1,33.9
14420,none,66.1,33.9
14422,none,66.1,33.9
14424,none,66.1,33.9
14426,none,66.1,33.9
14428,none,66.1,33.9
14430,none,66.1,33.9
14432,none,66.1,33.9
14434,none,66.1,33.9
14436,none,66.1,33.9
14438,none,66.1,33.9
14440,none,66.1,33.9
14442,none,66.1,33.9
14444,none,66.1,33.9
14446,none,66.1,33.9
14448,none,66.1,33.9
14450,none,66.1,33.9
14452,none,66.1,33.9
14454,none,66.1,33.9
14456,none,66.1,33.9
14458,none,66.1,33.9
14460,none,66.1,33.9
14462,none,66.1,33.9
14464,none,66.1,33.9
14466,none,66.1,33.9
14468,none,66.1,33.9
14470,none,66.1,33.9
14472,none,66.1,33.9
14474,B,66.0,34.0
14476,none,66.0,34.0
14478,none,66.0,34.0
14480,none,66.0,34.0
14482,none,66.0,34.0
14484,none,66.0,34.0
14486,none,66.0,34.0
14488,none,66.0,34.0
14490,none,66.0,34.0
14492,none,66.0,34.0
14494,none,66.0,34.0
14496,none,66.0,34.0
14498,none,66.0,34.0
14500,none,66.0,34.0
14502,none,66.0,34.0
14504,none,66.0,34.0
14506,none,66.0,34.0
14508,none,66.0,34.0
14510,none,66.0,34.0
14512,none,66.0,34.0
14514,none,66.0,34.0
14516,none,66.0,34.0
14518,none,66.0,34.0
14520,none,66.0,34.0
14522,none,66.0,34.0
14524,none,66.0,34.0
14526,none,66.0,34.0
14528,none,66.0,34.0
14530,none,66.0,34.0
14532,none,66.0,34.0
14534,none,66.0,34.0
14536,none,66.0,34.0
14538,none,66.0,34.0
14540,none,66.0,34.0
14542,none,66.0,34.0
14544,none,66.0,34.0
14546,none,66.0,34.0
14548,none,66.0,34.0
14550,none,66.0,34.0
14552,none,66.0,34.0
14554,none,66.0,34.0
14556,none,66.0,34.0
14558,none,66.0,34.0
14560,none,66.0,34.0
14562,none,66.0,34.0
14564,none,66.0,34.0
14566,A,66.1,33.9
14568,A,66.1,33.9
14570,A,66.1,33.9
14572,none,66.1,33.9
14574,A,66.2,33.8
14576,A,66.2,33.8
14578,A,66.2,33.8
14580,A,66.3,33.7
14582,A,66.3,33.7
14584,A,66.4,33.6
14586,A,66.4,33.6
14588,A,66.4,33.6
14590,none,66.4,33.6
14592,none,66.4,33.6
14594,A,66.5,33.5
14596,A,66.5,33.5
14598,A,66.5,33.5
14600,A,66.6,33.4
14602,A,66.6,33.4
14604,A,66.6,33.4
14606,none,66.6,33.4
14608,none,66.6,33.4
14610,none,66.6,33.4
14612,none,66.6,33.4
14614,A,66.7,33.3
14616,A,66.7,33.3
14618,A,66.7,33.3
14620,A,66.8,33.2
14622,none,66.8,33.2
14624,none,66.8,33.2
14626,none,66.8,33.2
14628,none,66.8,33.2
14630,none,66.8,33.2
14632,A,66.8,33.2
14634,none,66.8,33.2
14636,A,66.8,33.2
14638,A,66.9,33.1
14640,A,66.9,33.1
14642,none,66.9,33.1
14644,none,66.9,33.1
14646,none,66.9,33.1
14648,A,66.9,33.1
14650,A,67.0,33.0
14652,A,67.0,33.0
14654,A,67.0,33.0
14656,A,67.1,32.9
14658,A,67.1,32.9
14660,A,67.1,32.9
14662,A,67.2,32.8
14664,A,67.2,32.8
14666,A,67.2,32.8
14668,A,67.3,32.7
14670,none,67.3,32.7
14672,none,67.3,32.7
14674,none,67.3,32.7
14676,none,67.3,32.7
14678,none,67.3,32.7
14680,none,67.3,32.7
14682,none,67.3,32.7
14684,none,67.3,32.7
14686,none,67.3,32.7
14688,none,67.3,32.7
14690,none,67.3,32.7
14692,none,67.3,32.7
14694,none,67.3,32.7
14696,none,67.3,32.7
14698,none,67.3,32.7
14700,none,67.3,32.7
14702,none,67.3,32.7
14704,none,67.3,32.7
14706,none,67.3,32.7
14708,none,67.3,32.7
14710,none,67.3,32.7
14712,none,67.3,32.7
14714,none,67.3,32.7
14716,none,67.3,32.7
14718,none,67.3,32.7
14720,none,67.3,32.7
14722,none,67.3,32.7
14724,none,67.3,32.7
14726,none,67.3,32.7
14728,none,67.3,32.7
14730,none,67.3,32.7
14732,none,67.3,32.7
14734,none,67.3,32.7
14736,none,67.3,32.7
14738,none,67.3,32.7
14740,none,67.3,32.7
14742,none,67.3,32.7
14744,none,67.3,32.7
14746,none,67.3,32.7
14748,none,67.3,32.7
14750,none,67.3,32.7
14752,none,67.3,32.7
14754,none,67.3,32.7
14756,none,67.3,32.7
14758,none,67.3,32.7
14760,none,67.3,32.7
14762,none,67.3,32.7
14764,none,67.3,32.7
14766,none,67.3,32.7
14768,none,67.3,32.7
14770,none,67.3,32.7
14772,none,67.3,32.7
14774,none,67.3,32.7
14776,none,67.3,32.7
14778,none,67.3,32.7
14780,none,67.3,32.7
14782,none,67.3,32.7
14784,none,67.3,32.7
14786,none,67.3,32.7
14788,none,67.3,32.7
14790,none,67.3,32.7
14792,none,67.3,32.7
14794,none,67.3,32.7
14796,none,67.3,32.7
14798,none,67.3,32.7
14800,none,67.3,32.7
14802,none,67.3,32.7
14804,none,67.3,32.7
14806,none,67.3,32.7
14808,none,67.3,32.7
14810,none,67.3,32.7
14812,none,67.3,32.7
14814,none,67.3,32.7
14816,none,67.3,32.7
14818,none,67.3,32.7
14820,none,67.3,32.7
14822,none,67.3,32.7
14824,none,67.3,32.7
14826,none,67.3,32.7
14828,none,67.3,32.7
14830,none,67.3,32.7
14832,none,67.3,32.7
14834,none,67.3,32.7
14836,none,67.3,32.7
14838,none,67.3,32.7
14840,none,67.3,32.7
14842,none,67.3,32.7
14844,none,67.3,32.7
14846,none,67.3,32.7
14848,none,67.3,32.7
14850,none,67.3,32.7
14852,A,67.3,32.7
14854,none,67.3,32.7
14856,none,67.3,32.7
14858,none,67.3,32.7
14860,none,67.3,32.7
14862,none,67.3,32.7
14864,none,67.3,32.7
14866,none,67.3,32.7
14868,none,67.3,32.7
14870,none,67.3,32.7
14872,none,67.3,32.7
14874,none,67.3,32.7
14876,none,67.3,32.7
14878,none,67.3,32.7
14880,none,67.3,32.7
14882,none,67.3,32.7
14884,none,67.3,32.7
14886,none,67.3,32.7
14888,none,67.3,32.7
14890,none,67.3,32.7
14892,none,67.3,32.7
14894,none,67.3,32.7
14896,none,67.3,32.7
14898,none,67.3,32.7
14900,none,67.3,32.7
14902,none,67.3,32.7
14904,none,67.3,32.7
14906,none,67.3,32.7
14908,none,67.3,32.7
14910,none,67.3,32.7
14912,none,67.3,32.7
14914,none,67.3,32.7
14916,none,67.3,32.7
14918,none,67.3,32.7
14920,none,67.3,32.7
14922,none,67.3,32.7
14924,B,67.2,32.8
14926,none,67.2,32.8
14928,none,67.2,32.8
14930,none,67.2,32.8
14932,A,67.3,32.7
14934,none,67.3,32.7
14936,none,67.3,32.7
14938,none,67.3,32.7
14940,none,67.3,32.7
14942,A,67.3,32.7
14944,none,67.3,32.7
14946,none,67.3,32.7
14948,none,67.3,32.7
14950,none,67.3,32.7
14952,none,67.3,32.7
14954,none,67.3,32.7
14956,none,67.3,32.7
14958,none,67.3,32.7
14960,none,67.3,32.7
14962,none,67.3,32.7
14964,none,67.3,32.7
14966,none,67.3,32.7
14968,none,67.3,32.7
14970,none,67.3,32.7
14972,none,67.3,32.7
14974,none,67.3,32.7
14976,none,67.3,32.7
14978,none,67.3,32.7
14980,none,67.3,32.7
14982,none,67.3,32.7
14984,none,67.3,32.7
14986,none,67.3,32.7
14988,none,67.3,32.7
14990,none,67.3,32.7
14992,none,67.3,32.7
14994,none,67.3,32.7
14996,none,67.3,32.7
14998,none,67.3,32.7
15000,none,67.3,32.7
15002,none,67.3,32.7
15004,none,67.3,32.7
15006,none,67.3,32.7
15008,none,67.3,32.7
15010,none,67.3,32.7
15012,none,67.3,32.7
15014,none,67.3,32.7
15016,none,67.3,32.7
15018,none,67.3,32.7
15020,none,67.3,32.7
15022,none,67.3,32.7
15024,none,67.3,32.7
15026,none,67.3,32.7
15028,none,67.3,32.7
15030,none,67.3,32.7
15032,none,67.3,32.7
15034,none,67.3,32.7
15036,none,67.3,32.7
15038,A,67.3,32.7
15040,none,67.3,32.7
15042,none,67.3,32.7
15044,none,67.3,32.7
15046,A,67.4,32.6
15048,none,67.4,32.6
15050,none,67.4,32.6
15052,none,67.4,32.6
15054,none,67.4,32.6
15056,none,67.4,32.6
15058,none,67.4,32.6
15060,none,67.4,32.6
15062,none,67.4,32.6
15064,none,67.4,32.6
15066,none,67.4,32.6
15068,none,67.4,32.6
15070,none,67.4,32.6
15072,none,67.4,32.6
15074,A,67.4,32.6
15076,A,67.4,32.6
15078,none,67.4,32.6
15080,A,67.5,32.5
15082,none,67.5,32.5
15084,none,67.5,32.5
15086,none,67.5,32.5
15088,A,67.5,32.5
15090,A,67.5,32.5
15092,none,67.5,32.5
15094,A,67.6,32.4
15096,A,67.6,32.4
15098,A,67.6,32.4
15100,A,67.7,32.3
15102,none,67.7,32.3
15104,A,67.7,32.3
15106,none,67.7,32.3
15108,none,67.7,32.3
15110,none,67.7,32.3
15112,none,67.7,32.3
15114,none,67.7,32.3
15116,none,67.7,32.3
15118,none,67.7,32.3
15120,none,67.7,32.3
15122,none,67.7,32.3
15124,none,67.7,32.3
15126,none,67.7,32.3
15128,none,67.7,32.3
15130,none,67.7,32.3
15132,none,67.7,32.3
15134,none,67.7,32.3
15136,none,67.7,32.3
15138,none,67.7,32.3
15140,none,67.7,32.3
15142,none,67.7,32.3
15144,none,67.7,32.3
15146,none,67.7,32.3
15148,none,67.7,32.3
15150,none,67.7,32.3
15152,none,67.7,32.3
15154,none,67.7,32.3
15156,none,67.7,32.3
15158,none,67.7,32.3
15160,none,67.7,32.3
15162,none,67.7,32.3
15164,none,67.7,32.3
15166,none,67.7,32.3
15168,none,67.7,32.3
15170,none,67.7,32.3
15172,none,67.7,32.3
15174,none,67.7,32.3
15176,none,67.7,32.3
15178,none,67.7,32.3
15180,none,67.7,32.3
15182,none,67.7,32.3
15184,none,67.7,32.3
15186,none,67.7,32.3
15188,none,67.7,32.3
15190,none,67.7,32.3
15192,none,67.7,32.3
15194,none,67.7,32.3
15196,none,67.7,32.3
15198,A,67.7,32.3
15200,A,67.8,32.2
15202,A,67.8,32.2
15204,A,67.8,32.2
15206,A,67.9,32.1
15208,A,67.9,32.1
15210,A,67.9,32.1
15212,A,68.0,32.0
15214,A,68.0,32.0
15216,A,68.0,32.0
15218,A,68.1,31.9
15220,A,68.1,31.9
15222,A,68.1,31.9
15224,A,68.2,31.8
15226,A,68.2,31.8
15228,A,68.2,31.8
15230,A,68.2,31.8
15232,A,68.3,31.7
15234,A,68.3,31.7
15236,A,68.3,31.7
15238,A,68.4,31.6
15240,A,68.4,31.6
15242,A,68.4,31.6
15244,A,68.5,31.5
15246,A,68.5,31.5
15248,A,68.5,31.5
15250,A,68.6,31.4
15252,A,68.6,31.4
15254,A,68.6,31.4
15256,A,68.7,31.3
15258,A,68.7,31.3
15260,A,68.7,31.3
15262,A,68.7,31.3
15264,A,68.8,31.2
15266,A,68.8,31.2
15268,A,68.8,31.2
15270,A,68.9,31.1
15272,A,68.9,31.1
15274,A,68.9,31.1
15276,none,68.9,31.1
15278,none,68.9,31.1
15280,none,68.9,31.1
15282,none,68.9,31.1
15284,none,68.9,31.1
15286,none,68.9,31.1
15288,none,68.9,31.1
15290,none,68.9,31.1
15292,none,68.9,31.1
15294,none,68.9,31.1
15296,none,68.9,31.1
15298,none,68.9,31.1
15300,none,68.9,31.1
15302,none,68.9,31.1
15304,none,68.9,31.1
15306,none,68.9,31.1
15308,none,68.9,31.1
15310,none,68.9,31.1
15312,none,68.9,31.1
15314,none,68.9,31.1
15316,none,68.9,31.1
15318,none,68.9,31.1
15320,none,68.9,31.1
15322,none,68.9,31.1
15324,none,68.9,31.1
15326,none,68.9,31.1
15328,none,68.9,31.1
15330,none,68.9,31.1
15332,none,68.9,31.1
15334,none,68.9,31.1
15336,none,68.9,31.1
15338,none,68.9,31.1
15340,none,68.9,31.1
15342,none,68.9,31.1
15344,none,68.9,31.1
15346,none,68.9,31.1
15348,none,68.9,31.1
15350,none,68.9,31.1
15352,none,68.9,31.1
15354,none,68.9,31.1
15356,none,68.9,31.1
15358,none,68.9,31.1
15360,none,68.9,31.1
15362,none,68.9,31.1
15364,none,68.9,31.1
15366,none,68.9,31.1
15368,none,68.9,31.1
15370,none,68.9,31.1
15372,none,68.9,31.1
15374,none,68.9,31.1
15376,none,68.9,31.1
15378,none,68.9,31.1
15380,none,68.9,31.1
15382,none,68.9,31.1
15384,none,68.9,31.1
15386,none,68.9,31.1
15388,none,68.9,31.1
15390,none,68.9,31.1
15392,none,68.9,31.1
15394,none,68.9,31.1
15396,none,68.9,31.1
15398,none,68.9,31.1
15400,none,68.9,31.1
15402,none,68.9,31.1
15404,none,68.9,31.1
15406,none,68.9,31.1
15408,none,68.9,31.1
15410,none,68.9,31.1
15412,none,68.9,31.1
15414,none,68.9,31.1
15416,none,68.9,31.1
15418,none,68.9,31.1
15420,none,68.9,31.1
15422,none,68.9,31.1
15424,none,68.9,31.1
15426,none,68.9,31.1
15428,none,68.9,31.1
15430,none,68.9,31.1
15432,none,68.9,31.1
15434,none,68.9,31.1
15436,none,68.9,31.1
15438,none,68.9,31.1
15440,none,68.9,31.1
15442,none,68.9,31.1
15444,none,68.9,31.1
15446,none,68.9,31.1
15448,none,68.9,31.1
15450,none,68.9,31.1
15452,none,68.9,31.1
15454,none,68.9,31.1
15456,none,68.9,31.1
15458,none,68.9,31.1
15460,none,68.9,31.1
15462,none,68.9,31.1
15464,none,68.9,31.1
15466,none,68.9,31.1
15468,none,68.9,31.1
15470,none,68.9,31.1
15472,none,68.9,31.1
15474,none,68.9,31.1
15476,none,68.9,31.1
15478,none,68.9,31.1
15480,none,68.9,31.1
15482,none,68.9,31.1
15484,none,68.9,31.1
15486,none,68.9,31.1
15488,none,68.9,31.1
15490,none,68.9,31.1
15492,none,68.9,31.1
15494,none,68.9,31.1
15496,none,68.9,31.1
15498,none,68.9,31.1
15500,none,68.9,31.1
15502,none,68.9,31.1
15504,none,68.9,31.1
15506,none,68.9,31.1
15508,none,68.9,31.1
15510,none,68.9,31.1
15512,none,68.9,31.1
15514,none,68.9,31.1
15516,none,68.9,31.1
15518,none,68.9,31.1
15520,none,68.9,31.1
15522,none,68.9,31.1
15524,none,68.9,31.1
15526,none,68.9,31.1
15528,none,68.9,31.1
15530,none,68.9,31.1
15532,none,68.9,31.1
15534,none,68.9,31.1
15536,none,68.9,31.1
15538,none,68.9,31.1
15540,none,68.9,31.1
15542,none,68.9,31.1
15544,A,69.0,31.0
15546,none,69.0,31.0
15548,none,69.0,31.0
15550,none,69.0,31.0
15552,none,69.0,31.0
15554,none,69.0,31.0
15556,none,69.0,31.0
15558,B,68.9,31.1
15560,B,68.8,31.2
15562,B,68.8,31.2
15564,B,68.7,31.3
15566,B,68.6,31.4
15568,B,68.6,31.4
15570,B,68.5,31.5
15572,B,68.4,31.6
15574,none,68.4,31.6
15576,none,68.4,31.6
15578,none,68.4,31.6
15580,none,68.4,31.6
15582,A,68.5,31.5
15584,none,68.5,31.5
15586,none,68.5,31.5
15588,none,68.5,31.5
15590,none,68.5,31.5
15592,none,68.5,31.5
15594,none,68.5,31.5
15596,none,68.5,31.5
15598,none,68.5,31.5
15600,none,68.5,31.5
15602,none,68.5,31.5
15604,none,68.5,31.5
15606,none,68.5,31.5
15608,none,68.5,31.5
15610,none,68.5,31.5
15612,none,68.5,31.5
15614,none,68.5,31.5
15616,none,68.5,31.5
15618,none,68.5,31.5
15620,none,68.5,31.5
15622,none,68.5,31.5
15624,none,68.5,31.5
15626,none,68.5,31.5
15628,none,68.5,31.5
15630,none,68.5,31.5
15632,none,68.5,31.5
15634,none,68.5,31.5
15636,none,68.5,31.5
15638,none,68.5,31.5
15640,none,68.5,31.5
15642,none,68.5,31.5
15644,none,68.5,31.5
15646,none,68.5,31.5
15648,none,68.5,31.5
15650,none,68.5,31.5
15652,none,68.5,31.5
15654,none,68.5,31.5
15656,none,68.5,31.5
15658,none,68.5,31.5
15660,none,68.5,31.5
15662,none,68.5,31.5
15664,none,68.5,31.5
15666,none,68.5,31.5
15668,none,68.5,31.5
15670,none,68.5,31.5
15672,none,68.5,31.5
15674,none,68.5,31.5
15676,none,68.5,31.5
15678,none,68.5,31.5
15680,none,68.5,31.5
15682,none,68.5,31.5
15684,none,68.5,31.5
15686,none,68.5,31.5
15688,none,68.5,31.5
15690,none,68.5,31.5
15692,none,68.5,31.5
15694,none,68.5,31.5
15696,none,68.5,31.5
15698,none,68.5,31.5
15700,none,68.5,31.5
15702,none,68.5,31.5
15704,none,68.5,31.5
15706,none,68.5,31.5
15708,none,68.5,31.5
15710,none,68.5,31.5
15712,none,68.5,31.5
15714,none,68.5,31.5
15716,none,68.5,31.5
15718,none,68.5,31.5
15720,none,68.5,31.5
15722,none,68.5,31.5
15724,none,68.5,31.5
15726,none,68.5,31.5
15728,none,68.5,31.5
15730,none,68.5,31.5
15732,none,68.5,31.5
15734,none,68.5,31.5
15736,none,68.5,31.5
15738,none,68.5,31.5
15740,none,68.5,31.5
15742,none,68.5,31.5
15744,none,68.5,31.5
15746,none,68.5,31.5
15748,none,68.5,31.5
15750,none,68.5,31.5
15752,none,68.5,31.5
15754,none,68.5,31.5
15756,none,68.5,31.5
15758,none,68.5,31.5
15760,none,68.5,31.5
15762,none,68.5,31.5
15764,none,68.5,31.5
15766,none,68.5,31.5
15768,none,68.5,31.5
15770,none,68.5,31.5
15772,none,68.5,31.5
15774,none,68.5,31.5
15776,none,68.5,31.5
15778,none,68.5,31.5
15780,B,68.4,31.6
15782,none,68.4,31.6
15784,none,68.4,31.6
15786,none,68.4,31.6
15788,none,68.4,31.6
15790,none,68.4,31.6
15792,none,68.4,31.6
15794,none,68.4,31.6
15796,none,68.4,31.6
15798,none,68.4,31.6
15800,none,68.4,31.6
15802,none,68.4,31.6
15804,none,68.4,31.6
15806,none,68.4,31.6
15808,none,68.4,31.6
15810,none,68.4,31.6
15812,A,68.4,31.6
15814,A,68.5,31.5
15816,none,68.5,31.5
15818,A,68.5,31.5
15820,A,68.5,31.5
15822,none,68.5,31.5
15824,B,68.4,31.6
15826,none,68.4,31.6
15828,none,68.4,31.6
15830,B,68.4,31.6
15832,none,68.4,31.6
15834,none,68.4,31.6
15836,none,68.4,31.6
15838,none,68.4,31.6
15840,none,68.4,31.6
15842,none,68.4,31.6
15844,none,68.4,31.6
15846,none,68.4,31.6
15848,none,68.4,31.6
15850,none,68.4,31.6
15852,none,68.4,31.6
15854,none,68.4,31.6
15856,none,68.4,31.6
15858,none,68.4,31.6
15860,none,68.4,31.6
15862,none,68.4,31.6
15864,none,68.4,31.6
15866,none,68.4,31.6
15868,none,68.4,31.6
15870,none,68.4,31.6
15872,none,68.4,31.6
15874,none,68.4,31.6
15876,none,68.4,31.6
15878,none,68.4,31.6
15880,none,68.4,31.6
15882,none,68.4,31.6
15884,none,68.4,31.6
15886,none,68.4,31.6
15888,none,68.4,31.6
15890,none,68.4,31.6
15892,none,68.4,31.6
15894,none,68.4,31.6
15896,none,68.4,31.6
15898,none,68.4,31.6
15900,none,68.4,31.6
15902,none,68.4,31.6
15904,none,68.4,31.6
15906,none,68.4,31.6
15908,none,68.4,31.6
15910,none,68.4,31.6
15912,none,68.4,31.6
15914,none,68.4,31.6
15916,none,68.4,31.6
15918,none,68.4,31.6
15920,none,68.4,31.6
15922,none,68.4,31.6
15924,none,68.4,31.6
15926,none,68.4,31.6
15928,none,68.4,31.6
15930,none,68.4,31.6
15932,none,68.4,31.6
15934,none,68.4,31.6
15936,none,68.4,31.6
15938,none,68.4,31.6
15940,none,68.4,31.6
15942,none,68.4,31.6
15944,none,68.4,31.6
15946,none,68.4,31.6
15948,none,68.4,31.6
15950,none,68.4,31.6
15952,none,68.4,31.6
15954,none,68.4,31.6
15956,none,68.4,31.6
15958,none,68.4,31.6
15960,none,68.4,31.6
15962,none,68.4,31.6
15964,none,68.4,31.6
15966,none,68.4,31.6
15968,none,68.4,31.6
15970,none,68.4,31.6
15972,none,68.4,31.6
15974,none,68.4,31.6
15976,none,68.4,31.6
15978,none,68.4,31.6
15980,none,68.4,31.6
15982,none,68.4,31.6
15984,none,68.4,31.6
15986,none,68.4,31.6
15988,none,68.4,31.6
15990,none,68.4,31.6
15992,none,68.4,31.6
15994,none,68.4,31.6
15996,none,68.4,31.6
15998,none,68.4,31.6
16000,none,68.4,31.6
16002,none,68.4,31.6
16004,none,68.4,31.6
16006,none,68.4,31.6
16008,none,68.4,31.6
16010,none,68.4,31.6
16012,none,68.4,31.6
16014,none,68.4,31.6
16016,none,68.4,31.6
16018,none,68.4,31.6
16020,none,68.4,31.6
16022,none,68.4,31.6
16024,none,68.4,31.6
16026,none,68.4,31.6
16028,none,68.4,31.6
16030,none,68.4,31.6
16032,none,68.4,31.6
16034,none,68.4,31.6
16036,none,68.4,31.6
16038,none,68.4,31.6
16040,none,68.4,31.6
16042,none,68.4,31.6
16044,none,68.4,31.6
16046,none,68.4,31.6
16048,none,68.4,31.6
16050,none,68.4,31.6
16052,none,68.4,31.6
16054,none,68.4,31.6
16056,none,68.4,31.6
16058,none,68.4,31.6
16060,none,68.4,31.6
16062,none,68.4,31.6
16064,none,68.4,31.6
16066,none,68.4,31.6
16068,none,68.4,31.6
16070,none,68.4,31.6
16072,none,68.4,31.6
16074,none,68.4,31.6
16076,none,68.4,31.6
16078,none,68.4,31.6
16080,none,68.4,31.6
16082,none,68.4,31.6
16084,none,68.4,31.6
16086,none,68.4,31.6
16088,none,68.4,31.6
16090,B,68.3,31.7
16092,B,68.3,31.7
16094,B,68.2,31.8
16096,B,68.1,31.9
16098,B,68.1,31.9
16100,B,68.0,32.0
16102,B,67.9,32.1
16104,B,67.9,32.1
16106,B,67.8,32.2
16108,B,67.7,32.3
16110,B,67.7,32.3
16112,B,67.6,32.4
16114,B,67.5,32.5
16116,B,67.5,32.5
16118,B,67.4,32.6
16120,B,67.4,32.6
16122,B,67.3,32.7
16124,B,67.2,32.8
16126,B,67.2,32.8
16128,B,67.1,32.9
16130,none,67.1,32.9
16132,B,67.0,33.0
16134,none,67.0,33.0
16136,none,67.0,33.0
16138,none,67.0,33.0
16140,none,67.0,33.0
16142,none,67.0,33.0
16144,none,67.0,33.0
16146,none,67.0,33.0
16148,none,67.0,33.0
16150,none,67.0,33.0
16152,none,67.0,33.0
16154,none,67.0,33.0
16156,none,67.0,33.0
16158,none,67.0,33.0
16160,none,67.0,33.0
16162,none,67.0,33.0
16164,none,67.0,33.0
16166,none,67.0,33.0
16168,none,67.0,33.0
16170,none,67.0,33.0
16172,none,67.0,33.0
16174,none,67.0,33.0
16176,none,67.0,33.0
16178,none,67.0,33.0
16180,none,67.0,33.0
16182,none,67.0,33.0
16184,none,67.0,33.0
16186,none,67.0,33.0
16188,none,67.0,33.0
16190,A,67.1,32.9
16192,none,67.1,32.9
16194,none,67.1,32.9
16196,A,67.1,32.9
16198,none,67.1,32.9
16200,none,67.1,32.9
16202,none,67.1,32.9
16204,none,67.1,32.9
16206,none,67.1,32.9
16208,none,67.1,32.9
16210,A,67.1,32.9
16212,none,67.1,32.9
16214,B,67.1,32.9
16216,A,67.1,32.9
16218,none,67.1,32.9
16220,none,67.1,32.9
16222,none,67.1,32.9
16224,none,67.1,32.9
16226,none,67.1,32.9
16228,none,67.1,32.9
16230,none,67.1,32.9
16232,none,67.1,32.9
16234,none,67.1,32.9
16236,none,67.1,32.9
16238,none,67.1,32.9
16240,none,67.1,32.9
16242,none,67.1,32.9
16244,none,67.1,32.9
16246,none,67.1,32.9
16248,A,67.1,32.9
16250,none,67.1,32.9
16252,none,67.1,32.9
16254,none,67.1,32.9
16256,none,67.1,32.9
16258,none,67.1,32.9
16260,none,67.1,32.9
16262,none,67.1,32.9
16264,none,67.1,32.9
16266,none,67.1,32.9
16268,none,67.1,32.9
16270,none,67.1,32.9
16272,none,67.1,32.9
16274,none,67.1,32.9
16276,none,67.1,32.9
16278,B,67.1,32.9
16280,none,67.1,32.9
16282,none,67.1,32.9
16284,B,67.0,33.0
16286,A,67.0,33.0
16288,A,67.1,32.9
16290,none,67.1,32.9
16292,none,67.1,32.9
16294,none,67.1,32.9
16296,none,67.1,32.9
16298,none,67.1,32.9
16300,none,67.1,32.9
16302,none,67.1,32.9
16304,none,67.1,32.9
16306,none,67.1,32.9
16308,none,67.1,32.9
16310,none,67.1,32.9
16312,none,67.1,32.9
16314,none,67.1,32.9
16316,none,67.1,32.9
16318,none,67.1,32.9
16320,none,67.1,32.9
16322,none,67.1,32.9
16324,none,67.1,32.9
16326,none,67.1,32.9
16328,none,67.1,32.9
16330,none,67.1,32.9
16332,none,67.1,32.9
16334,none,67.1,32.9
16336,none,67.1,32.9
16338,none,67.1,32.9
16340,none,67.1,32.9
16342,none,67.1,32.9
16344,none,67.1,32.9
16346,none,67.1,32.9
16348,none,67.1,32.9
16350,none,67.1,32.9
16352,none,67.1,32.9
16354,none,67.1,32.9
16356,none,67.1,32.9
16358,none,67.1,32.9
16360,none,67.1,32.9
16362,none,67.1,32.9
16364,none,67.1,32.9
16366,none,67.1,32.9
16368,none,67.1,32.9
16370,none,67.1,32.9
16372,none,67.1,32.9
16374,none,67.1,32.9
16376,none,67.1,32.9
16378,none,67.1,32.9
16380,none,67.1,32.9
16382,none,67.1,32.9
16384,none,67.1,32.9
16386,none,67.1,32.9
16388,none,67.1,32.9
16390,none,67.1,32.9
16392,none,67.1,32.9
16394,none,67.1,32.9
16396,none,67.1,32.9
16398,none,67.1,32.9
16400,none,67.1,32.9
16402,none,67.1,32.9
16404,none,67.1,32.9
16406,none,67.1,32.9
16408,none,67.1,32.9
16410,none,67.1,32.9
16412,none,67.1,32.9
16414,none,67.1,32.9
16416,A,67.1,32.9
16418,A,67.1,32.9
16420,none,67.1,32.9
16422,none,67.1,32.9
16424,B,67.1,32.9
16426,none,67.1,32.9
16428,none,67.1,32.9
16430,none,67.1,32.9
16432,none,67.1,32.9
16434,none,67.1,32.9
16436,none,67.1,32.9
16438,none,67.1,32.9
16440,none,67.1,32.9
16442,none,67.1,32.9
16444,none,67.1,32.9
16446,none,67.1,32.9
16448,none,67.1,32.9
16450,none,67.1,32.9
16452,none,67.1,32.9
16454,none,67.1,32.9
16456,none,67.1,32.9
16458,none,67.1,32.9
16460,none,67.1,32.9
16462,none,67.1,32.9
16464,none,67.1,32.9
16466,none,67.1,32.9
16468,none,67.1,32.9
16470,none,67.1,32.9
16472,none,67.1,32.9
16474,none,67.1,32.9
16476,none,67.1,32.9
16478,A,67.1,32.9
16480,A,67.1,32.9
16482,A,67.2,32.8
16484,none,67.2,32.8
16486,none,67.2,32.8
16488,none,67.2,32.8
16490,none,67.2,32.8
16492,none,67.2,32.8
16494,none,67.2,32.8
16496,none,67.2,32.8
16498,none,67.2,32.8
16500,none,67.2,32.8
16502,none,67.2,32.8
16504,none,67.2,32.8
16506,none,67.2,32.8
16508,none,67.2,32.8
16510,none,67.2,32.8
16512,none,67.2,32.8
16514,none,67.2,32.8
16516,none,67.2,32.8
16518,none,67.2,32.8
16520,none,67.2,32.8
16522,none,67.2,32.8
16524,none,67.2,32.8
16526,none,67.2,32.8
16528,none,67.2,32.8
16530,none,67.2,32.8
16532,none,67.2,32.8
16534,none,67.2,32.8
16536,none,67.2,32.8
16538,none,67.2,32.8
16540,none,67.2,32.8
16542,none,67.2,32.8
16544,none,67.2,32.8
16546,none,67.2,32.8
16548,none,67.2,32.8
16550,none,67.2,32.8
16552,none,67.2,32.8
16554,none,67.2,32.8
16556,none,67.2,32.8
16558,none,67.2,32.8
16560,A,67.2,32.8
16562,A,67.2,32.8
16564,none,67.2,32.8
16566,A,67.2,32.8
16568,A,67.3,32.7
16570,none,67.3,32.7
16572,none,67.3,32.7
16574,none,67.3,32.7
16576,none,67.3,32.7
16578,none,67.3,32.7
16580,none,67.3,32.7
16582,none,67.3,32.7
16584,none,67.3,32.7
16586,none,67.3,32.7
16588,none,67.3,32.7
16590,none,67.3,32.7
16592,none,67.3,32.7
16594,none,67.3,32.7
16596,none,67.3,32.7
16598,none,67.3,32.7
16600,none,67.3,32.7
16602,none,67.3,32.7
16604,none,67.3,32.7
16606,none,67.3,32.7
16608,none,67.3,32.7
16610,none,67.3,32.7
16612,none,67.3,32.7
16614,none,67.3,32.7
16616,none,67.3,32.7
16618,none,67.3,32.7
16620,none,67.3,32.7
16622,none,67.3,32.7
16624,none,67.3,32.7
16626,none,67.3,32.7
16628,none,67.3,32.7
16630,none,67.3,32.7
16632,none,67.3,32.7
16634,none,67.3,32.7
16636,none,67.3,32.7
16638,none,67.3,32.7
16640,none,67.3,32.7
16642,none,67.3,32.7
16644,none,67.3,32.7
16646,none,67.3,32.7
16648,none,67.3,32.7
16650,none,67.3,32.7
16652,none,67.3,32.7
16654,none,67.3,32.7
16656,none,67.3,32.7
16658,none,67.3,32.7
16660,none,67.3,32.7
16662,none,67.3,32.7
16664,none,67.3,32.7
16666,none,67.3,32.7
16668,none,67.3,32.7
16670,none,67.3,32.7
16672,none,67.3,32.7
16674,none,67.3,32.7
16676,none,67.3,32.7
16678,none,67.3,32.7
16680,none,67.3,32.7
16682,none,67.3,32.7
16684,none,67.3,32.7
16686,none,67.3,32.7
16688,none,67.3,32.7
16690,none,67.3,32.7
16692,none,67.3,32.7
16694,none,67.3,32.7
16696,none,67.3,32.7
16698,none,67.3,32.7
16700,none,67.3,32.7
16702,none,67.3,32.7
16704,none,67.3,32.7
16706,none,67.3,32.7
16708,none,67.3,32.7
16710,none,67.3,32.7
16712,none,67.3,32.7
16714,none,67.3,32.7
16716,none,67.3,32.7
16718,none,67.3,32.7
16720,none,67.3,32.7
16722,none,67.3,32.7
16724,none,67.3,32.7
16726,none,67.3,32.7
16728,none,67.3,32.7
16730,none,67.3,32.7
16732,none,67.3,32.7
16734,none,67.3,32.7
16736,none,67.3,32.7
16738,B,67.2,32.8
16740,B,67.2,32.8
16742,none,67.2,32.8
16744,none,67.2,32.8
16746,none,67.2,32.8
16748,none,67.2,32.8
16750,none,67.2,32.8
16752,none,67.2,32.8
16754,none,67.2,32.8
16756,none,67.2,32.8
16758,none,67.2,32.8
16760,A,67.2,32.8
16762,none,67.2,32.8
16764,none,67.2,32.8
16766,none,67.2,32.8
16768,none,67.2,32.8
16770,A,67.2,32.8
16772,none,67.2,32.8
16774,none,67.2,32.8
16776,none,67.2,32.8
16778,none,67.2,32.8
16780,none,67.2,32.8
16782,none,67.2,32.8
16784,none,67.2,32.8
16786,none,67.2,32.8
16788,none,67.2,32.8
16790,none,67.2,32.8
16792,A,67.2,32.8
16794,none,67.2,32.8
16796,none,67.2,32.8
16798,none,67.2,32.8
16800,none,67.2,32.8
16802,none,67.2,32.8
16804,none,67.2,32.8
16806,none,67.2,32.8
16808,none,67.2,32.8
16810,none,67.2,32.8
16812,none,67.2,32.8
16814,none,67.2,32.8
16816,none,67.2,32.8
16818,none,67.2,32.8
16820,none,67.2,32.8
16822,none,67.2,32.8
16824,none,67.2,32.8
16826,none,67.2,32.8
16828,none,67.2,32.8
16830,none,67.2,32.8
16832,none,67.2,32.8
16834,none,67.2,32.8
16836,none,67.2,32.8
16838,none,67.2,32.8
16840,none,67.2,32.8
16842,none,67.2,32.8
16844,none,67.2,32.8
16846,none,67.2,32.8
16848,none,67.2,32.8
16850,none,67.2,32.8
16852,none,67.2,32.8
16854,none,67.2,32.8
16856,none,67.2,32.8
16858,none,67.2,32.8
16860,none,67.2,32.8
16862,none,67.2,32.8
16864,none,67.2,32.8
16866,none,67.2,32.8
16868,none,67.2,32.8
16870,none,67.2,32.8
16872,none,67.2,32.8
16874,none,67.2,32.8
16876,none,67.2,32.8
16878,none,67.2,32.8
16880,none,67.2,32.8
16882,none,67.2,32.8
16884,none,67.2,32.8
16886,none,67.2,32.8
16888,none,67.2,32.8
16890,none,67.2,32.8
16892,none,67.2,32.8
16894,none,67.2,32.8
16896,none,67.2,32.8
16898,none,67.2,32.8
16900,none,67.2,32.8
16902,none,67.2,32.8
16904,none,67.2,32.8
16906,none,67.2,32.8
16908,none,67.2,32.8
16910,none,67.2,32.8
16912,none,67.2,32.8
16914,none,67.2,32.8
16916,none,67.2,32.8
16918,none,67.2,32.8
16920,none,67.2,32.8
16922,none,67.2,32.8
16924,none,67.2,32.8
16926,none,67.2,32.8
16928,none,67.2,32.8
16930,none,67.2,32.8
16932,none,67.2,32.8
16934,none,67.2,32.8
16936,none,67.2,32.8
16938,none,67.2,32.8
16940,none,67.2,32.8
16942,none,67.2,32.8
16944,none,67.2,32.8
16946,none,67.2,32.8
16948,none,67.2,32.8
16950,none,67.2,32.8
16952,none,67.2,32.8
16954,none,67.2,32.8
16956,none,67.2,32.8
16958,none,67.2,32.8
16960,none,67.2,32.8
16962,none,67.2,32.8
16964,none,67.2,32.8
16966,none,67.2,32.8
16968,none,67.2,32.8
16970,none,67.2,32.8
16972,none,67.2,32.8
16974,none,67.2,32.8
16976,none,67.2,32.8
16978,none,67.2,32.8
16980,none,67.2,32.8
16982,none,67.2,32.8
16984,none,67.2,32.8
16986,none,67.2,32.8
16988,none,67.2,32.8
16990,none,67.2,32.8
16992,none,67.2,32.8
16994,none,67.2,32.8
16996,none,67.2,32.8
16998,none,67.2,32.8
17000,none,67.2,32.8
17002,none,67.2,32.8
17004,none,67.2,32.8
17006,none,67.2,32.8
17008,none,67.2,32.8
17010,none,67.2,32.8
17012,none,67.2,32.8
17014,none,67.2,32.8
17016,none,67.2,32.8
17018,none,67.2,32.8
17020,none,67.2,32.8
17022,none,67.2,32.8
17024,none,67.2,32.8
17026,none,67.2,32.8
17028,none,67.2,32.8
17030,none,67.2,32.8
17032,none,67.2,32.8
17034,none,67.2,32.8
17036,none,67.2,32.8
17038,none,67.2,32.8
17040,none,67.2,32.8
17042,B,67.2,32.8
17044,none,67.2,32.8
17046,B,67.1,32.9
17048,none,67.1,32.9
17050,none,67.1,32.9
17052,none,67.1,32.9
17054,none,67.1,32.9
17056,none,67.1,32.9
17058,none,67.1,32.9
17060,none,67.1,32.9
17062,none,67.1,32.9
17064,none,67.1,32.9
17066,none,67.1,32.9
17068,none,67.1,32.9
17070,none,67.1,32.9
17072,none,67.1,32.9
17074,none,67.1,32.9
17076,none,67.1,32.9
17078,none,67.1,32.9
17080,A,67.2,32.8
17082,A,67.2,32.8
17084,B,67.1,32.9
17086,A,67.2,32.8
17088,A,67.2,32.8
17090,A,67.2,32.8
17092,none,67.2,32.8
17094,none,67.2,32.8
17096,none,67.2,32.8
17098,none,67.2,32.8
17100,none,67.2,32.8
17102,none,67.2,32.8
17104,none,67.2,32.8
17106,none,67.2,32.8
17108,none,67.2,32.8
17110,none,67.2,32.8
17112,none,67.2,32.8
17114,none,67.2,32.8
17116,none,67.2,32.8
17118,none,67.2,32.8
17120,none,67.2,32.8
17122,none,67.2,32.8
17124,none,67.2,32.8
17126,none,67.2,32.8
17128,none,67.2,32.8
17130,none,67.2,32.8
17132,none,67.2,32.8
17134,none,67.2,32.8
17136,none,67.2,32.8
17138,none,67.2,32.8
17140,none,67.2,32.8
17142,none,67.2,32.8
17144,none,67.2,32.8
17146,none,67.2,32.8
17148,none,67.2,32.8
17150,none,67.2,32.8
17152,none,67.2,32.8
17154,none,67.2,32.8
17156,none,67.2,32.8
17158,none,67.2,32.8
17160,none,67.2,32.8
17162,none,67.2,32.8
17164,none,67.2,32.8
17166,none,67.2,32.8
17168,none,67.2,32.8
17170,none,67.2,32.8
17172,none,67.2,32.8
17174,none,67.2,32.8
17176,none,67.2,32.8
17178,none,67.2,32.8
17180,none,67.2,32.8
17182,none,67.2,32.8
17184,none,67.2,32.8
17186,none,67.2,32.8
17188,none,67.2,32.8
17190,none,67.2,32.8
17192,none,67.2,32.8
17194,none,67.2,32.8
17196,none,67.2,32.8
17198,none,67.2,32.8
17200,none,67.2,32.8
17202,none,67.2,32.8
17204,none,67.2,32.8
17206,none,67.2,32.8
17208,none,67.2,32.8
17210,none,67.2,32.8
17212,none,67.2,32.8
17214,none,67.2,32.8
17216,none,67.2,32.8
17218,none,67.2,32.8
17220,none,67.2,32.8
17222,none,67.2,32.8
17224,none,67.2,32.8
17226,none,67.2,32.8
17228,none,67.2,32.8
17230,none,67.2,32.8
17232,none,67.2,32.8
17234,none,67.2,32.8
17236,none,67.2,32.8
17238,none,67.2,32.8
17240,none,67.2,32.8
17242,A,67.2,32.8
17244,A,67.3,32.7
17246,A,67.3,32.7
17248,none,67.3,32.7
17250,B,67.2,32.8
17252,none,67.2,32.8
17254,none,67.2,32.8
17256,none,67.2,32.8
17258,none,67.2,32.8
17260,none,67.2,32.8
17262,none,67.2,32.8
17264,none,67.2,32.8
17266,none,67.2,32.8
17268,none,67.2,32.8
17270,none,67.2,32.8
17272,none,67.2,32.8
17274,none,67.2,32.8
17276,none,67.2,32.8
17278,none,67.2,32.8
17280,none,67.2,32.8
17282,none,67.2,32.8
17284,none,67.2,32.8
17286,none,67.2,32.8
17288,none,67.2,32.8
17290,none,67.2,32.8
17292,A,67.3,32.7
17294,none,67.3,32.7
17296,A,67.3,32.7
17298,none,67.3,32.7
17300,none,67.3,32.7
17302,none,67.3,32.7
17304,none,67.3,32.7
17306,A,67.3,32.7
17308,none,67.3,32.7
17310,none,67.3,32.7
17312,none,67.3,32.7
17314,none,67.3,32.7
17316,none,67.3,32.7
17318,none,67.3,32.7
17320,A,67.4,32.6
17322,none,67.4,32.6
17324,none,67.4,32.6
17326,B,67.3,32.7
17328,B,67.2,32.8
17330,none,67.2,32.8
17332,none,67.2,32.8
17334,none,67.2,32.8
17336,none,67.2,32.8
17338,none,67.2,32.8
17340,none,67.2,32.8
17342,none,67.2,32.8
17344,none,67.2,32.8
17346,none,67.2,32.8
17348,none,67.2,32.8
17350,none,67.2,32.8
17352,none,67.2,32.8
17354,none,67.2,32.8
17356,none,67.2,32.8
17358,none,67.2,32.8
17360,none,67.2,32.8
17362,none,67.2,32.8
17364,A,67.3,32.7
17366,A,67.3,32.7
17368,B,67.2,32.8
17370,none,67.2,32.8
17372,A,67.3,32.7
17374,none,67.3,32.7
17376,none,67.3,32.7
17378,none,67.3,32.7
17380,none,67.3,32.7
17382,none,67.3,32.7
17384,none,67.3,32.7
17386,none,67.3,32.7
17388,none,67.3,32.7
17390,none,67.3,32.7
17392,none,67.3,32.7
17394,none,67.3,32.7
17396,none,67.3,32.7
17398,none,67.3,32.7
17400,none,67.3,32.7
17402,none,67.3,32.7
17404,none,67.3,32.7
17406,none,67.3,32.7
17408,A,67.3,32.7
17410,A,67.3,32.7
17412,A,67.4,32.6
17414,A,67.4,32.6
17416,A,67.4,32.6
17418,A,67.4,32.6
17420,none,67.4,32.6
17422,none,67.4,32.6
17424,none,67.4,32.6
17426,none,67.4,32.6
17428,none,67.4,32.6
17430,none,67.4,32.6
17432,none,67.4,32.6
17434,none,67.4,32.6
17436,none,67.4,32.6
17438,none,67.4,32.6
17440,none,67.4,32.6
17442,none,67.4,32.6
17444,none,67.4,32.6
17446,none,67.4,32.6
17448,none,67.4,32.6
17450,none,67.4,32.6
17452,none,67.4,32.6
17454,none,67.4,32.6
17456,none,67.4,32.6
17458,none,67.4,32.6
17460,none,67.4,32.6
17462,none,67.4,32.6
17464,none,67.4,32.6
17466,A,67.5,32.5
17468,none,67.5,32.5
17470,none,67.5,32.5
17472,none,67.5,32.5
17474,none,67.5,32.5
17476,none,67.5,32.5
17478,none,67.5,32.5
17480,none,67.5,32.5
17482,A,67.5,32.5
17484,B,67.4,32.6
17486,none,67.4,32.6
17488,A,67.5,32.5
17490,none,67.5,32.5
17492,none,67.5,32.5
17494,none,67.5,32.5
17496,none,67.5,32.5
17498,none,67.5,32.5
17500,none,67.5,32.5
17502,none,67.5,32.5
17504,none,67.5,32.5
17506,none,67.5,32.5
17508,none,67.5,32.5
17510,none,67.5,32.5
17512,none,67.5,32.5
17514,none,67.5,32.5
17516,none,67.5,32.5
17518,none,67.5,32.5
17520,none,67.5,32.5
17522,none,67.5,32.5
17524,none,67.5,32.5
17526,none,67.5,32.5
17528,none,67.5,32.5
17530,none,67.5,32.5
17532,none,67.5,32.5
17534,none,67.5,32.5
17536,none,67.5,32.5
17538,none,67.5,32.5
17540,none,67.5,32.5
17542,none,67.5,32.5
17544,none,67.5,32.5
17546,none,67.5,32.5
17548,none,67.5,32.5
17550,none,67.5,32.5
17552,none,67.5,32.5
17554,none,67.5,32.5
17556,none,67.5,32.5
17558,none,67.5,32.5
17560,none,67.5,32.5
17562,none,67.5,32.5
17564,none,67.5,32.5
17566,none,67.5,32.5
17568,none,67.5,32.5
17570,none,67.5,32.5
17572,none,67.5,32.5
17574,none,67.5,32.5
17576,none,67.5,32.5
17578,none,67.5,32.5
17580,none,67.5,32.5
17582,none,67.5,32.5
17584,none,67.5,32.5
17586,A,67.5,32.5
17588,none,67.5,32.5
17590,none,67.5,32.5
17592,none,67.5,32.5
17594,none,67.5,32.5
17596,none,67.5,32.5
17598,none,67.5,32.5
17600,none,67.5,32.5
17602,none,67.5,32.5
17604,A,67.5,32.5
17606,A,67.6,32.4
17608,none,67.6,32.4
17610,none,67.6,32.4
17612,none,67.6,32.4
17614,none,67.6,32.4
17616,none,67.6,32.4
17618,none,67.6,32.4
17620,none,67.6,32.4
17622,none,67.6,32.4
17624,none,67.6,32.4
17626,none,67.6,32.4
17628,none,67.6,32.4
17630,none,67.6,32.4
17632,none,67.6,32.4
17634,none,67.6,32.4
17636,none,67.6,32.4
17638,none,67.6,32.4
17640,none,67.6,32.4
17642,none,67.6,32.4
17644,none,67.6,32.4
17646,none,67.6,32.4
17648,none,67.6,32.4
17650,none,67.6,32.4
17652,none,67.6,32.4
17654,none,67.6,32.4
17656,none,67.6,32.4
17658,none,67.6,32.4
17660,none,67.6,32.4
17662,none,67.6,32.4
17664,none,67.6,32.4
17666,none,67.6,32.4
17668,none,67.6,32.4
17670,none,67.6,32.4
17672,none,67.6,32.4
17674,none,67.6,32.4
17676,none,67.6,32.4
17678,none,67.6,32.4
17680,none,67.6,32.4
17682,none,67.6,32.4
17684,none,67.6,32.4
17686,none,67.6,32.4
17688,none,67.6,32.4
17690,none,67.6,32.4
17692,none,67.6,32.4
17694,none,67.6,32.4
17696,none,67.6,32.4
17698,none,67.6,32.4
17700,none,67.6,32.4
17702,none,67.6,32.4
17704,none,67.6,32.4
17706,none,67.6,32.4
17708,none,67.6,32.4
17710,none,67.6,32.4
17712,none,67.6,32.4
17714,none,67.6,32.4
17716,none,67.6,32.4
17718,none,67.6,32.4
17720,none,67.6,32.4
17722,none,67.6,32.4
17724,none,67.6,32.4
17726,none,67.6,32.4
17728,none,67.6,32.4
17730,none,67.6,32.4
17732,none,67.6,32.4
17734,none,67.6,32.4
17736,none,67.6,32.4
17738,none,67.6,32.4
17740,none,67.6,32.4
17742,none,67.6,32.4
17744,none,67.6,32.4
17746,none,67.6,32.4
17748,none,67.6,32.4
17750,none,67.6,32.4
17752,none,67.6,32.4
17754,none,67.6,32.4
17756,none,67.6,32.4
17758,none,67.6,32.4
17760,A,67.6,32.4
17762,A,67.6,32.4
17764,A,67.6,32.4
17766,A,67.7,32.3
17768,A,67.7,32.3
17770,A,67.7,32.3
17772,A,67.8,32.2
17774,A,67.8,32.2
17776,A,67.8,32.2
17778,none,67.8,32.2
17780,none,67.8,32.2
17782,none,67.8,32.2
17784,none,67.8,32.2
17786,none,67.8,32.2
17788,none,67.8,32.2
17790,none,67.8,32.2
17792,none,67.8,32.2
17794,none,67.8,32.2
17796,none,67.8,32.2
17798,none,67.8,32.2
17800,none,67.8,32.2
17802,B,67.7,32.3
17804,B,67.7,32.3
17806,B,67.6,32.4
17808,none,67.6,32.4
17810,none,67.6,32.4
17812,none,67.6,32.4
17814,none,67.6,32.4
17816,none,67.6,32.4
17818,none,67.6,32.4
17820,none,67.6,32.4
17822,none,67.6,32.4
17824,none,67.6,32.4
17826,none,67.6,32.4
17828,none,67.6,32.4
17830,B,67.6,32.4
17832,B,67.5,32.5
17834,B,67.5,32.5
17836,none,67.5,32.5
17838,none,67.5,32.5
17840,none,67.5,32.5
17842,none,67.5,32.5
17844,none,67.5,32.5
17846,none,67.5,32.5
17848,none,67.5,32.5
17850,none,67.5,32.5
17852,none,67.5,32.5
17854,none,67.5,32.5
17856,none,67.5,32.5
17858,none,67.5,32.5
17860,none,67.5,32.5
17862,none,67.5,32.5
17864,none,67.5,32.5
17866,none,67.5,32.5
17868,none,67.5,32.5
17870,none,67.5,32.5
17872,none,67.5,32.5
17874,none,67.5,32.5
17876,none,67.5,32.5
17878,none,67.5,32.5
17880,none,67.5,32.5
17882,none,67.5,32.5
17884,none,67.5,32.5
17886,none,67.5,32.5
17888,none,67.5,32.5
17890,none,67.5,32.5
17892,none,67.5,32.5
17894,none,67.5,32.5
17896,none,67.5,32.5
17898,none,67.5,32.5
17900,none,67.5,32.5
17902,none,67.5,32.5
17904,none,67.5,32.5
17906,none,67.5,32.5
17908,none,67.5,32.5
17910,none,67.5,32.5
17912,none,67.5,32.5
17914,none,67.5,32.5
17916,none,67.5,32.5
17918,none,67.5,32.5
17920,none,67.5,32.5
17922,B,67.4,32.6
17924,none,67.4,32.6
17926,none,67.4,32.6
17928,none,67.4,32.6
17930,none,67.4,32.6
17932,none,67.4,32.6
17934,none,67.4,32.6
17936,B,67.3,32.7
17938,B,67.3,32.7
17940,none,67.3,32.7
17942,none,67.3,32.7
17944,none,67.3,32.7
17946,none,67.3,32.7
17948,none,67.3,32.7
17950,none,67.3,32.7
17952,none,67.3,32.7
17954,none,67.3,32.7
17956,none,67.3,32.7
17958,none,67.3,32.7
17960,none,67.3,32.7
17962,none,67.3,32.7
17964,none,67.3,32.7
17966,none,67.3,32.7
17968,none,67.3,32.7
17970,none,67.3,32.7
17972,none,67.3,32.7
17974,none,67.3,32.7
17976,none,67.3,32.7
17978,none,67.3,32.7
17980,none,67.3,32.7
17982,A,67.3,32.7
17984,B,67.2,32.8
17986,B,67.2,32.8
17988,none,67.2,32.8
17990,A,67.2,32.8
17992,none,67.2,32.8
17994,none,67.2,32.8
17996,none,67.2,32.8
17998,A,67.2,32.8
18000,A,67.3,32.7
18002,A,67.3,32.7
18004,none,67.3,32.7
18006,none,67.3,32.7
18008,none,67.3,32.7
18010,none,67.3,32.7
18012,A,67.3,32.7
18014,none,67.3,32.7
18016,none,67.3,32.7
18018,A,67.4,32.6
18020,none,67.4,32.6
18022,none,67.4,32.6
18024,none,67.4,32.6
18026,none,67.4,32.6
18028,none,67.4,32.6
18030,none,67.4,32.6
18032,none,67.4,32.6
18034,none,67.4,32.6
18036,none,67.4,32.6
18038,none,67.4,32.6
18040,none,67.4,32.6
18042,none,67.4,32.6
18044,none,67.4,32.6
18046,none,67.4,32.6
18048,none,67.4,32.6
18050,none,67.4,32.6
18052,none,67.4,32.6
18054,none,67.4,32.6
18056,none,67.4,32.6
18058,none,67.4,32.6
18060,none,67.4,32.6
18062,none,67.4,32.6
18064,none,67.4,32.6
18066,none,67.4,32.6
18068,none,67.4,32.6
18070,none,67.4,32.6
18072,none,67.4,32.6
18074,none,67.4,32.6
18076,none,67.4,32.6
18078,none,67.4,32.6
18080,none,67.4,32.6
18082,none,67.4,32.6
18084,none,67.4,32.6
18086,none,67.4,32.6
18088,none,67.4,32.6
18090,none,67.4,32.6
18092,none,67.4,32.6
18094,none,67.4,32.6
18096,B,67.3,32.7
18098,none,67.3,32.7
18100,none,67.3,32.7
18102,none,67.3,32.7
18104,none,67.3,32.7
18106,none,67.3,32.7
18108,none,67.3,32.7
18110,B,67.2,32.8
18112,none,67.2,32.8
18114,none,67.2,32.8
18116,none,67.2,32.8
18118,none,67.2,32.8
18120,none,67.2,32.8
18122,none,67.2,32.8
18124,none,67.2,32.8
18126,none,67.2,32.8
18128,none,67.2,32.8
18130,none,67.2,32.8
18132,none,67.2,32.8
18134,none,67.2,32.8
18136,none,67.2,32.8
18138,none,67.2,32.8
18140,none,67.2,32.8
18142,none,67.2,32.8
18144,none,67.2,32.8
18146,none,67.2,32.8
18148,none,67.2,32.8
18150,none,67.2,32.8
18152,none,67.2,32.8
18154,none,67.2,32.8
18156,none,67.2,32.8
18158,B,67.2,32.8
18160,B,67.1,32.9
18162,none,67.1,32.9
18164,A,67.2,32.8
18166,B,67.1,32.9
18168,none,67.1,32.9
18170,none,67.1,32.9
18172,none,67.1,32.9
18174,none,67.1,32.9
18176,none,67.1,32.9
18178,none,67.1,32.9
18180,none,67.1,32.9
18182,none,67.1,32.9
18184,none,67.1,32.9
18186,none,67.1,32.9
18188,none,67.1,32.9
18190,none,67.1,32.9
18192,none,67.1,32.9
18194,none,67.1,32.9
18196,none,67.1,32.9
18198,none,67.1,32.9
18200,none,67.1,32.9
18202,none,67.1,32.9
18204,none,67.1,32.9
18206,none,67.1,32.9
18208,none,67.1,32.9
18210,none,67.1,32.9
18212,none,67.1,32.9
18214,none,67.1,32.9
18216,none,67.1,32.9
18218,none,67.1,32.9
18220,none,67.1,32.9
18222,none,67.1,32.9
18224,none,67.1,32.9
18226,none,67.1,32.9
18228,B,67.0,33.0
18230,none,67.0,33.0
18232,none,67.0,33.0
18234,none,67.0,33.0
18236,none,67.0,33.0
18238,none,67.0,33.0
18240,none,67.0,33.0
18242,none,67.0,33.0
18244,none,67.0,33.0
18246,none,67.0,33.0
18248,none,67.0,33.0
18250,none,67.0,33.0
18252,none,67.0,33.0
18254,none,67.0,33.0
18256,none,67.0,33.0
18258,none,67.0,33.0
18260,none,67.0,33.0
18262,none,67.0,33.0
18264,none,67.0,33.0
18266,none,67.0,33.0
18268,none,67.0,33.0
18270,none,67.0,33.0
18272,none,67.0,33.0
18274,none,67.0,33.0
18276,none,67.0,33.0
18278,none,67.0,33.0
18280,none,67.0,33.0
18282,none,67.0,33.0
18284,none,67.0,33.0
18286,none,67.0,33.0
18288,none,67.0,33.0
18290,none,67.0,33.0
18292,none,67.0,33.0
18294,none,67.0,33.0
18296,none,67.0,33.0
18298,none,67.0,33.0
18300,none,67.0,33.0
18302,none,67.0,33.0
18304,none,67.0,33.0
18306,none,67.0,33.0
18308,none,67.0,33.0
18310,none,67.0,33.0
18312,none,67.0,33.0
18314,none,67.0,33.0
18316,none,67.0,33.0
18318,none,67.0,33.0
18320,none,67.0,33.0
18322,none,67.0,33.0
18324,none,67.0,33.0
18326,none,67.0,33.0
18328,none,67.0,33.0
18330,none,67.0,33.0
18332,none,67.0,33.0
18334,none,67.0,33.0
18336,none,67.0,33.0
18338,none,67.0,33.0
18340,none,67.0,33.0
18342,none,67.0,33.0
18344,none,67.0,33.0
18346,none,67.0,33.0
18348,none,67.0,33.0
18350,none,67.0,33.0
18352,none,67.0,33.0
18354,none,67.0,33.0
18356,none,67.0,33.0
18358,none,67.0,33.0
18360,none,67.0,33.0
18362,none,67.0,33.0
18364,none,67.0,33.0
18366,none,67.0,33.0
18368,none,67.0,33.0
18370,none,67.0,33.0
18372,none,67.0,33.0
18374,none,67.0,33.0
18376,none,67.0,33.0
18378,none,67.0,33.0
18380,A,67.1,32.9
18382,none,67.1,32.9
18384,none,67.1,32.9
18386,none,67.1,32.9
18388,none,67.1,32.9
18390,none,67.1,32.9
18392,none,67.1,32.9
18394,none,67.1,32.9
18396,none,67.1,32.9
18398,none,67.1,32.9
18400,none,67.1,32.9
18402,none,67.1,32.9
18404,none,67.1,32.9
18406,none,67.1,32.9
18408,none,67.1,32.9
18410,none,67.1,32.9
18412,none,67.1,32.9
18414,none,67.1,32.9
18416,none,67.1,32.9
18418,none,67.1,32.9
18420,none,67.1,32.9
18422,none,67.1,32.9
18424,none,67.1,32.9
18426,none,67.1,32.9
18428,none,67.1,32.9
18430,none,67.1,32.9
18432,none,67.1,32.9
18434,none,67.1,32.9
18436,none,67.1,32.9
18438,none,67.1,32.9
18440,none,67.1,32.9
18442,none,67.1,32.9
18444,none,67.1,32.9
18446,none,67.1,32.9
18448,none,67.1,32.9
18450,none,67.1,32.9
18452,none,67.1,32.9
18454,none,67.1,32.9
18456,none,67.1,32.9
18458,none,67.1,32.9
18460,none,67.1,32.9
18462,none,67.1,32.9
18464,none,67.1,32.9
18466,none,67.1,32.9
18468,none,67.1,32.9
18470,none,67.1,32.9
18472,none,67.1,32.9
18474,none,67.1,32.9
18476,none,67.1,32.9
18478,none,67.1,32.9
18480,none,67.1,32.9
18482,none,67.1,32.9
18484,none,67.1,32.9
18486,none,67.1,32.9
18488,none,67.1,32.9
18490,none,67.1,32.9
18492,none,67.1,32.9
18494,none,67.1,32.9
18496,none,67.1,32.9
18498,none,67.1,32.9
18500,none,67.1,32.9
18502,none,67.1,32.9
18504,none,67.1,32.9
18506,none,67.1,32.9
18508,none,67.1,32.9
18510,none,67.1,32.9
18512,none,67.1,32.9
18514,none,67.1,32.9
18516,none,67.1,32.9
18518,none,67.1,32.9
18520,none,67.1,32.9
18522,none,67.1,32.9
18524,B,67.0,33.0
18526,none,67.0,33.0
18528,none,67.0,33.0
18530,none,67.0,33.0
18532,none,67.0,33.0
18534,none,67.0,33.0
18536,none,67.0,33.0
18538,none,67.0,33.0
18540,none,67.0,33.0
18542,none,67.0,33.0
18544,none,67.0,33.0
18546,none,67.0,33.0
18548,none,67.0,33.0
18550,none,67.0,33.0
18552,none,67.0,33.0
18554,none,67.0,33.0
18556,none,67.0,33.0
18558,none,67.0,33.0
18560,none,67.0,33.0
18562,none,67.0,33.0
18564,none,67.0,33.0
18566,none,67.0,33.0
18568,none,67.0,33.0
18570,none,67.0,33.0
18572,none,67.0,33.0
18574,none,67.0,33.0
18576,none,67.0,33.0
18578,none,67.0,33.0
18580,none,67.0,33.0
18582,none,67.0,33.0
18584,none,67.0,33.0
18586,none,67.0,33.0
18588,none,67.0,33.0
18590,none,67.0,33.0
18592,none,67.0,33.0
18594,none,67.0,33.0
18596,none,67.0,33.0
18598,none,67.0,33.0
18600,none,67.0,33.0
18602,none,67.0,33.0
18604,none,67.0,33.0
18606,none,67.0,33.0
18608,none,67.0,33.0
18610,none,67.0,33.0
18612,none,67.0,33.0
18614,none,67.0,33.0
18616,none,67.0,33.0
18618,none,67.0,33.0
18620,none,67.0,33.0
18622,none,67.0,33.0
18624,none,67.0,33.0
18626,none,67.0,33.0
18628,none,67.0,33.0
18630,none,67.0,33.0
18632,none,67.0,33.0
18634,none,67.0,33.0
18636,none,67.0,33.0
18638,none,67.0,33.0
18640,none,67.0,33.0
18642,none,67.0,33.0
18644,none,67.0,33.0
18646,none,67.0,33.0
18648,none,67.0,33.0
18650,none,67.0,33.0
18652,none,67.0,33.0
18654,none,67.0,33.0
18656,none,67.0,33.0
18658,none,67.0,33.0
18660,none,67.0,33.0
18662,none,67.0,33.0
18664,none,67.0,33.0
18666,none,67.0,33.0
18668,none,67.0,33.0
18670,none,67.0,33.0
18672,none,67.0,33.0
18674,none,67.0,33.0
18676,none,67.0,33.0
18678,none,67.0,33.0
18680,none,67.0,33.0
18682,none,67.0,33.0
18684,none,67.0,33.0
18686,none,67.0,33.0
18688,none,67.0,33.0
18690,none,67.0,33.0
18692,none,67.0,33.0
18694,none,67.0,33.0
18696,none,67.0,33.0
18698,none,67.0,33.0
18700,none,67.0,33.0
18702,none,67.0,33.0
18704,none,67.0,33.0
18706,none,67.0,33.0
18708,none,67.0,33.0
18710,none,67.0,33.0
18712,none,67.0,33.0
18714,none,67.0,33.0
18716,none,67.0,33.0
18718,none,67.0,33.0
18720,none,67.0,33.0
18722,none,67.0,33.0
18724,none,67.0,33.0
18726,none,67.0,33.0
18728,none,67.0,33.0
18730,none,67.0,33.0
18732,none,67.0,33.0
18734,none,67.0,33.0
18736,none,67.0,33.0
18738,none,67.0,33.0
18740,none,67.0,33.0
18742,A,67.0,33.0
18744,none,67.0,33.0
18746,none,67.0,33.0
18748,none,67.0,33.0
18750,none,67.0,33.0
18752,none,67.0,33.0
18754,none,67.0,33.0
18756,none,67.0,33.0
18758,none,67.0,33.0
18760,none,67.0,33.0
18762,none,67.0,33.0
18764,none,67.0,33.0
18766,none,67.0,33.0
18768,none,67.0,33.0
18770,none,67.0,33.0
18772,none,67.0,33.0
18774,none,67.0,33.0
18776,none,67.0,33.0
18778,none,67.0,33.0
18780,none,67.0,33.0
18782,none,67.0,33.0
18784,none,67.0,33.0
18786,none,67.0,33.0
18788,none,67.0,33.0
18790,none,67.0,33.0
18792,none,67.0,33.0
18794,none,67.0,33.0
18796,none,67.0,33.0
18798,none,67.0,33.0
18800,none,67.0,33.0
18802,none,67.0,33.0
18804,none,67.0,33.0
18806,none,67.0,33.0
18808,none,67.0,33.0
18810,none,67.0,33.0
18812,none,67.0,33.0
18814,none,67.0,33.0
18816,none,67.0,33.0
18818,none,67.0,33.0
18820,none,67.0,33.0
18822,none,67.0,33.0
18824,none,67.0,33.0
18826,none,67.0,33.0
18828,none,67.0,33.0
18830,A,67.1,32.9
18832,A,67.1,32.9
18834,A,67.1,32.9
18836,B,67.1,32.9
18838,none,67.1,32.9
18840,B,67.0,33.0
18842,none,67.0,33.0
18844,none,67.0,33.0
18846,none,67.0,33.0
18848,none,67.0,33.0
18850,none,67.0,33.0
18852,A,67.0,33.0
18854,none,67.0,33.0
18856,none,67.0,33.0
18858,none,67.0,33.0
18860,none,67.0,33.0
18862,none,67.0,33.0
18864,none,67.0,33.0
18866,none,67.0,33.0
18868,none,67.0,33.0
18870,none,67.0,33.0
18872,none,67.0,33.0
18874,none,67.0,33.0
18876,none,67.0,33.0
18878,none,67.0,33.0
18880,none,67.0,33.0
18882,A,67.1,32.9
18884,none,67.1,32.9
18886,none,67.1,32.9
18888,none,67.1,32.9
18890,A,67.1,32.9
18892,A,67.1,32.9
18894,none,67.1,32.9
18896,none,67.1,32.9
18898,A,67.1,32.9
18900,none,67.1,32.9
18902,A,67.2,32.8
18904,A,67.2,32.8
18906,none,67.2,32.8
18908,A,67.2,32.8
18910,A,67.3,32.7
18912,none,67.3,32.7
18914,none,67.3,32.7
18916,none,67.3,32.7
18918,none,67.3,32.7
18920,A,67.3,32.7
18922,none,67.3,32.7
18924,A,67.3,32.7
18926,A,67.3,32.7
18928,A,67.4,32.6
18930,none,67.4,32.6
18932,none,67.4,32.6
18934,none,67.4,32.6
18936,A,67.4,32.6
18938,A,67.4,32.6
18940,none,67.4,32.6
18942,none,67.4,32.6
18944,none,67.4,32.6
18946,none,67.4,32.6
18948,none,67.4,32.6
18950,A,67.5,32.5
18952,none,67.5,32.5
18954,A,67.5,32.5
18956,A,67.5,32.5
18958,A,67.5,32.5
18960,A,67.6,32.4
18962,none,67.6,32.4
18964,A,67.6,32.4
18966,none,67.6,32.4
18968,none,67.6,32.4
18970,none,67.6,32.4
18972,none,67.6,32.4
18974,A,67.6,32.4
18976,A,67.6,32.4
18978,A,67.7,32.3
18980,none,67.7,32.3
18982,A,67.7,32.3
18984,none,67.7,32.3
18986,none,67.7,32.3
18988,none,67.7,32.3
18990,none,67.7,32.3
18992,A,67.7,32.3
18994,none,67.7,32.3
18996,none,67.7,32.3
18998,none,67.7,32.3
19000,none,67.7,32.3
19002,none,67.7,32.3
19004,none,67.7,32.3
19006,none,67.7,32.3
19008,none,67.7,32.3
19010,none,67.7,32.3
19012,none,67.7,32.3
19014,none,67.7,32.3
19016,none,67.7,32.3
19018,none,67.7,32.3
19020,none,67.7,32.3
19022,none,67.7,32.3
19024,none,67.7,32.3
19026,none,67.7,32.3
19028,none,67.7,32.3
19030,none,67.7,32.3
19032,none,67.7,32.3
19034,none,67.7,32.3
19036,none,67.7,32.3
19038,none,67.7,32.3
19040,none,67.7,32.3
19042,none,67.7,32.3
19044,none,67.7,32.3
19046,none,67.7,32.3
19048,none,67.7,32.3
19050,none,67.7,32.3
19052,none,67.7,32.3
19054,none,67.7,32.3
19056,none,67.7,32.3
19058,none,67.7,32.3
19060,none,67.7,32.3
19062,none,67.7,32.3
19064,none,67.7,32.3
19066,none,67.7,32.3
19068,none,67.7,32.3
19070,none,67.7,32.3
19072,none,67.7,32.3
19074,none,67.7,32.3
19076,none,67.7,32.3
19078,none,67.7,32.3
19080,none,67.7,32.3
19082,none,67.7,32.3
19084,none,67.7,32.3
19086,none,67.7,32.3
19088,none,67.7,32.3
19090,none,67.7,32.3
19092,none,67.7,32.3
19094,none,67.7,32.3
19096,none,67.7,32.3
19098,none,67.7,32.3
19100,none,67.7,32.3
19102,none,67.7,32.3
19104,none,67.7,32.3
19106,none,67.7,32.3
19108,none,67.7,32.3
19110,none,67.7,32.3
19112,none,67.7,32.3
19114,none,67.7,32.3
19116,none,67.7,32.3
19118,none,67.7,32.3
19120,none,67.7,32.3
19122,none,67.7,32.3
19124,none,67.7,32.3
19126,none,67.7,32.3
19128,none,67.7,32.3
19130,none,67.7,32.3
19132,none,67.7,32.3
19134,none,67.7,32.3
19136,none,67.7,32.3
19138,none,67.7,32.3
19140,none,67.7,32.3
19142,none,67.7,32.3
19144,none,67.7,32.3
19146,none,67.7,32.3
19148,none,67.7,32.3
19150,none,67.7,32.3
19152,none,67.7,32.3
19154,none,67.7,32.3
19156,none,67.7,32.3
19158,none,67.7,32.3
19160,none,67.7,32.3
19162,none,67.7,32.3
19164,none,67.7,32.3
19166,none,67.7,32.3
19168,none,67.7,32.3
19170,none,67.7,32.3
19172,none,67.7,32.3
19174,none,67.7,32.3
19176,none,67.7,32.3
19178,none,67.7,32.3
19180,none,67.7,32.3
19182,none,67.7,32.3
19184,none,67.7,32.3
19186,none,67.7,32.3
19188,none,67.7,32.3
19190,none,67.7,32.3
19192,none,67.7,32.3
19194,none,67.7,32.3
19196,none,67.7,32.3
19198,none,67.7,32.3
19200,none,67.7,32.3
19202,none,67.7,32.3
19204,none,67.7,32.3
19206,none,67.7,32.3
19208,none,67.7,32.3
19210,none,67.7,32.3
19212,none,67.7,32.3
19214,none,67.7,32.3
19216,none,67.7,32.3
19218,none,67.7,32.3
19220,B,67.7,32.3
19222,none,67.7,32.3
19224,none,67.7,32.3
19226,none,67.7,32.3
19228,none,67.7,32.3
19230,none,67.7,32.3
19232,none,67.7,32.3
19234,none,67.7,32.3
19236,none,67.7,32.3
19238,none,67.7,32.3
19240,none,67.7,32.3
19242,B,67.6,32.4
19244,none,67.6,32.4
19246,none,67.6,32.4
19248,none,67.6,32.4
19250,none,67.6,32.4
19252,none,67.6,32.4
19254,none,67.6,32.4
19256,none,67.6,32.4
19258,none,67.6,32.4
19260,none,67.6,32.4
19262,none,67.6,32.4
19264,none,67.6,32.4
19266,none,67.6,32.4
19268,none,67.6,32.4
19270,none,67.6,32.4
19272,none,67.6,32.4
19274,none,67.6,32.4
19276,none,67.6,32.4
19278,none,67.6,32.4
19280,none,67.6,32.4
19282,none,67.6,32.4
19284,none,67.6,32.4
19286,none,67.6,32.4
19288,none,67.6,32.4
19290,none,67.6,32.4
19292,none,67.6,32.4
19294,none,67.6,32.4
19296,none,67.6,32.4
19298,none,67.6,32.4
19300,none,67.6,32.4
19302,none,67.6,32.4
19304,none,67.6,32.4
19306,none,67.6,32.4
19308,none,67.6,32.4
19310,none,67.6,32.4
19312,none,67.6,32.4
19314,none,67.6,32.4
19316,none,67.6,32.4
19318,none,67.6,32.4
19320,none,67.6,32.4
19322,none,67.6,32.4
19324,none,67.6,32.4
19326,none,67.6,32.4
19328,A,67.6,32.4
19330,none,67.6,32.4
19332,none,67.6,32.4
19334,none,67.6,32.4
19336,none,67.6,32.4
19338,A,67.7,32.3
19340,none,67.7,32.3
19342,none,67.7,32.3
19344,none,67.7,32.3
19346,none,67.7,32.3
19348,A,67.7,32.3
19350,none,67.7,32.3
19352,none,67.7,32.3
19354,none,67.7,32.3
19356,none,67.7,32.3
19358,none,67.7,32.3
19360,none,67.7,32.3
19362,none,67.7,32.3
19364,none,67.7,32.3
19366,none,67.7,32.3
19368,none,67.7,32.3
19370,none,67.7,32.3
19372,none,67.7,32.3
19374,none,67.7,32.3
19376,none,67.7,32.3
19378,none,67.7,32.3
19380,none,67.7,32.3
19382,none,67.7,32.3
19384,none,67.7,32.3
19386,none,67.7,32.3
19388,none,67.7,32.3
19390,none,67.7,32.3
19392,none,67.7,32.3
19394,none,67.7,32.3
19396,none,67.7,32.3
19398,none,67.7,32.3
19400,none,67.7,32.3
19402,none,67.7,32.3
19404,none,67.7,32.3
19406,none,67.7,32.3
19408,none,67.7,32.3
19410,none,67.7,32.3
19412,none,67.7,32.3
19414,none,67.7,32.3
19416,none,67.7,32.3
19418,none,67.7,32.3
19420,none,67.7,32.3
19422,none,67.7,32.3
19424,none,67.7,32.3
19426,none,67.7,32.3
19428,none,67.7,32.3
19430,none,67.7,32.3
19432,A,67.7,32.3
19434,none,67.7,32.3
19436,none,67.7,32.3
19438,none,67.7,32.3
19440,none,67.7,32.3
19442,none,67.7,32.3
19444,none,67.7,32.3
19446,none,67.7,32.3
19448,none,67.7,32.3
19450,none,67.7,32.3
19452,none,67.7,32.3
19454,none,67.7,32.3
19456,none,67.7,32.3
19458,none,67.7,32.3
19460,none,67.7,32.3
19462,none,67.7,32.3
19464,none,67.7,32.3
19466,none,67.7,32.3
19468,none,67.7,32.3
19470,none,67.7,32.3
19472,none,67.7,32.3
19474,none,67.7,32.3
19476,none,67.7,32.3
19478,none,67.7,32.3
19480,A,67.7,32.3
19482,none,67.7,32.3
19484,A,67.8,32.2
19486,none,67.8,32.2
19488,none,67.8,32.2
19490,none,67.8,32.2
19492,none,67.8,32.2
19494,none,67.8,32.2
19496,none,67.8,32.2
19498,none,67.8,32.2
19500,none,67.8,32.2
19502,none,67.8,32.2
19504,none,67.8,32.2
19506,none,67.8,32.2
19508,none,67.8,32.2
19510,none,67.8,32.2
19512,none,67.8,32.2
19514,none,67.8,32.2
19516,none,67.8,32.2
19518,none,67.8,32.2
19520,none,67.8,32.2
19522,none,67.8,32.2
19524,none,67.8,32.2
19526,none,67.8,32.2
19528,none,67.8,32.2
19530,none,67.8,32.2
19532,none,67.8,32.2
19534,none,67.8,32.2
19536,none,67.8,32.2
19538,none,67.8,32.2
19540,none,67.8,32.2
19542,none,67.8,32.2
19544,none,67.8,32.2
19546,none,67.8,32.2
19548,none,67.8,32.2
19550,none,67.8,32.2
19552,none,67.8,32.2
19554,none,67.8,32.2
19556,none,67.8,32.2
19558,none,67.8,32.2
19560,none,67.8,32.2
19562,none,67.8,32.2
19564,none,67.8,32.2
19566,none,67.8,32.2
19568,none,67.8,32.2
19570,none,67.8,32.2
19572,none,67.8,32.2
19574,none,67.8,32.2
19576,none,67.8,32.2
19578,none,67.8,32.2
19580,none,67.8,32.2
19582,none,67.8,32.2
19584,none,67.8,32.2
19586,none,67.8,32.2
19588,none,67.8,32.2
19590,none,67.8,32.2
19592,none,67.8,32.2
19594,none,67.8,32.2
19596,none,67.8,32.2
19598,none,67.8,32.2
19600,none,67.8,32.2
19602,none,67.8,32.2
19604,none,67.8,32.2
19606,none,67.8,32.2
19608,none,67.8,32.2
19610,none,67.8,32.2
19612,none,67.8,32.2
19614,none,67.8,32.2
19616,none,67.8,32.2
19618,none,67.8,32.2
19620,none,67.8,32.2
19622,none,67.8,32.2
19624,none,67.8,32.2
19626,none,67.8,32.2
19628,none,67.8,32.2
19630,none,67.8,32.2
19632,none,67.8,32.2
19634,none,67.8,32.2
19636,none,67.8,32.2
19638,none,67.8,32.2
19640,none,67.8,32.2
19642,none,67.8,32.2
19644,none,67.8,32.2
19646,none,67.8,32.2
19648,none,67.8,32.2
19650,none,67.8,32.2
19652,none,67.8,32.2
19654,none,67.8,32.2
19656,none,67.8,32.2
19658,none,67.8,32.2
19660,none,67.8,32.2
19662,none,67.8,32.2
19664,none,67.8,32.2
19666,none,67.8,32.2
19668,none,67.8,32.2
19670,none,67.8,32.2
19672,none,67.8,32.2
19674,none,67.8,32.2
19676,none,67.8,32.2
19678,none,67.8,32.2
19680,none,67.8,32.2
19682,none,67.8,32.2
19684,none,67.8,32.2
19686,none,67.8,32.2
19688,none,67.8,32.2
19690,none,67.8,32.2
19692,none,67.8,32.2
19694,none,67.8,32.2
19696,none,67.8,32.2
19698,none,67.8,32.2
19700,none,67.8,32.2
19702,none,67.8,32.2
19704,none,67.8,32.2
19706,none,67.8,32.2
19708,none,67.8,32.2
19710,none,67.8,32.2
19712,none,67.8,32.2
19714,none,67.8,32.2
19716,none,67.8,32.2
19718,none,67.8,32.2
19720,none,67.8,32.2
19722,none,67.8,32.2
19724,none,67.8,32.2
19726,none,67.8,32.2
19728,none,67.8,32.2
19730,none,67.8,32.2
19732,none,67.8,32.2
19734,none,67.8,32.2
19736,none,67.8,32.2
19738,none,67.8,32.2
19740,none,67.8,32.2
19742,none,67.8,32.2
19744,none,67.8,32.2
19746,none,67.8,32.2
19748,none,67.8,32.2
19750,none,67.8,32.2
19752,none,67.8,32.2
19754,none,67.8,32.2
19756,none,67.8,32.2
19758,none,67.8,32.2
19760,none,67.8,32.2
19762,none,67.8,32.2
19764,none,67.8,32.2
19766,none,67.8,32.2
19768,none,67.8,32.2
19770,none,67.8,32.2
19772,none,67.8,32.2
19774,none,67.8,32.2
19776,none,67.8,32.2
19778,none,67.8,32.2
19780,none,67.8,32.2
19782,none,67.8,32.2
19784,none,67.8,32.2
19786,none,67.8,32.2
19788,none,67.8,32.2
19790,none,67.8,32.2
19792,none,67.8,32.2
19794,none,67.8,32.2
19796,none,67.8,32.2
19798,none,67.8,32.2
19800,none,67.8,32.2
19802,none,67.8,32.2
19804,none,67.8,32.2
19806,none,67.8,32.2
19808,none,67.8,32.2
19810,none,67.8,32.2
19812,none,67.8,32.2
19814,none,67.8,32.2
19816,none,67.8,32.2
19818,none,67.8,32.2
19820,none,67.8,32.2
19822,none,67.8,32.2
19824,none,67.8,32.2
19826,none,67.8,32.2
19828,none,67.8,32.2
19830,none,67.8,32.2
19832,none,67.8,32.2
19834,none,67.8,32.2
19836,none,67.8,32.2
19838,none,67.8,32.2
19840,none,67.8,32.2
19842,none,67.8,32.2
19844,none,67.8,32.2
19846,none,67.8,32.2
19848,none,67.8,32.2
19850,none,67.8,32.2
19852,none,67.8,32.2
19854,none,67.8,32.2
19856,none,67.8,32.2
19858,none,67.8,32.2
19860,none,67.8,32.2
19862,none,67.8,32.2
19864,none,67.8,32.2
19866,none,67.8,32.2
19868,none,67.8,32.2
19870,none,67.8,32.2
19872,none,67.8,32.2
19874,none,67.8,32.2
19876,none,67.8,32.2
19878,none,67.8,32.2
19880,none,67.8,32.2
19882,none,67.8,32.2
19884,none,67.8,32.2
19886,none,67.8,32.2
19888,none,67.8,32.2
19890,none,67.8,32.2
19892,none,67.8,32.2
19894,none,67.8,32.2
19896,none,67.8,32.2
19898,none,67.8,32.2
19900,none,67.8,32.2
19902,none,67.8,32.2
19904,none,67.8,32.2
19906,none,67.8,32.2
19908,none,67.8,32.2
19910,none,67.8,32.2
19912,none,67.8,32.2
19914,none,67.8,32.2
19916,none,67.8,32.2
19918,none,67.8,32.2
19920,none,67.8,32.2
19922,none,67.8,32.2
19924,none,67.8,32.2
19926,none,67.8,32.2
19928,none,67.8,32.2
19930,none,67.8,32.2
19932,B,67.7,32.3
19934,A,67.7,32.3
19936,none,67.7,32.3
19938,none,67.7,32.3
19940,none,67.7,32.3
19942,none,67.7,32.3
19944,none,67.7,32.3
19946,none,67.7,32.3
19948,none,67.7,32.3
19950,none,67.7,32.3
19952,none,67.7,32.3
19954,none,67.7,32.3
19956,none,67.7,32.3
19958,A,67.8,32.2
19960,A,67.8,32.2
19962,A,67.8,32.2
19964,A,67.8,32.2
19966,A,67.9,32.1
19968,none,67.9,32.1
19970,none,67.9,32.1
19972,B,67.8,32.2
19974,none,67.8,32.2
19976,none,67.8,32.2
19978,none,67.8,32.2
19980,none,67.8,32.2
19982,none,67.8,32.2
19984,none,67.8,32.2
19986,none,67.8,32.2
19988,none,67.8,32.2
19990,none,67.8,32.2
19992,none,67.8,32.2
19994,none,67.8,32.2
19996,none,67.8,32.2
19998,none,67.8,32.2
20000,none,67.8,32.2
20002,none,67.8,32.2
20004,none,67.8,32.2
20006,none,67.8,32.2
20008,none,67.8,32.2
20010,none,67.8,32.2
20012,none,67.8,32.2
20014,none,67.8,32.2
20016,none,67.8,32.2
20018,none,67.8,32.2
20020,A,67.8,32.2
20022,none,67.8,32.2
20024,none,67.8,32.2
20026,none,67.8,32.2
20028,A,67.9,32.1
20030,none,67.9,32.1
20032,none,67.9,32.1
20034,none,67.9,32.1
20036,none,67.9,32.1
20038,none,67.9,32.1
20040,A,67.9,32.1
20042,none,67.9,32.1
20044,A,67.9,32.1
20046,A,68.0,32.0
20048,none,68.0,32.0
20050,none,68.0,32.0
20052,none,68.0,32.0
20054,none,68.0,32.0
20056,none,68.0,32.0
20058,none,68.0,32.0
20060,none,68.0,32.0
20062,none,68.0,32.0
20064,none,68.0,32.0
20066,none,68.0,32.0
20068,none,68.0,32.0
20070,none,68.0,32.0
20072,none,68.0,32.0
20074,none,68.0,32.0
20076,none,68.0,32.0
20078,none,68.0,32.0
20080,none,68.0,32.0
20082,none,68.0,32.0
20084,none,68.0,32.0
20086,none,68.0,32.0
20088,B,67.9,32.1
20090,B,67.8,32.2
20092,none,67.8,32.2
20094,none,67.8,32.2
20096,B,67.8,32.2
20098,none,67.8,32.2
20100,none,67.8,32.2
20102,none,67.8,32.2
20104,none,67.8,32.2
20106,none,67.8,32.2
20108,A,67.8,32.2
20110,B,67.8,32.2
20112,none,67.8,32.2
20114,none,67.8,32.2
20116,none,67.8,32.2
20118,none,67.8,32.2
20120,none,67.8,32.2
20122,none,67.8,32.2
20124,none,67.8,32.2
20126,none,67.8,32.2
20128,none,67.8,32.2
20130,A,67.8,32.2
20132,none,67.8,32.2
20134,none,67.8,32.2
20136,none,67.8,32.2
20138,none,67.8,32.2
20140,none,67.8,32.2
20142,none,67.8,32.2
20144,none,67.8,32.2
20146,none,67.8,32.2
20148,none,67.8,32.2
20150,none,67.8,32.2
20152,none,67.8,32.2
20154,none,67.8,32.2
20156,none,67.8,32.2
20158,none,67.8,32.2
20160,none,67.8,32.2
20162,none,67.8,32.2
20164,none,67.8,32.2
20166,none,67.8,32.2
20168,none,67.8,32.2
20170,A,67.8,32.2
20172,none,67.8,32.2
20174,none,67.8,32.2
20176,none,67.8,32.2
20178,none,67.8,32.2
20180,none,67.8,32.2
20182,none,67.8,32.2
20184,none,67.8,32.2
20186,none,67.8,32.2
20188,none,67.8,32.2
20190,none,67.8,32.2
20192,none,67.8,32.2
20194,none,67.8,32.2
20196,A,67.8,32.2
20198,A,67.9,32.1
20200,none,67.9,32.1
20202,none,67.9,32.1
20204,none,67.9,32.1
20206,A,67.9,32.1
20208,none,67.9,32.1
20210,A,67.9,32.1
20212,none,67.9,32.1
20214,none,67.9,32.1
20216,none,67.9,32.1
20218,none,67.9,32.1
20220,none,67.9,32.1
20222,none,67.9,32.1
20224,A,67.9,32.1
20226,A,68.0,32.0
20228,none,68.0,32.0
20230,none,68.0,32.0
20232,none,68.0,32.0
20234,none,68.0,32.0
20236,none,68.0,32.0
20238,none,68.0,32.0
20240,none,68.0,32.0
20242,none,68.0,32.0
20244,none,68.0,32.0
20246,none,68.0,32.0
20248,none,68.0,32.0
20250,none,68.0,32.0
20252,none,68.0,32.0
20254,none,68.0,32.0
20256,none,68.0,32.0
20258,none,68.0,32.0
20260,none,68.0,32.0
20262,none,68.0,32.0
20264,none,68.0,32.0
20266,none,68.0,32.0
20268,none,68.0,32.0
20270,none,68.0,32.0
20272,none,68.0,32.0
20274,none,68.0,32.0
20276,none,68.0,32.0
20278,none,68.0,32.0
20280,none,68.0,32.0
20282,none,68.0,32.0
20284,none,68.0,32.0
20286,none,68.0,32.0
20288,none,68.0,32.0
20290,none,68.0,32.0
20292,none,68.0,32.0
20294,none,68.0,32.0
20296,none,68.0,32.0
20298,none,68.0,32.0
20300,none,68.0,32.0
20302,none,68.0,32.0
20304,none,68.0,32.0
20306,none,68.0,32.0
20308,none,68.0,32.0
20310,none,68.0,32.0
20312,none,68.0,32.0
20314,none,68.0,32.0
20316,none,68.0,32.0
20318,none,68.0,32.0
20320,none,68.0,32.0
20322,none,68.0,32.0
20324,none,68.0,32.0
20326,none,68.0,32.0
20328,none,68.0,32.0
20330,none,68.0,32.0
20332,none,68.0,32.0
20334,none,68.0,32.0
20336,none,68.0,32.0
20338,none,68.0,32.0
20340,none,68.0,32.0
20342,none,68.0,32.0
20344,none,68.0,32.0
20346,none,68.0,32.0
20348,none,68.0,32.0
20350,none,68.0,32.0
20352,none,68.0,32.0
20354,none,68.0,32.0
20356,none,68.0,32.0
20358,none,68.0,32.0
20360,none,68.0,32.0
20362,none,68.0,32.0
20364,none,68.0,32.0
20366,none,68.0,32.0
20368,none,68.0,32.0
20370,none,68.0,32.0
20372,none,68.0,32.0
20374,none,68.0,32.0
20376,none,68.0,32.0
20378,none,68.0,32.0
20380,none,68.0,32.0
20382,none,68.0,32.0
20384,none,68.0,32.0
20386,none,68.0,32.0
20388,none,68.0,32.0
20390,none,68.0,32.0
20392,none,68.0,32.0
20394,none,68.0,32.0
20396,none,68.0,32.0
20398,none,68.0,32.0
20400,none,68.0,32.0
20402,none,68.0,32.0
20404,none,68.0,32.0
20406,none,68.0,32.0
20408,none,68.0,32.0
20410,none,68.0,32.0
20412,none,68.0,32.0
20414,none,68.0,32.0
20416,none,68.0,32.0
20418,none,68.0,32.0
20420,none,68.0,32.0
20422,none,68.0,32.0
20424,none,68.0,32.0
20426,none,68.0,32.0
20428,none,68.0,32.0
20430,none,68.0,32.0
20432,none,68.0,32.0
20434,none,68.0,32.0
20436,none,68.0,32.0
20438,none,68.0,32.0
20440,none,68.0,32.0
20442,none,68.0,32.0
20444,none,68.0,32.0
20446,none,68.0,32.0
20448,none,68.0,32.0
20450,none,68.0,32.0
20452,none,68.0,32.0
20454,none,68.0,32.0
20456,none,68.0,32.0
20458,none,68.0,32.0
20460,none,68.0,32.0
20462,none,68.0,32.0
20464,none,68.0,32.0
20466,none,68.0,32.0
20468,none,68.0,32.0
20470,none,68.0,32.0
20472,none,68.0,32.0
20474,none,68.0,32.0
20476,none,68.0,32.0
20478,none,68.0,32.0
20480,none,68.0,32.0
20482,none,68.0,32.0
20484,none,68.0,32.0
20486,none,68.0,32.0
20488,none,68.0,32.0
20490,none,68.0,32.0
20492,none,68.0,32.0
20494,none,68.0,32.0
20496,none,68.0,32.0
20498,none,68.0,32.0
20500,none,68.0,32.0
20502,none,68.0,32.0
20504,none,68.0,32.0
20506,none,68.0,32.0
20508,none,68.0,32.0
20510,none,68.0,32.0
20512,none,68.0,32.0
20514,none,68.0,32.0
20516,none,68.0,32.0
20518,none,68.0,32.0
20520,none,68.0,32.0
20522,none,68.0,32.0
20524,none,68.0,32.0
20526,none,68.0,32.0
20528,none,68.0,32.0
20530,none,68.0,32.0
20532,none,68.0,32.0
20534,none,68.0,32.0
20536,none,68.0,32.0
20538,none,68.0,32.0
20540,none,68.0,32.0
20542,none,68.0,32.0
20544,none,68.0,32.0
20546,none,68.0,32.0
20548,none,68.0,32.0
20550,none,68.0,32.0
20552,none,68.0,32.0
20554,none,68.0,32.0
20556,none,68.0,32.0
20558,none,68.0,32.0
20560,none,68.0,32.0
20562,none,68.0,32.0
20564,none,68.0,32.0
20566,none,68.0,32.0
20568,none,68.0,32.0
20570,none,68.0,32.0
20572,none,68.0,32.0
20574,none,68.0,32.0
20576,none,68.0,32.0
20578,none,68.0,32.0
20580,none,68.0,32.0
20582,none,68.0,32.0
20584,none,68.0,32.0
20586,none,68.0,32.0
20588,none,68.0,32.0
20590,none,68.0,32.0
20592,none,68.0,32.0
20594,none,68.0,32.0
20596,none,68.0,32.0
20598,none,68.0,32.0
20600,none,68.0,32.0
20602,none,68.0,32.0
20604,none,68.0,32.0
20606,none,68.0,32.0
20608,none,68.0,32.0
20610,none,68.0,32.0
20612,none,68.0,32.0
20614,none,68.0,32.0
20616,none,68.0,32.0
20618,none,68.0,32.0
20620,none,68.0,32.0
20622,none,68.0,32.0
20624,none,68.0,32.0
20626,none,68.0,32.0
20628,none,68.0,32.0
20630,none,68.0,32.0
20632,A,68.0,32.0
20634,none,68.0,32.0
20636,none,68.0,32.0
20638,none,68.0,32.0
20640,none,68.0,32.0
20642,none,68.0,32.0
20644,none,68.0,32.0
20646,none,68.0,32.0
20648,none,68.0,32.0
20650,none,68.0,32.0
20652,none,68.0,32.0
20654,none,68.0,32.0
20656,none,68.0,32.0
20658,none,68.0,32.0
20660,none,68.0,32.0
20662,none,68.0,32.0
20664,none,68.0,32.0
20666,none,68.0,32.0
20668,none,68.0,32.0
20670,none,68.0,32.0
20672,none,68.0,32.0
20674,none,68.0,32.0
20676,none,68.0,32.0
20678,none,68.0,32.0
20680,none,68.0,32.0
20682,none,68.0,32.0
20684,none,68.0,32.0
20686,none,68.0,32.0
20688,none,68.0,32.0
20690,none,68.0,32.0
20692,none,68.0,32.0
20694,none,68.0,32.0
20696,none,68.0,32.0
20698,none,68.0,32.0
20700,none,68.0,32.0
20702,none,68.0,32.0
20704,none,68.0,32.0
20706,none,68.0,32.0
20708,none,68.0,32.0
20710,none,68.0,32.0
20712,none,68.0,32.0
20714,none,68.0,32.0
20716,none,68.0,32.0
20718,none,68.0,32.0
20720,none,68.0,32.0
20722,none,68.0,32.0
20724,none,68.0,32.0
20726,none,68.0,32.0
20728,none,68.0,32.0
20730,none,68.0,32.0
20732,none,68.0,32.0
20734,none,68.0,32.0
20736,none,68.0,32.0
20738,none,68.0,32.0
20740,none,68.0,32.0
20742,none,68.0,32.0
20744,none,68.0,32.0
20746,none,68.0,32.0
20748,none,68.0,32.0
20750,none,68.0,32.0
20752,none,68.0,32.0
20754,none,68.0,32.0
20756,none,68.0,32.0
20758,none,68.0,32.0
20760,none,68.0,32.0
20762,none,68.0,32.0
20764,none,68.0,32.0
20766,none,68.0,32.0
20768,none,68.0,32.0
20770,none,68.0,32.0
20772,none,68.0,32.0
20774,none,68.0,32.0
20776,A,68.0,32.0
20778,A,68.0,32.0
20780,A,68.1,31.9
20782,A,68.1,31.9
20784,none,68.1,31.9
20786,A,68.1,31.9
20788,none,68.1,31.9
20790,A,68.1,31.9
20792,none,68.1,31.9
20794,A,68.2,31.8
20796,A,68.2,31.8
20798,none,68.2,31.8
20800,none,68.2,31.8
20802,none,68.2,31.8
20804,none,68.2,31.8
20806,none,68.2,31.8
20808,B,68.1,31.9
20810,none,68.1,31.9
20812,none,68.1,31.9
20814,none,68.1,31.9
20816,none,68.1,31.9
20818,none,68.1,31.9
20820,none,68.1,31.9
20822,A,68.2,31.8
20824,A,68.2,31.8
20826,none,68.2,31.8
20828,none,68.2,31.8
20830,none,68.2,31.8
20832,none,68.2,31.8
20834,none,68.2,31.8
20836,none,68.2,31.8
20838,none,68.2,31.8
20840,none,68.2,31.8
20842,none,68.2,31.8
20844,none,68.2,31.8
20846,none,68.2,31.8
20848,none,68.2,31.8
20850,none,68.2,31.8
20852,none,68.2,31.8
20854,none,68.2,31.8
20856,none,68.2,31.8
20858,none,68.2,31.8
20860,none,68.2,31.8
20862,none,68.2,31.8
20864,none,68.2,31.8
20866,none,68.2,31.8
20868,none,68.2,31.8
20870,none,68.2,31.8
20872,none,68.2,31.8
20874,none,68.2,31.8
20876,none,68.2,31.8
20878,none,68.2,31.8
20880,none,68.2,31.8
20882,none,68.2,31.8
20884,none,68.2,31.8
20886,none,68.2,31.8
20888,none,68.2,31.8
20890,none,68.2,31.8
20892,none,68.2,31.8
20894,none,68.2,31.8
20896,none,68.2,31.8
20898,none,68.2,31.8
20900,none,68.2,31.8
20902,none,68.2,31.8
20904,none,68.2,31.8
20906,none,68.2,31.8
20908,none,68.2,31.8
20910,none,68.2,31.8
20912,none,68.2,31.8
20914,none,68.2,31.8
20916,none,68.2,31.8
20918,none,68.2,31.8
20920,none,68.2,31.8
20922,B,68.1,31.9
20924,none,68.1,31.9
20926,none,68.1,31.9
20928,none,68.1,31.9
20930,none,68.1,31.9
20932,none,68.1,31.9
20934,none,68.1,31.9
20936,B,68.1,31.9
20938,none,68.1,31.9
20940,A,68.1,31.9
20942,none,68.1,31.9
20944,none,68.1,31.9
20946,none,68.1,31.9
20948,none,68.1,31.9
20950,none,68.1,31.9
20952,none,68.1,31.9
20954,none,68.1,31.9
20956,none,68.1,31.9
20958,none,68.1,31.9
20960,none,68.1,31.9
20962,none,68.1,31.9
20964,A,68.1,31.9
20966,A,68.2,31.8
20968,A,68.2,31.8
20970,none,68.2,31.8
20972,none,68.2,31.8
20974,A,68.2,31.8
20976,A,68.2,31.8
20978,A,68.3,31.7
20980,A,68.3,31.7
20982,A,68.3,31.7
20984,A,68.3,31.7
20986,none,68.3,31.7
20988,A,68.4,31.6
20990,B,68.3,31.7
20992,A,68.3,31.7
20994,none,68.3,31.7
20996,none,68.3,31.7
20998,none,68.3,31.7
21000,none,68.3,31.7
21002,none,68.3,31.7
21004,none,68.3,31.7
21006,none,68.3,31.7
21008,none,68.3,31.7
21010,none,68.3,31.7
21012,none,68.3,31.7
21014,none,68.3,31.7
21016,none,68.3,31.7
21018,none,68.3,31.7
21020,none,68.3,31.7
21022,none,68.3,31.7
21024,none,68.3,31.7
21026,none,68.3,31.7
21028,none,68.3,31.7
21030,none,68.3,31.7
21032,none,68.3,31.7
21034,none,68.3,31.7
21036,none,68.3,31.7
21038,none,68.3,31.7
21040,none,68.3,31.7
21042,none,68.3,31.7
21044,none,68.3,31.7
21046,none,68.3,31.7
21048,none,68.3,31.7
21050,none,68.3,31.7
21052,none,68.3,31.7
21054,none,68.3,31.7
21056,none,68.3,31.7
21058,none,68.3,31.7
21060,none,68.3,31.7
21062,none,68.3,31.7
21064,none,68.3,31.7
21066,none,68.3,31.7
21068,none,68.3,31.7
21070,none,68.3,31.7
21072,none,68.3,31.7
21074,A,68.4,31.6
21076,A,68.4,31.6
21078,none,68.4,31.6
21080,A,68.4,31.6
21082,A,68.4,31.6
21084,none,68.4,31.6
21086,none,68.4,31.6
21088,none,68.4,31.6
21090,none,68.4,31.6
21092,none,68.4,31.6
21094,none,68.4,31.6
21096,none,68.4,31.6
21098,none,68.4,31.6
21100,none,68.4,31.6
21102,none,68.4,31.6
21104,none,68.4,31.6
21106,none,68.4,31.6
21108,none,68.4,31.6
21110,none,68.4,31.6
21112,none,68.4,31.6
21114,none,68.4,31.6
21116,none,68.4,31.6
21118,none,68.4,31.6
21120,none,68.4,31.6
21122,none,68.4,31.6
21124,none,68.4,31.6
21126,none,68.4,31.6
21128,none,68.4,31.6
21130,none,68.4,31.6
21132,none,68.4,31.6
21134,none,68.4,31.6
21136,none,68.4,31.6
21138,none,68.4,31.6
21140,none,68.4,31.6
21142,none,68.4,31.6
21144,none,68.4,31.6
21146,none,68.4,31.6
21148,none,68.4,31.6
21150,none,68.4,31.6
21152,none,68.4,31.6
21154,none,68.4,31.6
21156,none,68.4,31.6
21158,none,68.4,31.6
21160,none,68.4,31.6
21162,none,68.4,31.6
21164,none,68.4,31.6
21166,none,68.4,31.6
21168,none,68.4,31.6
21170,none,68.4,31.6
21172,none,68.4,31.6
21174,none,68.4,31.6
21176,none,68.4,31.6
21178,none,68.4,31.6
21180,none,68.4,31.6
21182,none,68.4,31.6
21184,none,68.4,31.6
21186,none,68.4,31.6
21188,none,68.4,31.6
21190,none,68.4,31.6
21192,none,68.4,31.6
21194,none,68.4,31.6
21196,none,68.4,31.6
21198,none,68.4,31.6
21200,none,68.4,31.6
21202,none,68.4,31.6
21204,none,68.4,31.6
21206,none,68.4,31.6
21208,none,68.4,31.6
21210,none,68.4,31.6
21212,none,68.4,31.6
21214,none,68.4,31.6
21216,none,68.4,31.6
21218,none,68.4,31.6
21220,none,68.4,31.6
21222,none,68.4,31.6
21224,none,68.4,31.6
21226,none,68.4,31.6
21228,none,68.4,31.6
21230,none,68.4,31.6
21232,none,68.4,31.6
21234,none,68.4,31.6
21236,none,68.4,31.6
21238,none,68.4,31.6
21240,none,68.4,31.6
21242,none,68.4,31.6
21244,none,68.4,31.6
21246,none,68.4,31.6
21248,none,68.4,31.6
21250,none,68.4,31.6
21252,none,68.4,31.6
21254,none,68.4,31.6
21256,none,68.4,31.6
21258,none,68.4,31.6
21260,none,68.4,31.6
21262,none,68.4,31.6
21264,none,68.4,31.6
21266,none,68.4,31.6
21268,none,68.4,31.6
21270,none,68.4,31.6
21272,none,68.4,31.6
21274,none,68.4,31.6
21276,none,68.4,31.6
21278,none,68.4,31.6
21280,none,68.4,31.6
21282,none,68.4,31.6
21284,none,68.4,31.6
21286,none,68.4,31.6
21288,none,68.4,31.6
21290,none,68.4,31.6
21292,none,68.4,31.6
21294,none,68.4,31.6
21296,none,68.4,31.6
21298,none,68.4,31.6
21300,none,68.4,31.6
21302,none,68.4,31.6
21304,none,68.4,31.6
21306,none,68.4,31.6
21308,none,68.4,31.6
21310,none,68.4,31.6
21312,none,68.4,31.6
21314,none,68.4,31.6
21316,none,68.4,31.6
21318,none,68.4,31.6
21320,A,68.5,31.5
21322,A,68.5,31.5
21324,A,68.5,31.5
21326,none,68.5,31.5
21328,none,68.5,31.5
21330,none,68.5,31.5
21332,none,68.5,31.5
21334,none,68.5,31.5
21336,none,68.5,31.5
21338,none,68.5,31.5
21340,none,68.5,31.5
21342,none,68.5,31.5
21344,none,68.5,31.5
21346,none,68.5,31.5
21348,none,68.5,31.5
21350,none,68.5,31.5
21352,none,68.5,31.5
21354,none,68.5,31.5
21356,none,68.5,31.5
21358,none,68.5,31.5
21360,none,68.5,31.5
21362,none,68.5,31.5
21364,none,68.5,31.5
21366,none,68.5,31.5
21368,none,68.5,31.5
21370,none,68.5,31.5
21372,none,68.5,31.5
21374,none,68.5,31.5
21376,none,68.5,31.5
21378,none,68.5,31.5
21380,none,68.5,31.5
21382,none,68.5,31.5
21384,none,68.5,31.5
21386,none,68.5,31.5
21388,none,68.5,31.5
21390,none,68.5,31.5
21392,none,68.5,31.5
21394,none,68.5,31.5
21396,none,68.5,31.5
21398,none,68.5,31.5
21400,none,68.5,31.5
21402,none,68.5,31.5
21404,none,68.5,31.5
21406,none,68.5,31.5
21408,none,68.5,31.5
21410,none,68.5,31.5
21412,none,68.5,31.5
21414,none,68.5,31.5
21416,none,68.5,31.5
21418,none,68.5,31.5
21420,none,68.5,31.5
21422,none,68.5,31.5
21424,none,68.5,31.5
21426,none,68.5,31.5
21428,none,68.5,31.5
21430,none,68.5,31.5
21432,none,68.5,31.5
21434,none,68.5,31.5
21436,none,68.5,31.5
21438,none,68.5,31.5
21440,none,68.5,31.5
21442,none,68.5,31.5
21444,none,68.5,31.5
21446,none,68.5,31.5
21448,none,68.5,31.5
21450,none,68.5,31.5
21452,none,68.5,31.5
21454,none,68.5,31.5
21456,none,68.5,31.5
21458,none,68.5,31.5
21460,none,68.5,31.5
21462,none,68.5,31.5
21464,none,68.5,31.5
21466,none,68.5,31.5
21468,none,68.5,31.5
21470,none,68.5,31.5
21472,none,68.5,31.5
21474,none,68.5,31.5
21476,none,68.5,31.5
21478,none,68.5,31.5
21480,none,68.5,31.5
21482,none,68.5,31.5
21484,none,68.5,31.5
21486,none,68.5,31.5
21488,none,68.5,31.5
21490,none,68.5,31.5
21492,none,68.5,31.5
21494,none,68.5,31.5
21496,none,68.5,31.5
21498,none,68.5,31.5
21500,none,68.5,31.5
21502,none,68.5,31.5
21504,none,68.5,31.5
21506,none,68.5,31.5
21508,none,68.5,31.5
21510,none,68.5,31.5
21512,none,68.5,31.5
21514,none,68.5,31.5
21516,none,68.5,31.5
21518,none,68.5,31.5
21520,none,68.5,31.5
21522,none,68.5,31.5
21524,none,68.5,31.5
21526,none,68.5,31.5
21528,none,68.5,31.5
21530,none,68.5,31.5
21532,none,68.5,31.5
21534,none,68.5,31.5
21536,none,68.5,31.5
21538,none,68.5,31.5
21540,none,68.5,31.5
21542,none,68.5,31.5
21544,none,68.5,31.5
21546,none,68.5,31.5
21548,none,68.5,31.5
21550,none,68.5,31.5
21552,none,68.5,31.5
21554,none,68.5,31.5
21556,none,68.5,31.5
21558,none,68.5,31.5
21560,none,68.5,31.5
21562,none,68.5,31.5
21564,none,68.5,31.5
21566,none,68.5,31.5
21568,none,68.5,31.5
21570,none,68.5,31.5
21572,none,68.5,31.5
21574,none,68.5,31.5
21576,none,68.5,31.5
21578,none,68.5,31.5
21580,none,68.5,31.5
21582,none,68.5,31.5
21584,none,68.5,31.5
21586,none,68.5,31.5
21588,none,68.5,31.5
21590,none,68.5,31.5
21592,none,68.5,31.5
21594,none,68.5,31.5
21596,none,68.5,31.5
21598,none,68.5,31.5
21600,none,68.5,31.5
21602,none,68.5,31.5
21604,none,68.5,31.5
21606,none,68.5,31.5
21608,none,68.5,31.5
21610,none,68.5,31.5
21612,none,68.5,31.5
21614,none,68.5,31.5
21616,none,68.5,31.5
21618,none,68.5,31.5
21620,none,68.5,31.5
21622,none,68.5,31.5
21624,none,68.5,31.5
21626,none,68.5,31.5
21628,none,68.5,31.5
21630,none,68.5,31.5
21632,none,68.5,31.5
21634,none,68.5,31.5
21636,none,68.5,31.5
21638,none,68.5,31.5
21640,none,68.5,31.5
21642,none,68.5,31.5
21644,none,68.5,31.5
21646,none,68.5,31.5
21648,none,68.5,31.5
21650,none,68.5,31.5
21652,none,68.5,31.5
21654,none,68.5,31.5
21656,none,68.5,31.5
21658,none,68.5,31.5
21660,none,68.5,31.5
21662,none,68.5,31.5
21664,none,68.5,31.5
21666,none,68.5,31.5
21668,none,68.5,31.5
21670,none,68.5,31.5
21672,none,68.5,31.5
21674,none,68.5,31.5
21676,none,68.5,31.5
21678,none,68.5,31.5
21680,none,68.5,31.5
21682,none,68.5,31.5
21684,none,68.5,31.5
21686,none,68.5,31.5
21688,none,68.5,31.5
21690,none,68.5,31.5
21692,A,68.5,31.5
21694,none,68.5,31.5
21696,none,68.5,31.5
21698,none,68.5,31.5
21700,none,68.5,31.5
21702,A,68.6,31.4
21704,none,68.6,31.4
21706,A,68.6,31.4
21708,A,68.6,31.4
21710,A,68.6,31.4
21712,A,68.7,31.3
21714,A,68.7,31.3
21716,A,68.7,31.3
21718,A,68.7,31.3
21720,A,68.8,31.2
21722,A,68.8,31.2
21724,A,68.8,31.2
21726,A,68.8,31.2
21728,A,68.9,31.1
21730,A,68.9,31.1
21732,none,68.9,31.1
21734,A,68.9,31.1
21736,A,68.9,31.1
21738,A,68.9,31.1
21740,A,69.0,31.0
21742,A,69.0,31.0
21744,A,69.0,31.0
21746,A,69.0,31.0
21748,A,69.1,30.9
21750,none,69.1,30.9
21752,none,69.1,30.9
21754,none,69.1,30.9
21756,none,69.1,30.9
21758,none,69.1,30.9
21760,none,69.1,30.9
21762,none,69.1,30.9
21764,none,69.1,30.9
21766,none,69.1,30.9
21768,none,69.1,30.9
21770,none,69.1,30.9
21772,none,69.1,30.9
21774,none,69.1,30.9
21776,none,69.1,30.9
21778,none,69.1,30.9
21780,none,69.1,30.9
21782,none,69.1,30.9
21784,none,69.1,30.9
21786,none,69.1,30.9
21788,none,69.1,30.9
21790,none,69.1,30.9
21792,none,69.1,30.9
21794,none,69.1,30.9
21796,none,69.1,30.9
21798,none,69.1,30.9
21800,none,69.1,30.9
21802,none,69.1,30.9
21804,none,69.1,30.9
21806,none,69.1,30.9
21808,none,69.1,30.9
21810,none,69.1,30.9
21812,none,69.1,30.9
21814,none,69.1,30.9
21816,none,69.1,30.9
21818,none,69.1,30.9
21820,none,69.1,30.9
21822,A,69.1,30.9
21824,none,69.1,30.9
21826,none,69.1,30.9
21828,none,69.1,30.9
21830,none,69.1,30.9
21832,none,69.1,30.9
21834,A,69.1,30.9
21836,none,69.1,30.9
21838,A,69.1,30.9
21840,A,69.2,30.8
21842,A,69.2,30.8
21844,A,69.2,30.8
21846,A,69.2,30.8
21848,A,69.3,30.7
21850,A,69.3,30.7
21852,A,69.3,30.7
21854,A,69.3,30.7
21856,A,69.4,30.6
21858,A,69.4,30.6
21860,A,69.4,30.6
21862,none,69.4,30.6
21864,none,69.4,30.6
21866,none,69.4,30.6
21868,A,69.4,30.6
21870,none,69.4,30.6
21872,A,69.4,30.6
21874,none,69.4,30.6
21876,none,69.4,30.6
21878,A,69.5,30.5
21880,none,69.5,30.5
21882,none,69.5,30.5
21884,none,69.5,30.5
21886,none,69.5,30.5
21888,none,69.5,30.5
21890,A,69.5,30.5
21892,none,69.5,30.5
21894,none,69.5,30.5
21896,none,69.5,30.5
21898,none,69.5,30.5
21900,none,69.5,30.5
21902,none,69.5,30.5
21904,none,69.5,30.5
21906,none,69.5,30.5
21908,none,69.5,30.5
21910,none,69.5,30.5
21912,none,69.5,30.5
21914,none,69.5,30.5
21916,none,69.5,30.5
21918,none,69.5,30.5
21920,none,69.5,30.5
21922,none,69.5,30.5
21924,none,69.5,30.5
21926,none,69.5,30.5
21928,none,69.5,30.5
21930,none,69.5,30.5
21932,none,69.5,30.5
21934,none,69.5,30.5
21936,none,69.5,30.5
21938,none,69.5,30.5
21940,A,69.5,30.5
21942,none,69.5,30.5
21944,none,69.5,30.5
21946,none,69.5,30.5
21948,none,69.5,30.5
21950,none,69.5,30.5
21952,none,69.5,30.5
21954,none,69.5,30.5
21956,none,69.5,30.5
21958,none,69.5,30.5
21960,none,69.5,30.5
21962,none,69.5,30.5
21964,none,69.5,30.5
21966,none,69.5,30.5
21968,none,69.5,30.5
21970,none,69.5,30.5
21972,none,69.5,30.5
21974,none,69.5,30.5
21976,none,69.5,30.5
21978,none,69.5,30.5
21980,none,69.5,30.5
21982,A,69.5,30.5
21984,none,69.5,30.5
21986,none,69.5,30.5
21988,none,69.5,30.5
21990,none,69.5,30.5
21992,none,69.5,30.5
21994,none,69.5,30.5
21996,none,69.5,30.5
21998,none,69.5,30.5
22000,none,69.5,30.5
22002,none,69.5,30.5
22004,none,69.5,30.5
22006,none,69.5,30.5
22008,none,69.5,30.5
22010,none,69.5,30.5
22012,none,69.5,30.5
22014,none,69.5,30.5
22016,none,69.5,30.5
22018,none,69.5,30.5
22020,none,69.5,30.5
22022,none,69.5,30.5
22024,none,69.5,30.5
22026,none,69.5,30.5
22028,none,69.5,30.5
22030,none,69.5,30.5
22032,none,69.5,30.5
22034,none,69.5,30.5
22036,none,69.5,30.5
22038,none,69.5,30.5
22040,none,69.5,30.5
22042,none,69.5,30.5
22044,none,69.5,30.5
22046,none,69.5,30.5
22048,none,69.5,30.5
22050,none,69.5,30.5
22052,none,69.5,30.5
22054,none,69.5,30.5
22056,none,69.5,30.5
22058,none,69.5,30.5
22060,none,69.5,30.5
22062,none,69.5,30.5
22064,none,69.5,30.5
22066,none,69.5,30.5
22068,none,69.5,30.5
22070,none,69.5,30.5
22072,none,69.5,30.5
22074,none,69.5,30.5
22076,none,69.5,30.5
22078,none,69.5,30.5
22080,none,69.5,30.5
22082,none,69.5,30.5
22084,none,69.5,30.5
22086,none,69.5,30.5
22088,none,69.5,30.5
22090,none,69.5,30.5
22092,none,69.5,30.5
22094,none,69.5,30.5
22096,none,69.5,30.5
22098,none,69.5,30.5
22100,none,69.5,30.5
22102,none,69.5,30.5
22104,none,69.5,30.5
22106,none,69.5,30.5
22108,none,69.5,30.5
22110,none,69.5,30.5
22112,none,69.5,30.5
22114,none,69.5,30.5
22116,none,69.5,30.5
22118,none,69.5,30.5
22120,none,69.5,30.5
22122,none,69.5,30.5
22124,none,69.5,30.5
22126,none,69.5,30.5
22128,A,69.6,30.4
22130,A,69.6,30.4
22132,none,69.6,30.4
22134,none,69.6,30.4
22136,none,69.6,30.4
22138,none,69.6,30.4
22140,none,69.6,30.4
22142,none,69.6,30.4
22144,none,69.6,30.4
22146,none,69.6,30.4
22148,none,69.6,30.4
22150,A,69.6,30.4
22152,none,69.6,30.4
22154,none,69.6,30.4
22156,none,69.6,30.4
22158,none,69.6,30.4
22160,none,69.6,30.4
22162,none,69.6,30.4
22164,none,69.6,30.4
22166,none,69.6,30.4
22168,none,69.6,30.4
22170,none,69.6,30.4
22172,none,69.6,30.4
22174,none,69.6,30.4
22176,none,69.6,30.4
22178,none,69.6,30.4
22180,none,69.6,30.4
22182,none,69.6,30.4
22184,none,69.6,30.4
22186,none,69.6,30.4
22188,none,69.6,30.4
22190,none,69.6,30.4
22192,none,69.6,30.4
22194,none,69.6,30.4
22196,none,69.6,30.4
22198,none,69.6,30.4
22200,none,69.6,30.4
22202,none,69.6,30.4
22204,none,69.6,30.4
22206,none,69.6,30.4
22208,none,69.6,30.4
22210,none,69.6,30.4
22212,none,69.6,30.4
22214,none,69.6,30.4
22216,none,69.6,30.4
22218,none,69.6,30.4
22220,none,69.6,30.4
22222,none,69.6,30.4
22224,none,69.6,30.4
22226,none,69.6,30.4
22228,none,69.6,30.4
22230,none,69.6,30.4
22232,none,69.6,30.4
22234,none,69.6,30.4
22236,A,69.6,30.4
22238,A,69.7,30.3
22240,none,69.7,30.3
22242,A,69.7,30.3
22244,A,69.7,30.3
22246,A,69.7,30.3
22248,A,69.7,30.3
22250,A,69.8,30.2
22252,A,69.8,30.2
22254,A,69.8,30.2
22256,A,69.8,30.2
22258,A,69.9,30.1
22260,A,69.9,30.1
22262,A,69.9,30.1
22264,A,69.9,30.1
22266,A,70.0,30.0
22268,A,70.0,30.0
22270,A,70.0,30.0
22272,A,70.0,30.0
22274,A,70.0,30.0
22276,A,70.1,29.9
22278,A,70.1,29.9
22280,A,70.1,29.9
22282,A,70.1,29.9
22284,A,70.2,29.8
22286,none,70.2,29.8
22288,none,70.2,29.8
22290,none,70.2,29.8
22292,none,70.2,29.8
22294,none,70.2,29.8
22296,none,70.2,29.8
22298,none,70.2,29.8
22300,none,70.2,29.8
22302,none,70.2,29.8
22304,none,70.2,29.8
22306,A,70.2,29.8
22308,A,70.2,29.8
22310,A,70.2,29.8
22312,none,70.2,29.8
22314,none,70.2,29.8
22316,none,70.2,29.8
22318,none,70.2,29.8
22320,none,70.2,29.8
22322,none,70.2,29.8
22324,none,70.2,29.8
22326,none,70.2,29.8
22328,none,70.2,29.8
22330,none,70.2,29.8
22332,none,70.2,29.8
22334,none,70.2,29.8
22336,A,70.2,29.8
22338,none,70.2,29.8
22340,none,70.2,29.8
22342,none,70.2,29.8
22344,none,70.2,29.8
22346,none,70.2,29.8
22348,none,70.2,29.8
22350,none,70.2,29.8
22352,none,70.2,29.8
22354,none,70.2,29.8
22356,none,70.2,29.8
22358,none,70.2,29.8
22360,none,70.2,29.8
22362,none,70.2,29.8
22364,none,70.2,29.8
22366,none,70.2,29.8
22368,none,70.2,29.8
22370,none,70.2,29.8
22372,none,70.2,29.8
22374,none,70.2,29.8
22376,none,70.2,29.8
22378,none,70.2,29.8
22380,none,70.2,29.8
22382,none,70.2,29.8
22384,none,70.2,29.8
22386,none,70.2,29.8
22388,none,70.2,29.8
22390,none,70.2,29.8
22392,none,70.2,29.8
22394,none,70.2,29.8
22396,none,70.2,29.8
22398,none,70.2,29.8
22400,none,70.2,29.8
22402,none,70.2,29.8
22404,none,70.2,29.8
22406,none,70.2,29.8
22408,none,70.2,29.8
22410,none,70.2,29.8
22412,none,70.2,29.8
22414,none,70.2,29.8
22416,none,70.2,29.8
22418,none,70.2,29.8
22420,none,70.2,29.8
22422,none,70.2,29.8
22424,none,70.2,29.8
22426,none,70.2,29.8
22428,none,70.2,29.8
22430,none,70.2,29.8
22432,none,70.2,29.8
22434,none,70.2,29.8
22436,none,70.2,29.8
22438,none,70.2,29.8
22440,none,70.2,29.8
22442,none,70.2,29.8
22444,none,70.2,29.8
22446,none,70.2,29.8
22448,none,70.2,29.8
22450,none,70.2,29.8
22452,none,70.2,29.8
22454,none,70.2,29.8
22456,none,70.2,29.8
22458,none,70.2,29.8
22460,none,70.2,29.8
22462,none,70.2,29.8
22464,none,70.2,29.8
22466,none,70.2,29.8
22468,none,70.2,29.8
22470,none,70.2,29.8
22472,none,70.2,29.8
22474,none,70.2,29.8
22476,none,70.2,29.8
22478,none,70.2,29.8
22480,none,70.2,29.8
22482,none,70.2,29.8
22484,none,70.2,29.8
22486,none,70.2,29.8
22488,none,70.2,29.8
22490,none,70.2,29.8
22492,none,70.2,29.8
22494,none,70.2,29.8
22496,none,70.2,29.8
22498,none,70.2,29.8
22500,none,70.2,29.8
22502,none,70.2,29.8
22504,none,70.2,29.8
22506,none,70.2,29.8
22508,none,70.2,29.8
22510,none,70.2,29.8
22512,none,70.2,29.8
22514,none,70.2,29.8
22516,none,70.2,29.8
22518,none,70.2,29.8
22520,none,70.2,29.8
22522,none,70.2,29.8
22524,none,70.2,29.8
22526,none,70.2,29.8
22528,none,70.2,29.8
22530,none,70.2,29.8
22532,none,70.2,29.8
22534,none,70.2,29.8
22536,none,70.2,29.8
22538,none,70.2,29.8
22540,none,70.2,29.8
22542,none,70.2,29.8
22544,none,70.2,29.8
22546,none,70.2,29.8
22548,none,70.2,29.8
22550,none,70.2,29.8
22552,none,70.2,29.8
22554,none,70.2,29.8
22556,none,70.2,29.8
22558,none,70.2,29.8
22560,none,70.2,29.8
22562,none,70.2,29.8
22564,none,70.2,29.8
22566,none,70.2,29.8
22568,none,70.2,29.8
22570,none,70.2,29.8
22572,none,70.2,29.8
22574,none,70.2,29.8
22576,none,70.2,29.8
22578,none,70.2,29.8
22580,A,70.3,29.7
22582,none,70.3,29.7
22584,none,70.3,29.7
22586,none,70.3,29.7
22588,none,70.3,29.7
22590,none,70.3,29.7
22592,none,70.3,29.7
22594,none,70.3,29.7
22596,none,70.3,29.7
22598,none,70.3,29.7
22600,none,70.3,29.7
22602,none,70.3,29.7
22604,none,70.3,29.7
22606,none,70.3,29.7
22608,none,70.3,29.7
22610,none,70.3,29.7
22612,none,70.3,29.7
22614,none,70.3,29.7
22616,none,70.3,29.7
22618,none,70.3,29.7
22620,none,70.3,29.7
22622,none,70.3,29.7
22624,none,70.3,29.7
22626,none,70.3,29.7
22628,none,70.3,29.7
22630,none,70.3,29.7
22632,none,70.3,29.7
22634,none,70.3,29.7
22636,none,70.3,29.7
22638,none,70.3,29.7
22640,none,70.3,29.7
22642,none,70.3,29.7
22644,none,70.3,29.7
22646,none,70.3,29.7
22648,none,70.3,29.7
22650,none,70.3,29.7
22652,none,70.3,29.7
22654,none,70.3,29.7
22656,none,70.3,29.7
22658,none,70.3,29.7
22660,none,70.3,29.7
22662,none,70.3,29.7
22664,none,70.3,29.7
22666,A,70.3,29.7
22668,A,70.3,29.7
22670,A,70.3,29.7
22672,A,70.4,29.6
22674,A,70.4,29.6
22676,B,70.3,29.7
22678,B,70.3,29.7
22680,B,70.2,29.8
22682,B,70.2,29.8
22684,B,70.1,29.9
22686,none,70.1,29.9
22688,none,70.1,29.9
22690,none,70.1,29.9
22692,none,70.1,29.9
22694,none,70.1,29.9
22696,none,70.1,29.9
22698,none,70.1,29.9
22700,none,70.1,29.9
22702,none,70.1,29.9
22704,none,70.1,29.9
22706,none,70.1,29.9
22708,none,70.1,29.9
22710,none,70.1,29.9
22712,none,70.1,29.9
22714,none,70.1,29.9
22716,none,70.1,29.9
22718,none,70.1,29.9
22720,none,70.1,29.9
22722,none,70.1,29.9
22724,none,70.1,29.9
22726,none,70.1,29.9
22728,none,70.1,29.9
22730,none,70.1,29.9
22732,none,70.1,29.9
22734,none,70.1,29.9
22736,none,70.1,29.9
22738,none,70.1,29.9
22740,B,70.1,29.9
22742,A,70.1,29.9
22744,B,70.0,30.0
22746,A,70.1,29.9
22748,A,70.1,29.9
22750,A,70.1,29.9
22752,A,70.1,29.9
22754,A,70.1,29.9
22756,A,70.2,29.8
22758,none,70.2,29.8
22760,none,70.2,29.8
22762,none,70.2,29.8
22764,none,70.2,29.8
22766,none,70.2,29.8
22768,none,70.2,29.8
22770,none,70.2,29.8
22772,none,70.2,29.8
22774,none,70.2,29.8
22776,none,70.2,29.8
22778,none,70.2,29.8
22780,none,70.2,29.8
22782,none,70.2,29.8
22784,none,70.2,29.8
22786,A,70.2,29.8
22788,B,70.1,29.9
22790,B,70.1,29.9
22792,A,70.1,29.9
22794,none,70.1,29.9
22796,none,70.1,29.9
22798,A,70.1,29.9
22800,none,70.1,29.9
22802,none,70.1,29.9
22804,none,70.1,29.9
22806,none,70.1,29.9
22808,none,70.1,29.9
22810,none,70.1,29.9
22812,none,70.1,29.9
22814,none,70.1,29.9
22816,none,70.1,29.9
22818,none,70.1,29.9
22820,none,70.1,29.9
22822,none,70.1,29.9
22824,B,70.1,29.9
22826,none,70.1,29.9
22828,none,70.1,29.9
22830,none,70.1,29.9
22832,none,70.1,29.9
22834,none,70.1,29.9
22836,none,70.1,29.9
22838,none,70.1,29.9
22840,none,70.1,29.9
22842,none,70.1,29.9
22844,none,70.1,29.9
22846,none,70.1,29.9
22848,none,70.1,29.9
22850,none,70.1,29.9
22852,none,70.1,29.9
22854,none,70.1,29.9
22856,none,70.1,29.9
22858,none,70.1,29.9
22860,none,70.1,29.9
22862,none,70.1,29.9
22864,none,70.1,29.9
22866,none,70.1,29.9
22868,none,70.1,29.9
22870,none,70.1,29.9
22872,none,70.1,29.9
22874,none,70.1,29.9
22876,none,70.1,29.9
22878,none,70.1,29.9
22880,none,70.1,29.9
22882,none,70.1,29.9
22884,none,70.1,29.9
22886,none,70.1,29.9
22888,none,70.1,29.9
22890,none,70.1,29.9
22892,none,70.1,29.9
22894,none,70.1,29.9
22896,none,70.1,29.9
22898,none,70.1,29.9
22900,none,70.1,29.9
22902,none,70.1,29.9
22904,none,70.1,29.9
22906,none,70.1,29.9
22908,none,70.1,29.9
22910,none,70.1,29.9
22912,none,70.1,29.9
22914,none,70.1,29.9
22916,none,70.1,29.9
22918,none,70.1,29.9
22920,none,70.1,29.9
22922,none,70.1,29.9
22924,none,70.1,29.9
22926,none,70.1,29.9
22928,none,70.1,29.9
22930,none,70.1,29.9
22932,none,70.1,29.9
22934,none,70.1,29.9
22936,none,70.1,29.9
22938,none,70.1,29.9
22940,none,70.1,29.9
22942,none,70.1,29.9
22944,none,70.1,29.9
22946,none,70.1,29.9
22948,none,70.1,29.9
22950,none,70.1,29.9
22952,none,70.1,29.9
22954,none,70.1,29.9
22956,none,70.1,29.9
22958,none,70.1,29.9
22960,none,70.1,29.9
22962,none,70.1,29.9
22964,none,70.1,29.9
22966,none,70.1,29.9
22968,none,70.1,29.9
22970,none,70.1,29.9
22972,none,70.1,29.9
22974,none,70.1,29.9
22976,none,70.1,29.9
22978,none,70.1,29.9
22980,none,70.1,29.9
22982,none,70.1,29.9
22984,none,70.1,29.9
22986,A,70.1,29.9
22988,A,70.1,29.9
22990,none,70.1,29.9
22992,none,70.1,29.9
22994,none,70.1,29.9
22996,A,70.1,29.9
22998,none,70.1,29.9
23000,none,70.1,29.9
23002,none,70.1,29.9
23004,none,70.1,29.9
23006,none,70.1,29.9
23008,none,70.1,29.9
23010,none,70.1,29.9
23012,none,70.1,29.9
23014,none,70.1,29.9
23016,none,70.1,29.9
23018,none,70.1,29.9
23020,none,70.1,29.9
23022,none,70.1,29.9
23024,none,70.1,29.9
23026,none,70.1,29.9
23028,none,70.1,29.9
23030,none,70.1,29.9
23032,none,70.1,29.9
23034,none,70.1,29.9
23036,none,70.1,29.9
23038,none,70.1,29.9
23040,none,70.1,29.9
23042,none,70.1,29.9
23044,none,70.1,29.9
23046,none,70.1,29.9
23048,none,70.1,29.9
23050,none,70.1,29.9
23052,none,70.1,29.9
23054,none,70.1,29.9
23056,none,70.1,29.9
23058,none,70.1,29.9
23060,none,70.1,29.9
23062,none,70.1,29.9
23064,none,70.1,29.9
23066,none,70.1,29.9
23068,none,70.1,29.9
23070,none,70.1,29.9
23072,none,70.1,29.9
23074,none,70.1,29.9
23076,none,70.1,29.9
23078,none,70.1,29.9
23080,none,70.1,29.9
23082,none,70.1,29.9
23084,none,70.1,29.9
23086,none,70.1,29.9
23088,none,70.1,29.9
23090,none,70.1,29.9
23092,none,70.1,29.9
23094,none,70.1,29.9
23096,none,70.1,29.9
23098,none,70.1,29.9
23100,none,70.1,29.9
23102,none,70.1,29.9
23104,none,70.1,29.9
23106,none,70.1,29.9
23108,none,70.1,29.9
23110,none,70.1,29.9
23112,none,70.1,29.9
23114,none,70.1,29.9
23116,none,70.1,29.9
23118,none,70.1,29.9
23120,none,70.1,29.9
23122,none,70.1,29.9
23124,none,70.1,29.9
23126,none,70.1,29.9
23128,none,70.1,29.9
23130,none,70.1,29.9
23132,none,70.1,29.9
23134,none,70.1,29.9
23136,none,70.1,29.9
23138,A,70.2,29.8
23140,none,70.2,29.8
23142,none,70.2,29.8
23144,none,70.2,29.8
23146,none,70.2,29.8
23148,none,70.2,29.8
23150,none,70.2,29.8
23152,none,70.2,29.8
23154,none,70.2,29.8
23156,none,70.2,29.8
23158,none,70.2,29.8
23160,none,70.2,29.8
23162,none,70.2,29.8
23164,none,70.2,29.8
23166,none,70.2,29.8
23168,none,70.2,29.8
23170,none,70.2,29.8
23172,none,70.2,29.8
23174,none,70.2,29.8
23176,none,70.2,29.8
23178,B,70.1,29.9
23180,none,70.1,29.9
23182,none,70.1,29.9
23184,none,70.1,29.9
23186,none,70.1,29.9
23188,none,70.1,29.9
23190,none,70.1,29.9
23192,none,70.1,29.9
23194,none,70.1,29.9
23196,none,70.1,29.9
23198,none,70.1,29.9
23200,none,70.1,29.9
23202,none,70.1,29.9
23204,none,70.1,29.9
23206,none,70.1,29.9
23208,none,70.1,29.9
23210,none,70.1,29.9
23212,none,70.1,29.9
23214,none,70.1,29.9
23216,none,70.1,29.9
23218,none,70.1,29.9
23220,none,70.1,29.9
23222,none,70.1,29.9
23224,none,70.1,29.9
23226,none,70.1,29.9
23228,none,70.1,29.9
23230,none,70.1,29.9
23232,none,70.1,29.9
23234,none,70.1,29.9
23236,none,70.1,29.9
23238,none,70.1,29.9
23240,none,70.1,29.9
23242,none,70.1,29.9
23244,none,70.1,29.9
23246,none,70.1,29.9
23248,none,70.1,29.9
23250,none,70.1,29.9
23252,none,70.1,29.9
23254,none,70.1,29.9
23256,none,70.1,29.9
23258,none,70.1,29.9
23260,none,70.1,29.9
23262,none,70.1,29.9
23264,none,70.1,29.9
23266,none,70.1,29.9
23268,none,70.1,29.9
23270,none,70.1,29.9
23272,none,70.1,29.9
23274,none,70.1,29.9
23276,none,70.1,29.9
23278,none,70.1,29.9
23280,none,70.1,29.9
23282,none,70.1,29.9
23284,none,70.1,29.9
23286,none,70.1,29.9
23288,A,70.1,29.9
23290,none,70.1,29.9
23292,none,70.1,29.9
23294,none,70.1,29.9
23296,none,70.1,29.9
23298,none,70.1,29.9
23300,none,70.1,29.9
23302,none,70.1,29.9
23304,none,70.1,29.9
23306,none,70.1,29.9
23308,none,70.1,29.9
23310,none,70.1,29.9
23312,A,70.2,29.8
23314,none,70.2,29.8
23316,none,70.2,29.8
23318,none,70.2,29.8
23320,none,70.2,29.8
23322,none,70.2,29.8
23324,none,70.2,29.8
23326,none,70.2,29.8
23328,none,70.2,29.8
23330,none,70.2,29.8
23332,none,70.2,29.8
23334,none,70.2,29.8
23336,none,70.2,29.8
23338,none,70.2,29.8
23340,none,70.2,29.8
23342,none,70.2,29.8
23344,none,70.2,29.8
23346,none,70.2,29.8
23348,none,70.2,29.8
23350,none,70.2,29.8
23352,none,70.2,29.8
23354,none,70.2,29.8
23356,none,70.2,29.8
23358,none,70.2,29.8
23360,none,70.2,29.8
23362,none,70.2,29.8
23364,none,70.2,29.8
23366,none,70.2,29.8
23368,none,70.2,29.8
23370,none,70.2,29.8
23372,none,70.2,29.8
23374,none,70.2,29.8
23376,none,70.2,29.8
23378,none,70.2,29.8
23380,A,70.2,29.8
23382,none,70.2,29.8
23384,none,70.2,29.8
23386,none,70.2,29.8
23388,none,70.2,29.8
23390,none,70.2,29.8
23392,none,70.2,29.8
23394,none,70.2,29.8
23396,none,70.2,29.8
23398,none,70.2,29.8
23400,none,70.2,29.8
23402,none,70.2,29.8
23404,none,70.2,29.8
23406,none,70.2,29.8
23408,none,70.2,29.8
23410,none,70.2,29.8
23412,none,70.2,29.8
23414,none,70.2,29.8
23416,none,70.2,29.8
23418,none,70.2,29.8
23420,none,70.2,29.8
23422,none,70.2,29.8
23424,none,70.2,29.8
23426,none,70.2,29.8
23428,none,70.2,29.8
23430,none,70.2,29.8
23432,none,70.2,29.8
23434,none,70.2,29.8
23436,none,70.2,29.8
23438,none,70.2,29.8
23440,none,70.2,29.8
23442,B,70.1,29.9
23444,none,70.1,29.9
23446,none,70.1,29.9
23448,none,70.1,29.9
23450,none,70.1,29.9
23452,none,70.1,29.9
23454,none,70.1,29.9
23456,none,70.1,29.9
23458,none,70.1,29.9
23460,none,70.1,29.9
23462,none,70.1,29.9
23464,none,70.1,29.9
23466,none,70.1,29.9
23468,none,70.1,29.9
23470,none,70.1,29.9
23472,none,70.1,29.9
23474,none,70.1,29.9
23476,none,70.1,29.9
23478,none,70.1,29.9
23480,none,70.1,29.9
23482,none,70.1,29.9
23484,none,70.1,29.9
23486,none,70.1,29.9
23488,none,70.1,29.9
23490,none,70.1,29.9
23492,none,70.1,29.9
23494,none,70.1,29.9
23496,none,70.1,29.9
23498,none,70.1,29.9
23500,none,70.1,29.9
23502,none,70.1,29.9
23504,none,70.1,29.9
23506,none,70.1,29.9
23508,none,70.1,29.9
23510,none,70.1,29.9
23512,none,70.1,29.9
23514,none,70.1,29.9
23516,none,70.1,29.9
23518,B,70.1,29.9
23520,none,70.1,29.9
23522,none,70.1,29.9
23524,none,70.1,29.9
23526,A,70.1,29.9
23528,none,70.1,29.9
23530,none,70.1,29.9
23532,none,70.1,29.9
23534,none,70.1,29.9
23536,none,70.1,29.9
23538,none,70.1,29.9
23540,none,70.1,29.9
23542,none,70.1,29.9
23544,none,70.1,29.9
23546,none,70.1,29.9
23548,none,70.1,29.9
23550,none,70.1,29.9
23552,none,70.1,29.9
23554,none,70.1,29.9
23556,none,70.1,29.9
23558,none,70.1,29.9
23560,none,70.1,29.9
23562,none,70.1,29.9
23564,none,70.1,29.9
23566,none,70.1,29.9
23568,none,70.1,29.9
23570,none,70.1,29.9
23572,none,70.1,29.9
23574,none,70.1,29.9
23576,none,70.1,29.9
23578,none,70.1,29.9
23580,none,70.1,29.9
23582,none,70.1,29.9
23584,none,70.1,29.9
23586,none,70.1,29.9
23588,none,70.1,29.9
23590,none,70.1,29.9
23592,none,70.1,29.9
23594,none,70.1,29.9
23596,none,70.1,29.9
23598,B,70.1,29.9
23600,none,70.1,29.9
23602,B,70.0,30.0
23604,none,70.0,30.0
23606,none,70.0,30.0
23608,none,70.0,30.0
23610,none,70.0,30.0
23612,A,70.0,30.0
23614,A,70.0,30.0
23616,A,70.1,29.9
23618,none,70.1,29.9
23620,none,70.1,29.9
23622,none,70.1,29.9
23624,none,70.1,29.9
23626,none,70.1,29.9
23628,A,70.1,29.9
23630,none,70.1,29.9
23632,none,70.1,29.9
23634,none,70.1,29.9
23636,none,70.1,29.9
23638,A,70.1,29.9
23640,B,70.1,29.9
23642,B,70.0,30.0
23644,none,70.0,30.0
23646,none,70.0,30.0
23648,none,70.0,30.0
23650,A,70.0,30.0
23652,A,70.1,29.9
23654,A,70.1,29.9
23656,none,70.1,29.9
23658,none,70.1,29.9
23660,none,70.1,29.9
23662,none,70.1,29.9
23664,none,70.1,29.9
23666,none,70.1,29.9
23668,none,70.1,29.9
23670,none,70.1,29.9
23672,none,70.1,29.9
23674,none,70.1,29.9
23676,none,70.1,29.9
23678,none,70.1,29.9
23680,none,70.1,29.9
23682,none,70.1,29.9
23684,none,70.1,29.9
23686,none,70.1,29.9
23688,none,70.1,29.9
23690,none,70.1,29.9
23692,none,70.1,29.9
23694,none,70.1,29.9
23696,none,70.1,29.9
23698,none,70.1,29.9
23700,A,70.1,29.9
23702,none,70.1,29.9
23704,A,70.1,29.9
23706,none,70.1,29.9
23708,none,70.1,29.9
23710,none,70.1,29.9
23712,none,70.1,29.9
23714,none,70.1,29.9
23716,none,70.1,29.9
23718,none,70.1,29.9
23720,none,70.1,29.9
23722,none,70.1,29.9
23724,none,70.1,29.9
23726,none,70.1,29.9
23728,none,70.1,29.9
23730,none,70.1,29.9
23732,none,70.1,29.9
23734,none,70.1,29.9
23736,A,70.1,29.9
23738,none,70.1,29.9
23740,A,70.2,29.8
23742,A,70.2,29.8
23744,none,70.2,29.8
23746,none,70.2,29.8
23748,none,70.2,29.8
23750,none,70.2,29.8
23752,A,70.2,29.8
23754,none,70.2,29.8
23756,A,70.2,29.8
23758,none,70.2,29.8
23760,none,70.2,29.8
23762,none,70.2,29.8
23764,none,70.2,29.8
23766,A,70.2,29.8
23768,A,70.3,29.7
23770,A,70.3,29.7
23772,A,70.3,29.7
23774,A,70.3,29.7
23776,none,70.3,29.7
23778,none,70.3,29.7
23780,none,70.3,29.7
23782,none,70.3,29.7
23784,none,70.3,29.7
23786,none,70.3,29.7
23788,none,70.3,29.7
23790,none,70.3,29.7
23792,none,70.3,29.7
23794,none,70.3,29.7
23796,none,70.3,29.7
23798,none,70.3,29.7
23800,none,70.3,29.7
23802,none,70.3,29.7
23804,none,70.3,29.7
23806,none,70.3,29.7
23808,none,70.3,29.7
23810,none,70.3,29.7
23812,none,70.3,29.7
23814,none,70.3,29.7
23816,none,70.3,29.7
23818,none,70.3,29.7
23820,none,70.3,29.7
23822,none,70.3,29.7
23824,none,70.3,29.7
23826,A,70.3,29.7
23828,none,70.3,29.7
23830,A,70.4,29.6
23832,B,70.3,29.7
23834,A,70.3,29.7
23836,none,70.3,29.7
23838,none,70.3,29.7
23840,none,70.3,29.7
23842,none,70.3,29.7
23844,none,70.3,29.7
23846,none,70.3,29.7
23848,none,70.3,29.7
23850,none,70.3,29.7
23852,none,70.3,29.7
23854,none,70.3,29.7
23856,none,70.3,29.7
23858,none,70.3,29.7
23860,A,70.4,29.6
23862,A,70.4,29.6
23864,A,70.4,29.6
23866,A,70.4,29.6
23868,none,70.4,29.6
23870,none,70.4,29.6
23872,none,70.4,29.6
23874,none,70.4,29.6
23876,none,70.4,29.6
23878,none,70.4,29.6
23880,none,70.4,29.6
23882,none,70.4,29.6
23884,none,70.4,29.6
23886,none,70.4,29.6
23888,none,70.4,29.6
23890,none,70.4,29.6
23892,none,70.4,29.6
23894,none,70.4,29.6
23896,none,70.4,29.6
23898,none,70.4,29.6
23900,none,70.4,29.6
23902,none,70.4,29.6
23904,none,70.4,29.6
23906,none,70.4,29.6
23908,none,70.4,29.6
23910,none,70.4,29.6
23912,none,70.4,29.6
23914,none,70.4,29.6
23916,none,70.4,29.6
23918,none,70.4,29.6
23920,none,70.4,29.6
23922,none,70.4,29.6
23924,none,70.4,29.6
23926,none,70.4,29.6
23928,none,70.4,29.6
23930,none,70.4,29.6
23932,none,70.4,29.6
23934,none,70.4,29.6
23936,none,70.4,29.6
23938,none,70.4,29.6
23940,none,70.4,29.6
23942,none,70.4,29.6
23944,none,70.4,29.6
23946,none,70.4,29.6
23948,none,70.4,29.6
23950,none,70.4,29.6
23952,none,70.4,29.6
23954,none,70.4,29.6
23956,none,70.4,29.6
23958,none,70.4,29.6
23960,A,70.4,29.6
23962,none,70.4,29.6
23964,none,70.4,29.6
23966,none,70.4,29.6
23968,none,70.4,29.6
23970,none,70.4,29.6
23972,none,70.4,29.6
23974,none,70.4,29.6
23976,none,70.4,29.6
23978,none,70.4,29.6
23980,none,70.4,29.6
23982,none,70.4,29.6
23984,none,70.4,29.6
23986,none,70.4,29.6
23988,none,70.4,29.6
23990,none,70.4,29.6
23992,none,70.4,29.6
23994,none,70.4,29.6
23996,none,70.4,29.6
23998,none,70.4,29.6
24000,none,70.4,29.6
24002,none,70.4,29.6
24004,none,70.4,29.6
24006,none,70.4,29.6
24008,none,70.4,29.6
24010,none,70.4,29.6
24012,none,70.4,29.6
24014,none,70.4,29.6
24016,none,70.4,29.6
24018,none,70.4,29.6
24020,none,70.4,29.6
24022,none,70.4,29.6
24024,none,70.4,29.6
24026,none,70.4,29.6
24028,none,70.4,29.6
24030,none,70.4,29.6
24032,none,70.4,29.6
24034,none,70.4,29.6
24036,none,70.4,29.6
24038,none,70.4,29.6
24040,none,70.4,29.6
24042,none,70.4,29.6
24044,none,70.4,29.6
24046,none,70.4,29.6
24048,none,70.4,29.6
24050,none,70.4,29.6
24052,none,70.4,29.6
24054,none,70.4,29.6
24056,none,70.4,29.6
24058,none,70.4,29.6
24060,none,70.4,29.6
24062,none,70.4,29.6
24064,none,70.4,29.6
24066,none,70.4,29.6
24068,none,70.4,29.6
24070,none,70.4,29.6
24072,none,70.4,29.6
24074,none,70.4,29.6
24076,none,70.4,29.6
24078,none,70.4,29.6
24080,none,70.4,29.6
24082,none,70.4,29.6
24084,none,70.4,29.6
24086,none,70.4,29.6
24088,A,70.5,29.5
24090,none,70.5,29.5
24092,none,70.5,29.5
24094,none,70.5,29.5
24096,none,70.5,29.5
24098,A,70.5,29.5
24100,A,70.5,29.5
24102,A,70.5,29.5
24104,none,70.5,29.5
24106,none,70.5,29.5
24108,none,70.5,29.5
24110,none,70.5,29.5
24112,none,70.5,29.5
24114,none,70.5,29.5
24116,none,70.5,29.5
24118,none,70.5,29.5
24120,none,70.5,29.5
24122,none,70.5,29.5
24124,none,70.5,29.5
24126,none,70.5,29.5
24128,none,70.5,29.5
24130,none,70.5,29.5
24132,none,70.5,29.5
24134,none,70.5,29.5
24136,none,70.5,29.5
24138,none,70.5,29.5
24140,none,70.5,29.5
24142,none,70.5,29.5
24144,none,70.5,29.5
24146,none,70.5,29.5
24148,none,70.5,29.5
24150,none,70.5,29.5
24152,none,70.5,29.5
24154,none,70.5,29.5
24156,none,70.5,29.5
24158,none,70.5,29.5
24160,none,70.5,29.5
24162,none,70.5,29.5
24164,none,70.5,29.5
24166,none,70.5,29.5
24168,none,70.5,29.5
24170,none,70.5,29.5
24172,none,70.5,29.5
24174,none,70.5,29.5
24176,none,70.5,29.5
24178,none,70.5,29.5
24180,none,70.5,29.5
24182,none,70.5,29.5
24184,none,70.5,29.5
24186,none,70.5,29.5
24188,B,70.5,29.5
24190,none,70.5,29.5
24192,none,70.5,29.5
24194,none,70.5,29.5
24196,none,70.5,29.5
24198,none,70.5,29.5
24200,none,70.5,29.5
24202,none,70.5,29.5
24204,B,70.4,29.6
24206,A,70.5,29.5
24208,A,70.5,29.5
24210,A,70.5,29.5
24212,none,70.5,29.5
24214,none,70.5,29.5
24216,none,70.5,29.5
24218,none,70.5,29.5
24220,none,70.5,29.5
24222,none,70.5,29.5
24224,A,70.5,29.5
24226,none,70.5,29.5
24228,none,70.5,29.5
24230,none,70.5,29.5
24232,none,70.5,29.5
24234,none,70.5,29.5
24236,none,70.5,29.5
24238,none,70.5,29.5
24240,none,70.5,29.5
24242,none,70.5,29.5
24244,none,70.5,29.5
24246,none,70.5,29.5
24248,none,70.5,29.5
24250,B,70.5,29.5
24252,none,70.5,29.5
24254,none,70.5,29.5
24256,none,70.5,29.5
24258,B,70.4,29.6
24260,none,70.4,29.6
24262,none,70.4,29.6
24264,none,70.4,29.6
24266,none,70.4,29.6
24268,none,70.4,29.6
24270,none,70.4,29.6
24272,none,70.4,29.6
24274,none,70.4,29.6
24276,none,70.4,29.6
24278,none,70.4,29.6
24280,none,70.4,29.6
24282,none,70.4,29.6
24284,none,70.4,29.6
24286,none,70.4,29.6
24288,none,70.4,29.6
24290,none,70.4,29.6
24292,none,70.4,29.6
24294,none,70.4,29.6
24296,none,70.4,29.6
24298,none,70.4,29.6
24300,none,70.4,29.6
24302,none,70.4,29.6
24304,none,70.4,29.6
24306,none,70.4,29.6
24308,none,70.4,29.6
24310,none,70.4,29.6
24312,none,70.4,29.6
24314,none,70.4,29.6
24316,none,70.4,29.6
24318,none,70.4,29.6
24320,none,70.4,29.6
24322,none,70.4,29.6
24324,none,70.4,29.6
24326,none,70.4,29.6
24328,none,70.4,29.6
24330,none,70.4,29.6
24332,none,70.4,29.6
24334,none,70.4,29.6
24336,none,70.4,29.6
24338,none,70.4,29.6
24340,none,70.4,29.6
24342,B,70.4,29.6
24344,none,70.4,29.6
24346,none,70.4,29.6
24348,none,70.4,29.6
24350,none,70.4,29.6
24352,none,70.4,29.6
24354,none,70.4,29.6
24356,none,70.4,29.6
24358,none,70.4,29.6
24360,none,70.4,29.6
24362,none,70.4,29.6
24364,none,70.4,29.6
24366,none,70.4,29.6
24368,none,70.4,29.6
24370,none,70.4,29.6
24372,A,70.4,29.6
24374,none,70.4,29.6
24376,A,70.4,29.6
24378,A,70.4,29.6
24380,A,70.4,29.6
24382,none,70.4,29.6
24384,none,70.4,29.6
24386,B,70.4,29.6
24388,none,70.4,29.6
24390,none,70.4,29.6
24392,none,70.4,29.6
24394,none,70.4,29.6
24396,none,70.4,29.6
24398,none,70.4,29.6
24400,none,70.4,29.6
24402,none,70.4,29.6
24404,none,70.4,29.6
24406,none,70.4,29.6
24408,none,70.4,29.6
24410,none,70.4,29.6
24412,none,70.4,29.6
24414,none,70.4,29.6
24416,none,70.4,29.6
24418,none,70.4,29.6
24420,none,70.4,29.6
24422,none,70.4,29.6
24424,none,70.4,29.6
24426,A,70.4,29.6
24428,none,70.4,29.6
24430,B,70.4,29.6
24432,none,70.4,29.6
24434,none,70.4,29.6
24436,none,70.4,29.6
24438,none,70.4,29.6
24440,none,70.4,29.6
24442,none,70.4,29.6
24444,B,70.3,29.7
24446,B,70.3,29.7
24448,B,70.2,29.8
24450,B,70.2,29.8
24452,B,70.1,29.9
24454,B,70.1,29.9
24456,B,70.0,30.0
24458,B,70.0,30.0
24460,none,70.0,30.0
24462,none,70.0,30.0
24464,none,70.0,30.0
24466,none,70.0,30.0
24468,none,70.0,30.0
24470,none,70.0,30.0
24472,none,70.0,30.0
24474,none,70.0,30.0
24476,none,70.0,30.0
24478,none,70.0,30.0
24480,none,70.0,30.0
24482,none,70.0,30.0
24484,none,70.0,30.0
24486,none,70.0,30.0
24488,none,70.0,30.0
24490,none,70.0,30.0
24492,none,70.0,30.0
24494,none,70.0,30.0
24496,none,70.0,30.0
24498,none,70.0,30.0
24500,none,70.0,30.0
24502,none,70.0,30.0
24504,none,70.0,30.0
24506,none,70.0,30.0
24508,none,70.0,30.0
24510,none,70.0,30.0
24512,none,70.0,30.0
24514,none,70.0,30.0
24516,none,70.0,30.0
24518,none,70.0,30.0
24520,none,70.0,30.0
24522,none,70.0,30.0
24524,none,70.0,30.0
24526,none,70.0,30.0
24528,none,70.0,30.0
24530,none,70.0,30.0
24532,none,70.0,30.0
24534,none,70.0,30.0
24536,none,70.0,30.0
24538,none,70.0,30.0
24540,none,70.0,30.0
24542,none,70.0,30.0
24544,none,70.0,30.0
24546,none,70.0,30.0
24548,none,70.0,30.0
24550,none,70.0,30.0
24552,none,70.0,30.0
24554,none,70.0,30.0
24556,none,70.0,30.0
24558,none,70.0,30.0
24560,none,70.0,30.0
24562,none,70.0,30.0
24564,none,70.0,30.0
24566,none,70.0,30.0
24568,none,70.0,30.0
24570,none,70.0,30.0
24572,none,70.0,30.0
24574,none,70.0,30.0
24576,A,70.0,30.0
24578,A,70.0,30.0
24580,none,70.0,30.0
24582,none,70.0,30.0
24584,none,70.0,30.0
24586,none,70.0,30.0
24588,none,70.0,30.0
24590,none,70.0,30.0
24592,none,70.0,30.0
24594,none,70.0,30.0
24596,none,70.0,30.0
24598,none,70.0,30.0
24600,none,70.0,30.0
24602,none,70.0,30.0
24604,none,70.0,30.0
24606,none,70.0,30.0
24608,none,70.0,30.0
24610,none,70.0,30.0
24612,none,70.0,30.0
24614,none,70.0,30.0
24616,none,70.0,30.0
24618,none,70.0,30.0
24620,none,70.0,30.0
24622,none,70.0,30.0
24624,none,70.0,30.0
24626,none,70.0,30.0
24628,none,70.0,30.0
24630,none,70.0,30.0
24632,none,70.0,30.0
24634,none,70.0,30.0
24636,none,70.0,30.0
24638,none,70.0,30.0
24640,none,70.0,30.0
24642,none,70.0,30.0
24644,none,70.0,30.0
24646,none,70.0,30.0
24648,none,70.0,30.0
24650,none,70.0,30.0
24652,none,70.0,30.0
24654,none,70.0,30.0
24656,none,70.0,30.0
24658,none,70.0,30.0
24660,none,70.0,30.0
24662,none,70.0,30.0
24664,none,70.0,30.0
24666,none,70.0,30.0
24668,none,70.0,30.0
24670,none,70.0,30.0
24672,none,70.0,30.0
24674,none,70.0,30.0
24676,none,70.0,30.0
24678,none,70.0,30.0
24680,none,70.0,30.0
24682,none,70.0,30.0
24684,none,70.0,30.0
24686,none,70.0,30.0
24688,none,70.0,30.0
24690,none,70.0,30.0
24692,none,70.0,30.0
24694,none,70.0,30.0
24696,none,70.0,30.0
24698,none,70.0,30.0
24700,none,70.0,30.0
24702,none,70.0,30.0
24704,none,70.0,30.0
24706,none,70.0,30.0
24708,none,70.0,30.0
24710,none,70.0,30.0
24712,none,70.0,30.0
24714,none,70.0,30.0
24716,none,70.0,30.0
24718,none,70.0,30.0
24720,none,70.0,30.0
24722,none,70.0,30.0
24724,none,70.0,30.0
24726,none,70.0,30.0
24728,none,70.0,30.0
24730,none,70.0,30.0
24732,none,70.0,30.0
24734,none,70.0,30.0
24736,none,70.0,30.0
24738,none,70.0,30.0
24740,none,70.0,30.0
24742,none,70.0,30.0
24744,none,70.0,30.0
24746,none,70.0,30.0
24748,none,70.0,30.0
24750,none,70.0,30.0
24752,none,70.0,30.0
24754,none,70.0,30.0
24756,none,70.0,30.0
24758,none,70.0,30.0
24760,none,70.0,30.0
24762,none,70.0,30.0
24764,none,70.0,30.0
24766,none,70.0,30.0
24768,none,70.0,30.0
24770,none,70.0,30.0
24772,none,70.0,30.0
24774,none,70.0,30.0
24776,none,70.0,30.0
24778,none,70.0,30.0
24780,none,70.0,30.0
24782,none,70.0,30.0
24784,none,70.0,30.0
24786,none,70.0,30.0
24788,none,70.0,30.0
24790,none,70.0,30.0
24792,none,70.0,30.0
24794,none,70.0,30.0
24796,none,70.0,30.0
24798,none,70.0,30.0
24800,none,70.0,30.0
24802,none,70.0,30.0
24804,none,70.0,30.0
24806,none,70.0,30.0
24808,none,70.0,30.0
24810,none,70.0,30.0
24812,none,70.0,30.0
24814,none,70.0,30.0
24816,none,70.0,30.0
24818,none,70.0,30.0
24820,none,70.0,30.0
24822,none,70.0,30.0
24824,none,70.0,30.0
24826,none,70.0,30.0
24828,none,70.0,30.0
24830,none,70.0,30.0
24832,none,70.0,30.0
24834,none,70.0,30.0
24836,none,70.0,30.0
24838,none,70.0,30.0
24840,none,70.0,30.0
24842,none,70.0,30.0
24844,none,70.0,30.0
24846,none,70.0,30.0
24848,none,70.0,30.0
24850,none,70.0,30.0
24852,A,70.0,30.0
24854,none,70.0,30.0
24856,none,70.0,30.0
24858,none,70.0,30.0
24860,none,70.0,30.0
24862,none,70.0,30.0
24864,none,70.0,30.0
24866,none,70.0,30.0
24868,none,70.0,30.0
24870,none,70.0,30.0
24872,none,70.0,30.0
24874,none,70.0,30.0
24876,none,70.0,30.0
24878,none,70.0,30.0
24880,none,70.0,30.0
24882,none,70.0,30.0
24884,none,70.0,30.0
24886,none,70.0,30.0
24888,none,70.0,30.0
24890,none,70.0,30.0
24892,none,70.0,30.0
24894,none,70.0,30.0
24896,none,70.0,30.0
24898,none,70.0,30.0
24900,none,70.0,30.0
24902,none,70.0,30.0
24904,none,70.0,30.0
24906,none,70.0,30.0
24908,none,70.0,30.0
24910,none,70.0,30.0
24912,none,70.0,30.0
24914,none,70.0,30.0
24916,none,70.0,30.0
24918,none,70.0,30.0
24920,none,70.0,30.0
24922,none,70.0,30.0
24924,none,70.0,30.0
24926,none,70.0,30.0
24928,none,70.0,30.0
24930,none,70.0,30.0
24932,none,70.0,30.0
24934,none,70.0,30.0
24936,none,70.0,30.0
24938,none,70.0,30.0
24940,none,70.0,30.0
24942,none,70.0,30.0
24944,none,70.0,30.0
24946,none,70.0,30.0
24948,none,70.0,30.0
24950,none,70.0,30.0
24952,none,70.0,30.0
24954,none,70.0,30.0
24956,none,70.0,30.0
24958,none,70.0,30.0
24960,none,70.0,30.0
24962,none,70.0,30.0
24964,B,70.0,30.0
24966,none,70.0,30.0
24968,none,70.0,30.0
24970,none,70.0,30.0
24972,B,69.9,30.1
24974,B,69.9,30.1
24976,B,69.8,30.2
24978,B,69.8,30.2
24980,B,69.8,30.2
24982,B,69.7,30.3
24984,B,69.7,30.3
24986,B,69.6,30.4
24988,B,69.6,30.4
24990,B,69.5,30.5
24992,B,69.5,30.5
24994,B,69.4,30.6
24996,B,69.4,30.6
24998,B,69.3,30.7
25000,B,69.3,30.7
25002,B,69.2,30.8
25004,B,69.2,30.8
25006,B,69.1,30.9
25008,none,69.1,30.9
25010,none,69.1,30.9
25012,none,69.1,30.9
25014,none,69.1,30.9
25016,none,69.1,30.9
25018,none,69.1,30.9
25020,none,69.1,30.9
25022,none,69.1,30.9
25024,none,69.1,30.9
25026,none,69.1,30.9
25028,none,69.1,30.9
25030,none,69.1,30.9
25032,none,69.1,30.9
25034,none,69.1,30.9
25036,none,69.1,30.9
25038,none,69.1,30.9
25040,none,69.1,30.9
25042,none,69.1,30.9
25044,none,69.1,30.9
25046,none,69.1,30.9
25048,none,69.1,30.9
25050,none,69.1,30.9
25052,none,69.1,30.9
25054,none,69.1,30.9
25056,none,69.1,30.9
25058,A,69.2,30.8
25060,A,69.2,30.8
25062,A,69.2,30.8
25064,none,69.2,30.8
25066,none,69.2,30.8
25068,none,69.2,30.8
25070,none,69.2,30.8
25072,none,69.2,30.8
25074,none,69.2,30.8
25076,none,69.2,30.8
25078,none,69.2,30.8
25080,A,69.2,30.8
25082,A,69.2,30.8
25084,A,69.3,30.7
25086,A,69.3,30.7
25088,A,69.3,30.7
25090,A,69.3,30.7
25092,A,69.3,30.7
25094,none,69.3,30.7
25096,none,69.3,30.7
25098,none,69.3,30.7
25100,none,69.3,30.7
25102,none,69.3,30.7
25104,none,69.3,30.7
25106,none,69.3,30.7
25108,none,69.3,30.7
25110,none,69.3,30.7
25112,none,69.3,30.7
25114,none,69.3,30.7
25116,none,69.3,30.7
25118,none,69.3,30.7
25120,none,69.3,30.7
25122,none,69.3,30.7
25124,none,69.3,30.7
25126,none,69.3,30.7
25128,none,69.3,30.7
25130,none,69.3,30.7
25132,none,69.3,30.7
25134,none,69.3,30.7
25136,none,69.3,30.7
25138,none,69.3,30.7
25140,none,69.3,30.7
25142,none,69.3,30.7
25144,none,69.3,30.7
25146,none,69.3,30.7
25148,none,69.3,30.7
25150,none,69.3,30.7
25152,none,69.3,30.7
25154,none,69.3,30.7
25156,none,69.3,30.7
25158,none,69.3,30.7
25160,none,69.3,30.7
25162,none,69.3,30.7
25164,none,69.3,30.7
25166,none,69.3,30.7
25168,none,69.3,30.7
25170,none,69.3,30.7
25172,none,69.3,30.7
25174,none,69.3,30.7
25176,none,69.3,30.7
25178,none,69.3,30.7
25180,none,69.3,30.7
25182,none,69.3,30.7
25184,none,69.3,30.7
25186,B,69.3,30.7
25188,B,69.2,30.8
25190,B,69.2,30.8
25192,B,69.2,30.8
25194,none,69.2,30.8
25196,none,69.2,30.8
25198,none,69.2,30.8
25200,none,69.2,30.8
25202,none,69.2,30.8
25204,none,69.2,30.8
25206,none,69.2,30.8
25208,none,69.2,30.8
25210,none,69.2,30.8
25212,none,69.2,30.8
25214,B,69.1,30.9
25216,none,69.1,30.9
25218,none,69.1,30.9
25220,none,69.1,30.9
25222,none,69.1,30.9
25224,none,69.1,30.9
25226,none,69.1,30.9
25228,none,69.1,30.9
25230,none,69.1,30.9
25232,none,69.1,30.9
25234,none,69.1,30.9
25236,none,69.1,30.9
25238,none,69.1,30.9
25240,none,69.1,30.9
25242,none,69.1,30.9
25244,none,69.1,30.9
25246,none,69.1,30.9
25248,none,69.1,30.9
25250,none,69.1,30.9
25252,none,69.1,30.9
25254,none,69.1,30.9
25256,none,69.1,30.9
25258,none,69.1,30.9
25260,none,69.1,30.9
25262,none,69.1,30.9
25264,none,69.1,30.9
25266,none,69.1,30.9
25268,none,69.1,30.9
25270,none,69.1,30.9
25272,none,69.1,30.9
25274,none,69.1,30.9
25276,none,69.1,30.9
25278,none,69.1,30.9
25280,none,69.1,30.9
25282,none,69.1,30.9
25284,none,69.1,30.9
25286,A,69.1,30.9
25288,A,69.1,30.9
25290,A,69.2,30.8
25292,A,69.2,30.8
25294,A,69.2,30.8
25296,none,69.2,30.8
25298,none,69.2,30.8
25300,none,69.2,30.8
25302,none,69.2,30.8
25304,none,69.2,30.8
25306,none,69.2,30.8
25308,none,69.2,30.8
25310,none,69.2,30.8
25312,none,69.2,30.8
25314,A,69.2,30.8
25316,A,69.3,30.7
25318,A,69.3,30.7
25320,A,69.3,30.7
25322,A,69.3,30.7
25324,A,69.3,30.7
25326,A,69.4,30.6
25328,A,69.4,30.6
25330,none,69.4,30.6
25332,none,69.4,30.6
25334,A,69.4,30.6
25336,A,69.4,30.6
25338,A,69.4,30.6
25340,A,69.5,30.5
25342,A,69.5,30.5
25344,none,69.5,30.5
25346,none,69.5,30.5
25348,none,69.5,30.5
25350,none,69.5,30.5
25352,none,69.5,30.5
25354,none,69.5,30.5
25356,none,69.5,30.5
25358,none,69.5,30.5
25360,none,69.5,30.5
25362,none,69.5,30.5
25364,none,69.5,30.5
25366,none,69.5,30.5
25368,none,69.5,30.5
25370,none,69.5,30.5
25372,none,69.5,30.5
25374,none,69.5,30.5
25376,A,69.5,30.5
25378,none,69.5,30.5
25380,none,69.5,30.5
25382,none,69.5,30.5
25384,A,69.5,30.5
25386,A,69.5,30.5
25388,A,69.6,30.4
25390,A,69.6,30.4
25392,A,69.6,30.4
25394,A,69.6,30.4
25396,A,69.6,30.4
25398,A,69.7,30.3
25400,A,69.7,30.3
25402,A,69.7,30.3
25404,none,69.7,30.3
25406,A,69.7,30.3
25408,A,69.7,30.3
25410,A,69.8,30.2
25412,A,69.8,30.2
25414,A,69.8,30.2
25416,none,69.8,30.2
25418,none,69.8,30.2
25420,none,69.8,30.2
25422,none,69.8,30.2
25424,none,69.8,30.2
25426,none,69.8,30.2
25428,none,69.8,30.2
25430,none,69.8,30.2
25432,A,69.8,30.2
25434,none,69.8,30.2
25436,none,69.8,30.2
25438,A,69.8,30.2
25440,A,69.9,30.1
25442,A,69.9,30.1
25444,none,69.9,30.1
25446,none,69.9,30.1
25448,A,69.9,30.1
25450,A,69.9,30.1
25452,B,69.9,30.1
25454,A,69.9,30.1
25456,none,69.9,30.1
25458,none,69.9,30.1
25460,A,69.9,30.1
25462,A,69.9,30.1
25464,A,70.0,30.0
25466,A,70.0,30.0
25468,none,70.0,30.0
25470,none,70.0,30.0
25472,none,70.0,30.0
25474,none,70.0,30.0
25476,none,70.0,30.0
25478,none,70.0,30.0
25480,none,70.0,30.0
25482,none,70.0,30.0
25484,none,70.0,30.0
25486,none,70.0,30.0
25488,none,70.0,30.0
25490,none,70.0,30.0
25492,none,70.0,30.0
25494,A,70.0,30.0
25496,A,70.0,30.0
25498,none,70.0,30.0
25500,A,70.0,30.0
25502,A,70.1,29.9
25504,B,70.0,30.0
25506,B,70.0,30.0
25508,A,70.0,30.0
25510,none,70.0,30.0
25512,B,69.9,30.1
25514,B,69.9,30.1
25516,none,69.9,30.1
25518,B,69.8,30.2
25520,none,69.8,30.2
25522,none,69.8,30.2
25524,none,69.8,30.2
25526,none,69.8,30.2
25528,none,69.8,30.2
25530,none,69.8,30.2
25532,none,69.8,30.2
25534,none,69.8,30.2
25536,none,69.8,30.2
25538,none,69.8,30.2
25540,B,69.8,30.2
25542,none,69.8,30.2
25544,A,69.8,30.2
25546,A,69.8,30.2
25548,A,69.9,30.1
25550,A,69.9,30.1
25552,B,69.8,30.2
25554,B,69.8,30.2
25556,B,69.7,30.3
25558,B,69.7,30.3
25560,B,69.6,30.4
25562,B,69.6,30.4
25564,A,69.6,30.4
25566,none,69.6,30.4
25568,B,69.6,30.4
25570,none,69.6,30.4
25572,B,69.5,30.5
25574,none,69.5,30.5
25576,none,69.5,30.5
25578,none,69.5,30.5
25580,none,69.5,30.5
25582,B,69.5,30.5
25584,none,69.5,30.5
25586,B,69.4,30.6
25588,B,69.4,30.6
25590,B,69.4,30.6
25592,none,69.4,30.6
25594,none,69.4,30.6
25596,none,69.4,30.6
25598,none,69.4,30.6
25600,none,69.4,30.6
25602,none,69.4,30.6
25604,none,69.4,30.6
25606,none,69.4,30.6
25608,none,69.4,30.6
25610,none,69.4,30.6
25612,none,69.4,30.6
25614,none,69.4,30.6
25616,none,69.4,30.6
25618,none,69.4,30.6
25620,none,69.4,30.6
25622,none,69.4,30.6
25624,none,69.4,30.6
25626,none,69.4,30.6
25628,none,69.4,30.6
25630,none,69.4,30.6
25632,B,69.3,30.7
25634,none,69.3,30.7
25636,none,69.3,30.7
25638,none,69.3,30.7
25640,none,69.3,30.7
25642,none,69.3,30.7
25644,none,69.3,30.7
25646,none,69.3,30.7
25648,none,69.3,30.7
25650,none,69.3,30.7
25652,none,69.3,30.7
25654,none,69.3,30.7
25656,none,69.3,30.7
25658,B,69.3,30.7
25660,B,69.2,30.8
25662,B,69.2,30.8
25664,B,69.1,30.9
25666,B,69.1,30.9
25668,B,69.0,31.0
25670,B,69.0,31.0
25672,B,69.0,31.0
25674,none,69.0,31.0
25676,none,69.0,31.0
25678,none,69.0,31.0
25680,none,69.0,31.0
25682,none,69.0,31.0
25684,none,69.0,31.0
25686,none,69.0,31.0
25688,none,69.0,31.0
25690,none,69.0,31.0
25692,none,69.0,31.0
25694,B,68.9,31.1
25696,none,68.9,31.1
25698,none,68.9,31.1
25700,none,68.9,31.1
25702,none,68.9,31.1
25704,none,68.9,31.1
25706,none,68.9,31.1
25708,none,68.9,31.1
25710,none,68.9,31.1
25712,none,68.9,31.1
25714,none,68.9,31.1
25716,none,68.9,31.1
25718,none,68.9,31.1
25720,none,68.9,31.1
25722,none,68.9,31.1
25724,none,68.9,31.1
25726,none,68.9,31.1
25728,none,68.9,31.1
25730,none,68.9,31.1
25732,none,68.9,31.1
25734,none,68.9,31.1
25736,none,68.9,31.1
25738,none,68.9,31.1
25740,none,68.9,31.1
25742,none,68.9,31.1
25744,none,68.9,31.1
25746,none,68.9,31.1
25748,none,68.9,31.1
25750,none,68.9,31.1
25752,none,68.9,31.1
25754,none,68.9,31.1
25756,none,68.9,31.1
25758,none,68.9,31.1
25760,none,68.9,31.1
25762,none,68.9,31.1
25764,none,68.9,31.1
25766,none,68.9,31.1
25768,none,68.9,31.1
25770,none,68.9,31.1
25772,none,68.9,31.1
25774,none,68.9,31.1
25776,none,68.9,31.1
25778,none,68.9,31.1
25780,none,68.9,31.1
25782,none,68.9,31.1
25784,none,68.9,31.1
25786,none,68.9,31.1
25788,none,68.9,31.1
25790,none,68.9,31.1
25792,none,68.9,31.1
25794,none,68.9,31.1
25796,none,68.9,31.1
25798,none,68.9,31.1
25800,none,68.9,31.1
25802,none,68.9,31.1
25804,none,68.9,31.1
25806,none,68.9,31.1
25808,none,68.9,31.1
25810,none,68.9,31.1
25812,none,68.9,31.1
25814,none,68.9,31.1
25816,none,68.9,31.1
25818,none,68.9,31.1
25820,none,68.9,31.1
25822,none,68.9,31.1
25824,none,68.9,31.1
25826,none,68.9,31.1
25828,none,68.9,31.1
25830,none,68.9,31.1
25832,none,68.9,31.1
25834,none,68.9,31.1
25836,none,68.9,31.1
25838,none,68.9,31.1
25840,none,68.9,31.1
25842,none,68.9,31.1
25844,none,68.9,31.1
25846,none,68.9,31.1
25848,none,68.9,31.1
25850,none,68.9,31.1
25852,none,68.9,31.1
25854,none,68.9,31.1
25856,none,68.9,31.1
25858,none,68.9,31.1
25860,none,68.9,31.1
25862,none,68.9,31.1
25864,none,68.9,31.1
25866,none,68.9,31.1
25868,none,68.9,31.1
25870,none,68.9,31.1
25872,none,68.9,31.1
25874,none,68.9,31.1
25876,none,68.9,31.1
25878,none,68.9,31.1
25880,none,68.9,31.1
25882,none,68.9,31.1
25884,none,68.9,31.1
25886,none,68.9,31.1
25888,none,68.9,31.1
25890,none,68.9,31.1
25892,none,68.9,31.1
25894,none,68.9,31.1
25896,none,68.9,31.1
25898,none,68.9,31.1
25900,none,68.9,31.1
25902,none,68.9,31.1
25904,none,68.9,31.1
25906,none,68.9,31.1
25908,none,68.9,31.1
25910,none,68.9,31.1
25912,none,68.9,31.1
25914,none,68.9,31.1
25916,none,68.9,31.1
25918,none,68.9,31.1
25920,none,68.9,31.1
25922,none,68.9,31.1
25924,none,68.9,31.1
25926,none,68.9,31.1
25928,none,68.9,31.1
25930,none,68.9,31.1
25932,none,68.9,31.1
25934,none,68.9,31.1
25936,none,68.9,31.1
25938,none,68.9,31.1
25940,none,68.9,31.1
25942,none,68.9,31.1
25944,none,68.9,31.1
25946,none,68.9,31.1
25948,none,68.9,31.1
25950,none,68.9,31.1
25952,none,68.9,31.1
25954,none,68.9,31.1
25956,B,68.9,31.1
25958,none,68.9,31.1
25960,none,68.9,31.1
25962,B,68.8,31.2
25964,B,68.8,31.2
25966,none,68.8,31.2
25968,none,68.8,31.2
25970,none,68.8,31.2
25972,none,68.8,31.2
25974,none,68.8,31.2
25976,B,68.7,31.3
25978,B,68.7,31.3
25980,none,68.7,31.3
25982,B,68.6,31.4
25984,B,68.6,31.4
25986,none,68.6,31.4
25988,none,68.6,31.4
25990,none,68.6,31.4
25992,none,68.6,31.4
25994,none,68.6,31.4
25996,B,68.6,31.4
25998,none,68.6,31.4
26000,none,68.6,31.4
26002,none,68.6,31.4
26004,none,68.6,31.4
26006,A,68.6,31.4
26008,A,68.6,31.4
26010,A,68.6,31.4
26012,B,68.6,31.4
26014,A,68.6,31.4
26016,none,68.6,31.4
26018,none,68.6,31.4
26020,none,68.6,31.4
26022,none,68.6,31.4
26024,none,68.6,31.4
26026,none,68.6,31.4
26028,none,68.6,31.4
26030,A,68.6,31.4
26032,none,68.6,31.4
26034,none,68.6,31.4
26036,none,68.6,31.4
26038,none,68.6,31.4
26040,none,68.6,31.4
26042,none,68.6,31.4
26044,none,68.6,31.4
26046,none,68.6,31.4
26048,none,68.6,31.4
26050,none,68.6,31.4
26052,none,68.6,31.4
26054,none,68.6,31.4
26056,none,68.6,31.4
26058,none,68.6,31.4
26060,none,68.6,31.4
26062,none,68.6,31.4
26064,none,68.6,31.4
26066,none,68.6,31.4
26068,none,68.6,31.4
26070,none,68.6,31.4
26072,none,68.6,31.4
26074,none,68.6,31.4
26076,none,68.6,31.4
26078,none,68.6,31.4
26080,none,68.6,31.4
26082,none,68.6,31.4
26084,none,68.6,31.4
26086,none,68.6,31.4
26088,none,68.6,31.4
26090,none,68.6,31.4
26092,none,68.6,31.4
26094,none,68.6,31.4
26096,B,68.6,31.4
26098,B,68.5,31.5
26100,none,68.5,31.5
26102,B,68.5,31.5
26104,B,68.4,31.6
26106,B,68.4,31.6
26108,A,68.4,31.6
26110,none,68.4,31.6
26112,none,68.4,31.6
26114,none,68.4,31.6
26116,none,68.4,31.6
26118,A,68.4,31.6
26120,A,68.5,31.5
26122,none,68.5,31.5
26124,none,68.5,31.5
26126,none,68.5,31.5
26128,none,68.5,31.5
26130,none,68.5,31.5
26132,none,68.5,31.5
26134,none,68.5,31.5
26136,none,68.5,31.5
26138,none,68.5,31.5
26140,none,68.5,31.5
26142,none,68.5,31.5
26144,none,68.5,31.5
26146,none,68.5,31.5
26148,B,68.4,31.6
26150,A,68.4,31.6
26152,B,68.4,31.6
26154,A,68.4,31.6
26156,none,68.4,31.6
26158,none,68.4,31.6
26160,none,68.4,31.6
26162,none,68.4,31.6
26164,none,68.4,31.6
26166,none,68.4,31.6
26168,none,68.4,31.6
26170,none,68.4,31.6
26172,none,68.4,31.6
26174,none,68.4,31.6
26176,none,68.4,31.6
26178,none,68.4,31.6
26180,none,68.4,31.6
26182,none,68.4,31.6
26184,none,68.4,31.6
26186,none,68.4,31.6
26188,none,68.4,31.6
26190,none,68.4,31.6
26192,none,68.4,31.6
26194,none,68.4,31.6
26196,none,68.4,31.6
26198,none,68.4,31.6
26200,none,68.4,31.6
26202,none,68.4,31.6
26204,A,68.4,31.6
26206,A,68.5,31.5
26208,A,68.5,31.5
26210,A,68.5,31.5
26212,B,68.4,31.6
26214,B,68.4,31.6
26216,B,68.4,31.6
26218,B,68.3,31.7
26220,B,68.3,31.7
26222,B,68.2,31.8
26224,A,68.3,31.7
26226,A,68.3,31.7
26228,B,68.2,31.8
26230,B,68.2,31.8
26232,A,68.2,31.8
26234,A,68.2,31.8
26236,A,68.2,31.8
26238,A,68.3,31.7
26240,none,68.3,31.7
26242,none,68.3,31.7
26244,none,68.3,31.7
26246,B,68.2,31.8
26248,A,68.2,31.8
26250,A,68.3,31.7
26252,none,68.3,31.7
26254,none,68.3,31.7
26256,none,68.3,31.7
26258,none,68.3,31.7
26260,none,68.3,31.7
26262,none,68.3,31.7
26264,none,68.3,31.7
26266,none,68.3,31.7
26268,none,68.3,31.7
26270,none,68.3,31.7
26272,none,68.3,31.7
26274,none,68.3,31.7
26276,none,68.3,31.7
26278,none,68.3,31.7
26280,none,68.3,31.7
26282,none,68.3,31.7
26284,none,68.3,31.7
26286,none,68.3,31.7
26288,none,68.3,31.7
26290,none,68.3,31.7
26292,none,68.3,31.7
26294,none,68.3,31.7
26296,none,68.3,31.7
26298,none,68.3,31.7
26300,none,68.3,31.7
26302,none,68.3,31.7
26304,none,68.3,31.7
26306,none,68.3,31.7
26308,none,68.3,31.7
26310,none,68.3,31.7
26312,none,68.3,31.7
26314,none,68.3,31.7
26316,none,68.3,31.7
26318,none,68.3,31.7
26320,none,68.3,31.7
26322,none,68.3,31.7
26324,none,68.3,31.7
26326,none,68.3,31.7
26328,none,68.3,31.7
26330,A,68.3,31.7
26332,none,68.3,31.7
26334,none,68.3,31.7
26336,none,68.3,31.7
26338,none,68.3,31.7
26340,none,68.3,31.7
26342,none,68.3,31.7
26344,none,68.3,31.7
26346,none,68.3,31.7
26348,none,68.3,31.7
26350,none,68.3,31.7
26352,none,68.3,31.7
26354,none,68.3,31.7
26356,none,68.3,31.7
26358,none,68.3,31.7
26360,none,68.3,31.7
26362,none,68.3,31.7
26364,none,68.3,31.7
26366,none,68.3,31.7
26368,none,68.3,31.7
26370,none,68.3,31.7
26372,none,68.3,31.7
26374,none,68.3,31.7
26376,none,68.3,31.7
26378,none,68.3,31.7
26380,none,68.3,31.7
26382,none,68.3,31.7
26384,none,68.3,31.7
26386,none,68.3,31.7
26388,none,68.3,31.7
26390,none,68.3,31.7
26392,none,68.3,31.7
26394,none,68.3,31.7
26396,none,68.3,31.7
26398,none,68.3,31.7
26400,none,68.3,31.7
26402,none,68.3,31.7
26404,none,68.3,31.7
26406,none,68.3,31.7
26408,none,68.3,31.7
26410,none,68.3,31.7
26412,none,68.3,31.7
26414,none,68.3,31.7
26416,none,68.3,31.7
26418,none,68.3,31.7
26420,none,68.3,31.7
26422,none,68.3,31.7
26424,none,68.3,31.7
26426,none,68.3,31.7
26428,none,68.3,31.7
26430,none,68.3,31.7
26432,none,68.3,31.7
26434,none,68.3,31.7
26436,none,68.3,31.7
26438,none,68.3,31.7
26440,none,68.3,31.7
26442,none,68.3,31.7
26444,none,68.3,31.7
26446,none,68.3,31.7
26448,none,68.3,31.7
26450,none,68.3,31.7
26452,none,68.3,31.7
26454,none,68.3,31.7
26456,none,68.3,31.7
26458,none,68.3,31.7
26460,none,68.3,31.7
26462,none,68.3,31.7
26464,none,68.3,31.7
26466,none,68.3,31.7
26468,none,68.3,31.7
26470,none,68.3,31.7
26472,none,68.3,31.7
26474,none,68.3,31.7
26476,none,68.3,31.7
26478,none,68.3,31.7
26480,none,68.3,31.7
26482,none,68.3,31.7
26484,none,68.3,31.7
26486,none,68.3,31.7
26488,none,68.3,31.7
26490,none,68.3,31.7
26492,none,68.3,31.7
26494,none,68.3,31.7
26496,none,68.3,31.7
26498,none,68.3,31.7
26500,none,68.3,31.7
26502,none,68.3,31.7
26504,none,68.3,31.7
26506,none,68.3,31.7
26508,none,68.3,31.7
26510,none,68.3,31.7
26512,none,68.3,31.7
26514,none,68.3,31.7
26516,none,68.3,31.7
26518,B,68.2,31.8
26520,B,68.2,31.8
26522,none,68.2,31.8
26524,none,68.2,31.8
26526,none,68.2,31.8
26528,none,68.2,31.8
26530,none,68.2,31.8
26532,none,68.2,31.8
26534,none,68.2,31.8
26536,none,68.2,31.8
26538,none,68.2,31.8
26540,none,68.2,31.8
26542,none,68.2,31.8
26544,none,68.2,31.8
26546,none,68.2,31.8
26548,none,68.2,31.8
26550,none,68.2,31.8
26552,none,68.2,31.8
26554,none,68.2,31.8
26556,none,68.2,31.8
26558,none,68.2,31.8
26560,none,68.2,31.8
26562,none,68.2,31.8
26564,none,68.2,31.8
26566,none,68.2,31.8
26568,none,68.2,31.8
26570,none,68.2,31.8
26572,none,68.2,31.8
26574,none,68.2,31.8
26576,none,68.2,31.8
26578,none,68.2,31.8
26580,none,68.2,31.8
26582,none,68.2,31.8
26584,none,68.2,31.8
26586,none,68.2,31.8
26588,none,68.2,31.8
26590,none,68.2,31.8
26592,none,68.2,31.8
26594,none,68.2,31.8
26596,none,68.2,31.8
26598,none,68.2,31.8
26600,none,68.2,31.8
26602,none,68.2,31.8
26604,none,68.2,31.8
26606,none,68.2,31.8
26608,none,68.2,31.8
26610,none,68.2,31.8
26612,none,68.2,31.8
26614,none,68.2,31.8
26616,none,68.2,31.8
26618,B,68.2,31.8
26620,A,68.2,31.8
26622,A,68.2,31.8
26624,A,68.2,31.8
26626,none,68.2,31.8
26628,none,68.2,31.8
26630,none,68.2,31.8
26632,none,68.2,31.8
26634,none,68.2,31.8
26636,none,68.2,31.8
26638,A,68.2,31.8
26640,none,68.2,31.8
26642,none,68.2,31.8
26644,none,68.2,31.8
26646,none,68.2,31.8
26648,none,68.2,31.8
26650,none,68.2,31.8
26652,none,68.2,31.8
26654,none,68.2,31.8
26656,none,68.2,31.8
26658,none,68.2,31.8
26660,none,68.2,31.8
26662,none,68.2,31.8
26664,none,68.2,31.8
26666,none,68.2,31.8
26668,none,68.2,31.8
26670,none,68.2,31.8
26672,none,68.2,31.8
26674,none,68.2,31.8
26676,none,68.2,31.8
26678,none,68.2,31.8
26680,none,68.2,31.8
26682,none,68.2,31.8
26684,none,68.2,31.8
26686,none,68.2,31.8
26688,none,68.2,31.8
26690,none,68.2,31.8
26692,none,68.2,31.8
26694,none,68.2,31.8
26696,none,68.2,31.8
26698,none,68.2,31.8
26700,none,68.2,31.8
26702,none,68.2,31.8
26704,none,68.2,31.8
26706,none,68.2,31.8
26708,none,68.2,31.8
26710,none,68.2,31.8
26712,none,68.2,31.8
26714,none,68.2,31.8
26716,none,68.2,31.8
26718,none,68.2,31.8
26720,none,68.2,31.8
26722,none,68.2,31.8
26724,none,68.2,31.8
26726,none,68.2,31.8
26728,none,68.2,31.8
26730,none,68.2,31.8
26732,none,68.2,31.8
26734,none,68.2,31.8
26736,none,68.2,31.8
26738,none,68.2,31.8
26740,none,68.2,31.8
26742,none,68.2,31.8
26744,none,68.2,31.8
26746,none,68.2,31.8
26748,none,68.2,31.8
26750,none,68.2,31.8
26752,none,68.2,31.8
26754,none,68.2,31.8
26756,none,68.2,31.8
26758,none,68.2,31.8
26760,none,68.2,31.8
26762,none,68.2,31.8
26764,none,68.2,31.8
26766,none,68.2,31.8
26768,none,68.2,31.8
26770,none,68.2,31.8
26772,none,68.2,31.8
26774,none,68.2,31.8
26776,none,68.2,31.8
26778,none,68.2,31.8
26780,none,68.2,31.8
26782,none,68.2,31.8
26784,none,68.2,31.8
26786,none,68.2,31.8
26788,none,68.2,31.8
26790,none,68.2,31.8
26792,A,68.3,31.7
26794,none,68.3,31.7
26796,none,68.3,31.7
26798,none,68.3,31.7
26800,none,68.3,31.7
26802,none,68.3,31.7
26804,none,68.3,31.7
26806,none,68.3,31.7
26808,none,68.3,31.7
26810,none,68.3,31.7
26812,none,68.3,31.7
26814,none,68.3,31.7
26816,none,68.3,31.7
26818,none,68.3,31.7
26820,none,68.3,31.7
26822,none,68.3,31.7
26824,none,68.3,31.7
26826,none,68.3,31.7
26828,none,68.3,31.7
26830,none,68.3,31.7
26832,none,68.3,31.7
26834,none,68.3,31.7
26836,none,68.3,31.7
26838,none,68.3,31.7
26840,none,68.3,31.7
26842,none,68.3,31.7
26844,none,68.3,31.7
26846,none,68.3,31.7
26848,B,68.2,31.8
26850,none,68.2,31.8
26852,none,68.2,31.8
26854,none,68.2,31.8
26856,none,68.2,31.8
26858,none,68.2,31.8
26860,none,68.2,31.8
26862,none,68.2,31.8
26864,none,68.2,31.8
26866,none,68.2,31.8
26868,none,68.2,31.8
26870,none,68.2,31.8
26872,none,68.2,31.8
26874,none,68.2,31.8
26876,none,68.2,31.8
26878,none,68.2,31.8
26880,none,68.2,31.8
26882,none,68.2,31.8
26884,none,68.2,31.8
26886,none,68.2,31.8
26888,none,68.2,31.8
26890,A,68.2,31.8
26892,none,68.2,31.8
26894,A,68.3,31.7
26896,none,68.3,31.7
26898,none,68.3,31.7
26900,none,68.3,31.7
26902,none,68.3,31.7
26904,none,68.3,31.7
26906,none,68.3,31.7
26908,none,68.3,31.7
26910,none,68.3,31.7
26912,none,68.3,31.7
26914,none,68.3,31.7
26916,none,68.3,31.7
26918,none,68.3,31.7
26920,none,68.3,31.7
26922,B,68.2,31.8
26924,B,68.2,31.8
26926,A,68.2,31.8
26928,A,68.2,31.8
26930,none,68.2,31.8
26932,none,68.2,31.8
26934,A,68.2,31.8
26936,none,68.2,31.8
26938,none,68.2,31.8
26940,none,68.2,31.8
26942,none,68.2,31.8
26944,A,68.2,31.8
26946,none,68.2,31.8
26948,none,68.2,31.8
26950,none,68.2,31.8
26952,none,68.2,31.8
26954,none,68.2,31.8
26956,none,68.2,31.8
26958,none,68.2,31.8
26960,none,68.2,31.8
26962,none,68.2,31.8
26964,none,68.2,31.8
26966,none,68.2,31.8
26968,none,68.2,31.8
26970,none,68.2,31.8
26972,none,68.2,31.8
26974,none,68.2,31.8
26976,none,68.2,31.8
26978,none,68.2,31.8
26980,none,68.2,31.8
26982,none,68.2,31.8
26984,none,68.2,31.8
26986,none,68.2,31.8
26988,none,68.2,31.8
26990,none,68.2,31.8
26992,none,68.2,31.8
26994,none,68.2,31.8
26996,none,68.2,31.8
26998,none,68.2,31.8
27000,none,68.2,31.8
27002,none,68.2,31.8
27004,none,68.2,31.8
27006,none,68.2,31.8
27008,none,68.2,31.8
27010,none,68.2,31.8
27012,none,68.2,31.8
27014,none,68.2,31.8
27016,none,68.2,31.8
27018,none,68.2,31.8
27020,none,68.2,31.8
27022,none,68.2,31.8
27024,none,68.2,31.8
27026,none,68.2,31.8
27028,none,68.2,31.8
27030,none,68.2,31.8
27032,none,68.2,31.8
27034,none,68.2,31.8
27036,A,68.3,31.7
27038,B,68.2,31.8
27040,B,68.2,31.8
27042,A,68.2,31.8
27044,A,68.2,31.8
27046,none,68.2,31.8
27048,none,68.2,31.8
27050,none,68.2,31.8
27052,A,68.2,31.8
27054,none,68.2,31.8
27056,none,68.2,31.8
27058,none,68.2,31.8
27060,none,68.2,31.8
27062,none,68.2,31.8
27064,none,68.2,31.8
27066,none,68.2,31.8
27068,none,68.2,31.8
27070,none,68.2,31.8
27072,none,68.2,31.8
27074,none,68.2,31.8
27076,none,68.2,31.8
27078,none,68.2,31.8
27080,none,68.2,31.8
27082,none,68.2,31.8
27084,none,68.2,31.8
27086,none,68.2,31.8
27088,none,68.2,31.8
27090,none,68.2,31.8
27092,none,68.2,31.8
27094,none,68.2,31.8
27096,none,68.2,31.8
27098,none,68.2,31.8
27100,none,68.2,31.8
27102,none,68.2,31.8
27104,none,68.2,31.8
27106,none,68.2,31.8
27108,none,68.2,31.8
27110,none,68.2,31.8
27112,none,68.2,31.8
27114,none,68.2,31.8
27116,none,68.2,31.8
27118,none,68.2,31.8
27120,none,68.2,31.8
27122,none,68.2,31.8
27124,none,68.2,31.8
27126,none,68.2,31.8
27128,none,68.2,31.8
27130,none,68.2,31.8
27132,none,68.2,31.8
27134,none,68.2,31.8
27136,none,68.2,31.8
27138,none,68.2,31.8
27140,none,68.2,31.8
27142,none,68.2,31.8
27144,none,68.2,31.8
27146,none,68.2,31.8
27148,none,68.2,31.8
27150,none,68.2,31.8
27152,none,68.2,31.8
27154,none,68.2,31.8
27156,none,68.2,31.8
27158,none,68.2,31.8
27160,none,68.2,31.8
27162,none,68.2,31.8
27164,none,68.2,31.8
27166,none,68.2,31.8
27168,none,68.2,31.8
27170,none,68.2,31.8
27172,none,68.2,31.8
27174,none,68.2,31.8
27176,none,68.2,31.8
27178,none,68.2,31.8
27180,none,68.2,31.8
27182,none,68.2,31.8
27184,none,68.2,31.8
27186,none,68.2,31.8
27188,none,68.2,31.8
27190,none,68.2,31.8
27192,none,68.2,31.8
27194,none,68.2,31.8
27196,none,68.2,31.8
27198,none,68.2,31.8
27200,none,68.2,31.8
27202,A,68.3,31.7
27204,none,68.3,31.7
27206,none,68.3,31.7
27208,none,68.3,31.7
27210,none,68.3,31.7
27212,none,68.3,31.7
27214,none,68.3,31.7
27216,none,68.3,31.7
27218,none,68.3,31.7
27220,none,68.3,31.7
27222,none,68.3,31.7
27224,none,68.3,31.7
27226,none,68.3,31.7
27228,none,68.3,31.7
27230,none,68.3,31.7
27232,none,68.3,31.7
27234,none,68.3,31.7
27236,none,68.3,31.7
27238,none,68.3,31.7
27240,none,68.3,31.7
27242,none,68.3,31.7
27244,none,68.3,31.7
27246,none,68.3,31.7
27248,none,68.3,31.7
27250,none,68.3,31.7
27252,none,68.3,31.7
27254,none,68.3,31.7
27256,none,68.3,31.7
27258,none,68.3,31.7
27260,none,68.3,31.7
27262,none,68.3,31.7
27264,none,68.3,31.7
27266,none,68.3,31.7
27268,none,68.3,31.7
27270,none,68.3,31.7
27272,none,68.3,31.7
27274,none,68.3,31.7
27276,none,68.3,31.7
27278,none,68.3,31.7
27280,none,68.3,31.7
27282,none,68.3,31.7
27284,none,68.3,31.7
27286,none,68.3,31.7
27288,none,68.3,31.7
27290,none,68.3,31.7
27292,none,68.3,31.7
27294,none,68.3,31.7
27296,none,68.3,31.7
27298,none,68.3,31.7
27300,none,68.3,31.7
27302,none,68.3,31.7
27304,none,68.3,31.7
27306,none,68.3,31.7
27308,none,68.3,31.7
27310,none,68.3,31.7
27312,none,68.3,31.7
27314,none,68.3,31.7
27316,none,68.3,31.7
27318,none,68.3,31.7
27320,A,68.3,31.7
27322,A,68.3,31.7
27324,none,68.3,31.7
27326,none,68.3,31.7
27328,none,68.3,31.7
27330,none,68.3,31.7
27332,none,68.3,31.7
27334,A,68.3,31.7
27336,none,68.3,31.7
27338,A,68.3,31.7
27340,none,68.3,31.7
27342,A,68.4,31.6
27344,none,68.4,31.6
27346,none,68.4,31.6
27348,none,68.4,31.6
27350,none,68.4,31.6
27352,none,68.4,31.6
27354,none,68.4,31.6
27356,none,68.4,31.6
27358,none,68.4,31.6
27360,none,68.4,31.6
27362,none,68.4,31.6
27364,none,68.4,31.6
27366,none,68.4,31.6
27368,none,68.4,31.6
27370,none,68.4,31.6
27372,none,68.4,31.6
27374,none,68.4,31.6
27376,none,68.4,31.6
27378,none,68.4,31.6
27380,none,68.4,31.6
27382,none,68.4,31.6
27384,none,68.4,31.6
27386,none,68.4,31.6
27388,none,68.4,31.6
27390,none,68.4,31.6
27392,none,68.4,31.6
27394,none,68.4,31.6
27396,none,68.4,31.6
27398,none,68.4,31.6
27400,none,68.4,31.6
27402,none,68.4,31.6
27404,none,68.4,31.6
27406,none,68.4,31.6
27408,none,68.4,31.6
27410,none,68.4,31.6
27412,none,68.4,31.6
27414,none,68.4,31.6
27416,none,68.4,31.6
27418,none,68.4,31.6
27420,none,68.4,31.6
27422,none,68.4,31.6
27424,none,68.4,31.6
27426,none,68.4,31.6
27428,none,68.4,31.6
27430,none,68.4,31.6
27432,none,68.4,31.6
27434,none,68.4,31.6
27436,none,68.4,31.6
27438,none,68.4,31.6
27440,none,68.4,31.6
27442,none,68.4,31.6
27444,none,68.4,31.6
27446,none,68.4,31.6
27448,none,68.4,31.6
27450,none,68.4,31.6
27452,none,68.4,31.6
27454,none,68.4,31.6
27456,none,68.4,31.6
27458,none,68.4,31.6
27460,none,68.4,31.6
27462,none,68.4,31.6
27464,none,68.4,31.6
27466,none,68.4,31.6
27468,none,68.4,31.6
27470,none,68.4,31.6
27472,none,68.4,31.6
27474,none,68.4,31.6
27476,none,68.4,31.6
27478,none,68.4,31.6
27480,none,68.4,31.6
27482,none,68.4,31.6
27484,none,68.4,31.6
27486,none,68.4,31.6
27488,none,68.4,31.6
27490,none,68.4,31.6
27492,none,68.4,31.6
27494,none,68.4,31.6
27496,none,68.4,31.6
27498,none,68.4,31.6
27500,none,68.4,31.6
27502,none,68.4,31.6
27504,none,68.4,31.6
27506,none,68.4,31.6
27508,none,68.4,31.6
27510,none,68.4,31.6
27512,none,68.4,31.6
27514,none,68.4,31.6
27516,none,68.4,31.6
27518,none,68.4,31.6
27520,none,68.4,31.6
27522,none,68.4,31.6
27524,none,68.4,31.6
27526,none,68.4,31.6
27528,none,68.4,31.6
27530,none,68.4,31.6
27532,none,68.4,31.6
27534,none,68.4,31.6
27536,none,68.4,31.6
27538,none,68.4,31.6
27540,none,68.4,31.6
27542,none,68.4,31.6
27544,none,68.4,31.6
27546,none,68.4,31.6
27548,none,68.4,31.6
27550,none,68.4,31.6
27552,none,68.4,31.6
27554,none,68.4,31.6
27556,none,68.4,31.6
27558,none,68.4,31.6
27560,none,68.4,31.6
27562,none,68.4,31.6
27564,none,68.4,31.6
27566,none,68.4,31.6
27568,none,68.4,31.6
27570,none,68.4,31.6
27572,none,68.4,31.6
27574,none,68.4,31.6
27576,none,68.4,31.6
27578,none,68.4,31.6
27580,none,68.4,31.6
27582,none,68.4,31.6
27584,none,68.4,31.6
27586,none,68.4,31.6
27588,none,68.4,31.6
27590,A,68.4,31.6
27592,A,68.4,31.6
27594,none,68.4,31.6
27596,A,68.4,31.6
27598,A,68.4,31.6
27600,A,68.5,31.5
27602,A,68.5,31.5
27604,A,68.5,31.5
27606,none,68.5,31.5
27608,none,68.5,31.5
27610,none,68.5,31.5
27612,none,68.5,31.5
27614,none,68.5,31.5
27616,none,68.5,31.5
27618,none,68.5,31.5
27620,none,68.5,31.5
27622,none,68.5,31.5
27624,none,68.5,31.5
27626,none,68.5,31.5
27628,none,68.5,31.5
27630,none,68.5,31.5
27632,none,68.5,31.5
27634,none,68.5,31.5
27636,none,68.5,31.5
27638,none,68.5,31.5
27640,none,68.5,31.5
27642,none,68.5,31.5
27644,none,68.5,31.5
27646,none,68.5,31.5
27648,none,68.5,31.5
27650,none,68.5,31.5
27652,none,68.5,31.5
27654,none,68.5,31.5
27656,none,68.5,31.5
27658,none,68.5,31.5
27660,none,68.5,31.5
27662,none,68.5,31.5
27664,none,68.5,31.5
27666,none,68.5,31.5
27668,none,68.5,31.5
27670,none,68.5,31.5
27672,none,68.5,31.5
27674,none,68.5,31.5
27676,none,68.5,31.5
27678,none,68.5,31.5
27680,none,68.5,31.5
27682,none,68.5,31.5
27684,none,68.5,31.5
27686,none,68.5,31.5
27688,none,68.5,31.5
27690,none,68.5,31.5
27692,none,68.5,31.5
27694,none,68.5,31.5
27696,none,68.5,31.5
27698,none,68.5,31.5
27700,none,68.5,31.5
27702,none,68.5,31.5
27704,none,68.5,31.5
27706,none,68.5,31.5
27708,none,68.5,31.5
27710,none,68.5,31.5
27712,none,68.5,31.5
27714,none,68.5,31.5
27716,none,68.5,31.5
27718,none,68.5,31.5
27720,none,68.5,31.5
27722,none,68.5,31.5
27724,none,68.5,31.5
27726,none,68.5,31.5
27728,none,68.5,31.5
27730,none,68.5,31.5
27732,none,68.5,31.5
27734,none,68.5,31.5
27736,none,68.5,31.5
27738,none,68.5,31.5
27740,none,68.5,31.5
27742,none,68.5,31.5
27744,none,68.5,31.5
27746,none,68.5,31.5
27748,none,68.5,31.5
27750,none,68.5,31.5
27752,none,68.5,31.5
27754,none,68.5,31.5
27756,none,68.5,31.5
27758,none,68.5,31.5
27760,none,68.5,31.5
27762,none,68.5,31.5
27764,none,68.5,31.5
27766,none,68.5,31.5
27768,none,68.5,31.5
27770,none,68.5,31.5
27772,none,68.5,31.5
27774,none,68.5,31.5
27776,none,68.5,31.5
27778,none,68.5,31.5
27780,none,68.5,31.5
27782,none,68.5,31.5
27784,none,68.5,31.5
27786,none,68.5,31.5
27788,none,68.5,31.5
27790,none,68.5,31.5
27792,none,68.5,31.5
27794,none,68.5,31.5
27796,none,68.5,31.5
27798,none,68.5,31.5
27800,none,68.5,31.5
27802,none,68.5,31.5
27804,none,68.5,31.5
27806,none,68.5,31.5
27808,none,68.5,31.5
27810,none,68.5,31.5
27812,none,68.5,31.5
27814,none,68.5,31.5
27816,none,68.5,31.5
27818,none,68.5,31.5
27820,none,68.5,31.5
27822,none,68.5,31.5
27824,none,68.5,31.5
27826,none,68.5,31.5
27828,none,68.5,31.5
27830,none,68.5,31.5
27832,none,68.5,31.5
27834,none,68.5,31.5
27836,none,68.5,31.5
27838,none,68.5,31.5
27840,none,68.5,31.5
27842,none,68.5,31.5
27844,none,68.5,31.5
27846,none,68.5,31.5
27848,none,68.5,31.5
27850,none,68.5,31.5
27852,none,68.5,31.5
27854,none,68.5,31.5
27856,none,68.5,31.5
27858,none,68.5,31.5
27860,none,68.5,31.5
27862,none,68.5,31.5
27864,none,68.5,31.5
27866,none,68.5,31.5
27868,none,68.5,31.5
27870,none,68.5,31.5
27872,none,68.5,31.5
27874,none,68.5,31.5
27876,none,68.5,31.5
27878,none,68.5,31.5
27880,none,68.5,31.5
27882,none,68.5,31.5
27884,none,68.5,31.5
27886,none,68.5,31.5
27888,none,68.5,31.5
27890,none,68.5,31.5
27892,none,68.5,31.5
27894,none,68.5,31.5
27896,none,68.5,31.5
27898,none,68.5,31.5
27900,none,68.5,31.5
27902,none,68.5,31.5
27904,none,68.5,31.5
27906,A,68.5,31.5
27908,none,68.5,31.5
27910,none,68.5,31.5
27912,none,68.5,31.5
27914,none,68.5,31.5
27916,none,68.5,31.5
27918,none,68.5,31.5
27920,none,68.5,31.5
27922,A,68.5,31.5
27924,none,68.5,31.5
27926,none,68.5,31.5
27928,none,68.5,31.5
27930,none,68.5,31.5
27932,none,68.5,31.5
27934,none,68.5,31.5
27936,none,68.5,31.5
27938,none,68.5,31.5
27940,none,68.5,31.5
27942,none,68.5,31.5
27944,none,68.5,31.5
27946,none,68.5,31.5
27948,A,68.5,31.5
27950,none,68.5,31.5
27952,none,68.5,31.5
27954,none,68.5,31.5
27956,none,68.5,31.5
27958,none,68.5,31.5
27960,A,68.6,31.4
27962,none,68.6,31.4
27964,none,68.6,31.4
27966,none,68.6,31.4
27968,none,68.6,31.4
27970,none,68.6,31.4
27972,none,68.6,31.4
27974,none,68.6,31.4
27976,none,68.6,31.4
27978,none,68.6,31.4
27980,none,68.6,31.4
27982,none,68.6,31.4
27984,none,68.6,31.4
27986,none,68.6,31.4
27988,none,68.6,31.4
27990,none,68.6,31.4
27992,none,68.6,31.4
27994,none,68.6,31.4
27996,none,68.6,31.4
27998,none,68.6,31.4
28000,none,68.6,31.4
28002,none,68.6,31.4
28004,none,68.6,31.4
28006,none,68.6,31.4
28008,none,68.6,31.4
28010,B,68.5,31.5
28012,none,68.5,31.5
28014,none,68.5,31.5
28016,none,68.5,31.5
28018,none,68.5,31.5
28020,none,68.5,31.5
28022,none,68.5,31.5
28024,none,68.5,31.5
28026,none,68.5,31.5
28028,none,68.5,31.5
28030,none,68.5,31.5
28032,none,68.5,31.5
28034,none,68.5,31.5
28036,none,68.5,31.5
28038,none,68.5,31.5
28040,none,68.5,31.5
28042,none,68.5,31.5
28044,none,68.5,31.5
28046,none,68.5,31.5
28048,none,68.5,31.5
28050,none,68.5,31.5
28052,none,68.5,31.5
28054,none,68.5,31.5
28056,none,68.5,31.5
28058,none,68.5,31.5
28060,none,68.5,31.5
28062,none,68.5,31.5
28064,none,68.5,31.5
28066,none,68.5,31.5
28068,none,68.5,31.5
28070,none,68.5,31.5
28072,none,68.5,31.5
28074,none,68.5,31.5
28076,none,68.5,31.5
28078,none,68.5,31.5
28080,none,68.5,31.5
28082,none,68.5,31.5
28084,none,68.5,31.5
28086,none,68.5,31.5
28088,none,68.5,31.5
28090,none,68.5,31.5
28092,none,68.5,31.5
28094,none,68.5,31.5
28096,none,68.5,31.5
28098,none,68.5,31.5
28100,none,68.5,31.5
28102,none,68.5,31.5
28104,none,68.5,31.5
28106,none,68.5,31.5
28108,none,68.5,31.5
28110,none,68.5,31.5
28112,none,68.5,31.5
28114,none,68.5,31.5
28116,none,68.5,31.5
28118,none,68.5,31.5
28120,none,68.5,31.5
28122,none,68.5,31.5
28124,none,68.5,31.5
28126,none,68.5,31.5
28128,none,68.5,31.5
28130,none,68.5,31.5
28132,none,68.5,31.5
28134,none,68.5,31.5
28136,none,68.5,31.5
28138,none,68.5,31.5
28140,none,68.5,31.5
28142,none,68.5,31.5
28144,none,68.5,31.5
28146,none,68.5,31.5
28148,none,68.5,31.5
28150,none,68.5,31.5
28152,none,68.5,31.5
28154,none,68.5,31.5
28156,none,68.5,31.5
28158,none,68.5,31.5
28160,none,68.5,31.5
28162,none,68.5,31.5
28164,none,68.5,31.5
28166,none,68.5,31.5
28168,none,68.5,31.5
28170,none,68.5,31.5
28172,none,68.5,31.5
28174,none,68.5,31.5
28176,none,68.5,31.5
28178,none,68.5,31.5
28180,none,68.5,31.5
28182,none,68.5,31.5
28184,none,68.5,31.5
28186,none,68.5,31.5
28188,none,68.5,31.5
28190,none,68.5,31.5
28192,none,68.5,31.5
28194,none,68.5,31.5
28196,none,68.5,31.5
28198,none,68.5,31.5
28200,A,68.5,31.5
28202,none,68.5,31.5
28204,none,68.5,31.5
28206,none,68.5,31.5
28208,none,68.5,31.5
28210,none,68.5,31.5
28212,none,68.5,31.5
28214,none,68.5,31.5
28216,none,68.5,31.5
28218,none,68.5,31.5
28220,none,68.5,31.5
28222,none,68.5,31.5
28224,none,68.5,31.5
28226,none,68.5,31.5
28228,none,68.5,31.5
28230,none,68.5,31.5
28232,none,68.5,31.5
28234,none,68.5,31.5
28236,none,68.5,31.5
28238,none,68.5,31.5
28240,none,68.5,31.5
28242,none,68.5,31.5
28244,none,68.5,31.5
28246,none,68.5,31.5
28248,none,68.5,31.5
28250,none,68.5,31.5
28252,none,68.5,31.5
28254,none,68.5,31.5
28256,none,68.5,31.5
28258,none,68.5,31.5
28260,none,68.5,31.5
28262,none,68.5,31.5
28264,none,68.5,31.5
28266,none,68.5,31.5
28268,none,68.5,31.5
28270,none,68.5,31.5
28272,none,68.5,31.5
28274,none,68.5,31.5
28276,none,68.5,31.5
28278,none,68.5,31.5
28280,none,68.5,31.5
28282,none,68.5,31.5
28284,none,68.5,31.5
28286,none,68.5,31.5
28288,none,68.5,31.5
28290,none,68.5,31.5
28292,none,68.5,31.5
28294,none,68.5,31.5
28296,none,68.5,31.5
28298,none,68.5,31.5
28300,A,68.6,31.4
28302,none,68.6,31.4
28304,none,68.6,31.4
28306,none,68.6,31.4
28308,none,68.6,31.4
28310,none,68.6,31.4
28312,none,68.6,31.4
28314,none,68.6,31.4
28316,none,68.6,31.4
28318,none,68.6,31.4
28320,none,68.6,31.4
28322,none,68.6,31.4
28324,none,68.6,31.4
28326,none,68.6,31.4
28328,none,68.6,31.4
28330,none,68.6,31.4
28332,B,68.5,31.5
28334,A,68.5,31.5
28336,none,68.5,31.5
28338,none,68.5,31.5
28340,none,68.5,31.5
28342,none,68.5,31.5
28344,none,68.5,31.5
28346,none,68.5,31.5
28348,none,68.5,31.5
28350,none,68.5,31.5
28352,none,68.5,31.5
28354,none,68.5,31.5
28356,none,68.5,31.5
28358,none,68.5,31.5
28360,none,68.5,31.5
28362,none,68.5,31.5
28364,none,68.5,31.5
28366,none,68.5,31.5
28368,none,68.5,31.5
28370,none,68.5,31.5
28372,A,68.6,31.4
28374,none,68.6,31.4
28376,none,68.6,31.4
28378,none,68.6,31.4
28380,none,68.6,31.4
28382,none,68.6,31.4
28384,none,68.6,31.4
28386,none,68.6,31.4
28388,none,68.6,31.4
28390,none,68.6,31.4
28392,none,68.6,31.4
28394,none,68.6,31.4
28396,none,68.6,31.4
28398,none,68.6,31.4
28400,none,68.6,31.4
28402,none,68.6,31.4
28404,none,68.6,31.4
28406,none,68.6,31.4
28408,none,68.6,31.4
28410,none,68.6,31.4
28412,none,68.6,31.4
28414,none,68.6,31.4
28416,none,68.6,31.4
28418,none,68.6,31.4
28420,none,68.6,31.4
28422,none,68.6,31.4
28424,none,68.6,31.4
28426,none,68.6,31.4
28428,none,68.6,31.4
28430,none,68.6,31.4
28432,none,68.6,31.4
28434,none,68.6,31.4
28436,none,68.6,31.4
28438,none,68.6,31.4
28440,none,68.6,31.4
28442,none,68.6,31.4
28444,none,68.6,31.4
28446,none,68.6,31.4
28448,A,68.6,31.4
28450,A,68.6,31.4
28452,A,68.6,31.4
28454,A,68.6,31.4
28456,A,68.7,31.3
28458,A,68.7,31.3
28460,A,68.7,31.3
28462,A,68.7,31.3
28464,A,68.7,31.3
28466,A,68.8,31.2
28468,A,68.8,31.2
28470,A,68.8,31.2
28472,A,68.8,31.2
28474,A,68.8,31.2
28476,A,68.8,31.2
28478,A,68.9,31.1
28480,A,68.9,31.1
28482,A,68.9,31.1
28484,A,68.9,31.1
28486,A,68.9,31.1
28488,A,69.0,31.0
28490,A,69.0,31.0
28492,A,69.0,31.0
28494,A,69.0,31.0
28496,A,69.0,31.0
28498,A,69.0,31.0
28500,A,69.1,30.9
28502,A,69.1,30.9
28504,A,69.1,30.9
28506,none,69.1,30.9
28508,A,69.1,30.9
28510,A,69.1,30.9
28512,A,69.2,30.8
28514,A,69.2,30.8
28516,A,69.2,30.8
28518,A,69.2,30.8
28520,A,69.2,30.8
28522,A,69.2,30.8
28524,A,69.3,30.7
28526,A,69.3,30.7
28528,A,69.3,30.7
28530,A,69.3,30.7
28532,A,69.3,30.7
28534,A,69.4,30.6
28536,A,69.4,30.6
28538,A,69.4,30.6
28540,A,69.4,30.6
28542,A,69.4,30.6
28544,A,69.4,30.6
28546,A,69.5,30.5
28548,A,69.5,30.5
28550,A,69.5,30.5
28552,A,69.5,30.5
28554,A,69.5,30.5
28556,A,69.6,30.4
28558,A,69.6,30.4
28560,none,69.6,30.4
28562,none,69.6,30.4
28564,none,69.6,30.4
28566,none,69.6,30.4
28568,none,69.6,30.4
28570,none,69.6,30.4
28572,none,69.6,30.4
28574,none,69.6,30.4
28576,none,69.6,30.4
28578,none,69.6,30.4
28580,none,69.6,30.4
28582,none,69.6,30.4
28584,none,69.6,30.4
28586,none,69.6,30.4
28588,none,69.6,30.4
28590,none,69.6,30.4
28592,none,69.6,30.4
28594,none,69.6,30.4
28596,none,69.6,30.4
28598,none,69.6,30.4
28600,none,69.6,30.4
28602,none,69.6,30.4
28604,none,69.6,30.4
28606,none,69.6,30.4
28608,none,69.6,30.4
28610,none,69.6,30.4
28612,none,69.6,30.4
28614,none,69.6,30.4
28616,none,69.6,30.4
28618,none,69.6,30.4
28620,none,69.6,30.4
28622,none,69.6,30.4
28624,none,69.6,30.4
28626,none,69.6,30.4
28628,none,69.6,30.4
28630,none,69.6,30.4
28632,none,69.6,30.4
28634,none,69.6,30.4
28636,none,69.6,30.4
28638,none,69.6,30.4
28640,none,69.6,30.4
28642,none,69.6,30.4
28644,none,69.6,30.4
28646,none,69.6,30.4
28648,none,69.6,30.4
28650,none,69.6,30.4
28652,none,69.6,30.4
28654,none,69.6,30.4
28656,none,69.6,30.4
28658,none,69.6,30.4
28660,none,69.6,30.4
28662,none,69.6,30.4
28664,none,69.6,30.4
28666,none,69.6,30.4
28668,none,69.6,30.4
28670,none,69.6,30.4
28672,none,69.6,30.4
28674,none,69.6,30.4
28676,none,69.6,30.4
28678,none,69.6,30.4
28680,none,69.6,30.4
28682,none,69.6,30.4
28684,none,69.6,30.4
28686,none,69.6,30.4
28688,none,69.6,30.4
28690,none,69.6,30.4
28692,none,69.6,30.4
28694,none,69.6,30.4
28696,none,69.6,30.4
28698,none,69.6,30.4
28700,none,69.6,30.4
28702,none,69.6,30.4
28704,none,69.6,30.4
28706,none,69.6,30.4
28708,none,69.6,30.4
28710,none,69.6,30.4
28712,none,69.6,30.4
28714,none,69.6,30.4
28716,none,69.6,30.4
28718,none,69.6,30.4
28720,none,69.6,30.4
28722,none,69.6,30.4
28724,none,69.6,30.4
28726,none,69.6,30.4
28728,none,69.6,30.4
28730,none,69.6,30.4
28732,none,69.6,30.4
28734,none,69.6,30.4
28736,none,69.6,30.4
28738,none,69.6,30.4
28740,none,69.6,30.4
28742,none,69.6,30.4
28744,none,69.6,30.4
28746,none,69.6,30.4
28748,none,69.6,30.4
28750,none,69.6,30.4
28752,none,69.6,30.4
28754,none,69.6,30.4
28756,none,69.6,30.4
28758,none,69.6,30.4
28760,none,69.6,30.4
28762,none,69.6,30.4
28764,none,69.6,30.4
28766,none,69.6,30.4
28768,none,69.6,30.4
28770,none,69.6,30.4
28772,none,69.6,30.4
28774,none,69.6,30.4
28776,none,69.6,30.4
28778,none,69.6,30.4
28780,none,69.6,30.4
28782,none,69.6,30.4
28784,none,69.6,30.4
28786,none,69.6,30.4
28788,none,69.6,30.4
28790,none,69.6,30.4
28792,none,69.6,30.4
28794,none,69.6,30.4
28796,none,69.6,30.4
28798,none,69.6,30.4
28800,none,69.6,30.4
28802,none,69.6,30.4
28804,none,69.6,30.4
28806,none,69.6,30.4
28808,none,69.6,30.4
28810,none,69.6,30.4
28812,none,69.6,30.4
28814,none,69.6,30.4
28816,none,69.6,30.4
28818,none,69.6,30.4
28820,none,69.6,30.4
28822,none,69.6,30.4
28824,none,69.6,30.4
28826,none,69.6,30.4
28828,none,69.6,30.4
28830,none,69.6,30.4
28832,none,69.6,30.4
28834,none,69.6,30.4
28836,none,69.6,30.4
28838,none,69.6,30.4
28840,A,69.6,30.4
28842,A,69.6,30.4
28844,B,69.6,30.4
28846,none,69.6,30.4
28848,none,69.6,30.4
28850,none,69.6,30.4
28852,none,69.6,30.4
28854,none,69.6,30.4
28856,none,69.6,30.4
28858,none,69.6,30.4
28860,none,69.6,30.4
28862,none,69.6,30.4
28864,none,69.6,30.4
28866,none,69.6,30.4
28868,none,69.6,30.4
28870,none,69.6,30.4
28872,none,69.6,30.4
28874,none,69.6,30.4
28876,none,69.6,30.4
28878,none,69.6,30.4
28880,none,69.6,30.4
28882,A,69.6,30.4
28884,B,69.5,30.5
28886,A,69.6,30.4
28888,A,69.6,30.4
28890,none,69.6,30.4
28892,none,69.6,30.4
28894,none,69.6,30.4
28896,none,69.6,30.4
28898,none,69.6,30.4
28900,A,69.6,30.4
28902,A,69.6,30.4
28904,none,69.6,30.4
28906,B,69.6,30.4
28908,B,69.5,30.5
28910,A,69.6,30.4
28912,B,69.5,30.5
28914,B,69.5,30.5
28916,B,69.4,30.6
28918,B,69.4,30.6
28920,A,69.4,30.6
28922,none,69.4,30.6
28924,A,69.4,30.6
28926,A,69.4,30.6
28928,none,69.4,30.6
28930,A,69.5,30.5
28932,none,69.5,30.5
28934,none,69.5,30.5
28936,A,69.5,30.5
28938,A,69.5,30.5
28940,A,69.5,30.5
28942,A,69.5,30.5
28944,A,69.6,30.4
28946,none,69.6,30.4
28948,A,69.6,30.4
28950,B,69.5,30.5
28952,none,69.5,30.5
28954,none,69.5,30.5
28956,none,69.5,30.5
28958,none,69.5,30.5
28960,none,69.5,30.5
28962,none,69.5,30.5
28964,none,69.5,30.5
28966,none,69.5,30.5
28968,none,69.5,30.5
28970,none,69.5,30.5
28972,B,69.5,30.5
28974,none,69.5,30.5
28976,none,69.5,30.5
28978,none,69.5,30.5
28980,none,69.5,30.5
28982,none,69.5,30.5
28984,none,69.5,30.5
28986,none,69.5,30.5
28988,none,69.5,30.5
28990,none,69.5,30.5
28992,none,69.5,30.5
28994,none,69.5,30.5
28996,none,69.5,30.5
28998,none,69.5,30.5
29000,none,69.5,30.5
29002,none,69.5,30.5
29004,none,69.5,30.5
29006,none,69.5,30.5
29008,none,69.5,30.5
29010,none,69.5,30.5
29012,none,69.5,30.5
29014,none,69.5,30.5
29016,none,69.5,30.5
29018,none,69.5,30.5
29020,none,69.5,30.5
29022,none,69.5,30.5
29024,none,69.5,30.5
29026,none,69.5,30.5
29028,none,69.5,30.5
29030,none,69.5,30.5
29032,none,69.5,30.5
29034,none,69.5,30.5
29036,none,69.5,30.5
29038,none,69.5,30.5
29040,none,69.5,30.5
29042,none,69.5,30.5
29044,none,69.5,30.5
29046,none,69.5,30.5
29048,none,69.5,30.5
29050,none,69.5,30.5
29052,none,69.5,30.5
29054,none,69.5,30.5
29056,none,69.5,30.5
29058,none,69.5,30.5
29060,none,69.5,30.5
29062,none,69.5,30.5
29064,none,69.5,30.5
29066,none,69.5,30.5
29068,none,69.5,30.5
29070,none,69.5,30.5
29072,none,69.5,30.5
29074,none,69.5,30.5
29076,none,69.5,30.5
29078,none,69.5,30.5
29080,none,69.5,30.5
29082,none,69.5,30.5
29084,none,69.5,30.5
29086,none,69.5,30.5
29088,none,69.5,30.5
29090,none,69.5,30.5
29092,none,69.5,30.5
29094,none,69.5,30.5
29096,none,69.5,30.5
29098,none,69.5,30.5
29100,none,69.5,30.5
29102,none,69.5,30.5
29104,none,69.5,30.5
29106,none,69.5,30.5
29108,none,69.5,30.5
29110,none,69.5,30.5
29112,none,69.5,30.5
29114,none,69.5,30.5
29116,none,69.5,30.5
29118,none,69.5,30.5
29120,none,69.5,30.5
29122,none,69.5,30.5
29124,none,69.5,30.5
29126,A,69.5,30.5
29128,none,69.5,30.5
29130,none,69.5,30.5
29132,none,69.5,30.5
29134,none,69.5,30.5
29136,none,69.5,30.5
29138,none,69.5,30.5
29140,none,69.5,30.5
29142,none,69.5,30.5
29144,none,69.5,30.5
29146,none,69.5,30.5
29148,none,69.5,30.5
29150,none,69.5,30.5
29152,none,69.5,30.5
29154,none,69.5,30.5
29156,none,69.5,30.5
29158,none,69.5,30.5
29160,none,69.5,30.5
29162,none,69.5,30.5
29164,A,69.5,30.5
29166,none,69.5,30.5
29168,none,69.5,30.5
29170,none,69.5,30.5
29172,none,69.5,30.5
29174,none,69.5,30.5
29176,none,69.5,30.5
29178,none,69.5,30.5
29180,none,69.5,30.5
29182,none,69.5,30.5
29184,none,69.5,30.5
29186,none,69.5,30.5
29188,none,69.5,30.5
29190,none,69.5,30.5
29192,none,69.5,30.5
29194,none,69.5,30.5
29196,none,69.5,30.5
29198,none,69.5,30.5
29200,none,69.5,30.5
29202,none,69.5,30.5
29204,none,69.5,30.5
29206,none,69.5,30.5
29208,none,69.5,30.5
29210,none,69.5,30.5
29212,none,69.5,30.5
29214,none,69.5,30.5
29216,none,69.5,30.5
29218,none,69.5,30.5
29220,none,69.5,30.5
29222,none,69.5,30.5
29224,none,69.5,30.5
29226,none,69.5,30.5
29228,none,69.5,30.5
29230,none,69.5,30.5
29232,none,69.5,30.5
29234,none,69.5,30.5
29236,none,69.5,30.5
29238,none,69.5,30.5
29240,none,69.5,30.5
29242,none,69.5,30.5
29244,B,69.5,30.5
29246,B,69.4,30.6
29248,B,69.4,30.6
29250,B,69.4,30.6
29252,A,69.4,30.6
29254,none,69.4,30.6
29256,none,69.4,30.6
29258,A,69.4,30.6
29260,A,69.4,30.6
29262,A,69.4,30.6
29264,none,69.4,30.6
29266,none,69.4,30.6
29268,none,69.4,30.6
29270,none,69.4,30.6
29272,none,69.4,30.6
29274,none,69.4,30.6
29276,none,69.4,30.6
29278,none,69.4,30.6
29280,none,69.4,30.6
29282,none,69.4,30.6
29284,none,69.4,30.6
29286,A,69.5,30.5
29288,none,69.5,30.5
29290,none,69.5,30.5
29292,none,69.5,30.5
29294,none,69.5,30.5
29296,none,69.5,30.5
29298,none,69.5,30.5
29300,none,69.5,30.5
29302,none,69.5,30.5
29304,B,69.4,30.6
29306,A,69.4,30.6
29308,B,69.4,30.6
29310,none,69.4,30.6
29312,none,69.4,30.6
29314,none,69.4,30.6
29316,A,69.4,30.6
29318,none,69.4,30.6
29320,none,69.4,30.6
29322,none,69.4,30.6
29324,none,69.4,30.6
29326,none,69.4,30.6
29328,none,69.4,30.6
29330,none,69.4,30.6
29332,none,69.4,30.6
29334,none,69.4,30.6
29336,none,69.4,30.6
29338,none,69.4,30.6
29340,none,69.4,30.6
29342,none,69.4,30.6
29344,none,69.4,30.6
29346,none,69.4,30.6
29348,none,69.4,30.6
29350,none,69.4,30.6
29352,none,69.4,30.6
29354,none,69.4,30.6
29356,none,69.4,30.6
29358,none,69.4,30.6
29360,none,69.4,30.6
29362,none,69.4,30.6
29364,none,69.4,30.6
29366,none,69.4,30.6
29368,none,69.4,30.6
29370,none,69.4,30.6
29372,none,69.4,30.6
29374,none,69.4,30.6
29376,none,69.4,30.6
29378,none,69.4,30.6
29380,none,69.4,30.6
29382,none,69.4,30.6
29384,none,69.4,30.6
29386,none,69.4,30.6
29388,none,69.4,30.6
29390,A,69.4,30.6
29392,A,69.4,30.6
29394,none,69.4,30.6
29396,none,69.4,30.6
29398,none,69.4,30.6
29400,none,69.4,30.6
29402,none,69.4,30.6
29404,A,69.5,30.5
29406,none,69.5,30.5
29408,none,69.5,30.5
29410,none,69.5,30.5
29412,none,69.5,30.5
29414,none,69.5,30.5
29416,none,69.5,30.5
29418,none,69.5,30.5
29420,none,69.5,30.5
29422,none,69.5,30.5
29424,none,69.5,30.5
29426,none,69.5,30.5
29428,none,69.5,30.5
29430,none,69.5,30.5
29432,none,69.5,30.5
29434,none,69.5,30.5
29436,none,69.5,30.5
29438,none,69.5,30.5
29440,none,69.5,30.5
29442,none,69.5,30.5
29444,none,69.5,30.5
29446,none,69.5,30.5
29448,none,69.5,30.5
29450,none,69.5,30.5
29452,none,69.5,30.5
29454,none,69.5,30.5
29456,none,69.5,30.5
29458,none,69.5,30.5
29460,A,69.5,30.5
29462,none,69.5,30.5
29464,none,69.5,30.5
29466,none,69.5,30.5
29468,none,69.5,30.5
29470,none,69.5,30.5
29472,none,69.5,30.5
29474,none,69.5,30.5
29476,none,69.5,30.5
29478,none,69.5,30.5
29480,none,69.5,30.5
29482,none,69.5,30.5
29484,none,69.5,30.5
29486,none,69.5,30.5
29488,none,69.5,30.5
29490,none,69.5,30.5
29492,none,69.5,30.5
29494,none,69.5,30.5
29496,none,69.5,30.5
29498,none,69.5,30.5
29500,none,69.5,30.5
29502,none,69.5,30.5
29504,none,69.5,30.5
29506,none,69.5,30.5
29508,none,69.5,30.5
29510,none,69.5,30.5
29512,none,69.5,30.5
29514,none,69.5,30.5
29516,none,69.5,30.5
29518,none,69.5,30.5
29520,none,69.5,30.5
29522,none,69.5,30.5
29524,none,69.5,30.5
29526,none,69.5,30.5
29528,none,69.5,30.5
29530,none,69.5,30.5
29532,none,69.5,30.5
29534,none,69.5,30.5
29536,none,69.5,30.5
29538,none,69.5,30.5
29540,none,69.5,30.5
29542,none,69.5,30.5
29544,none,69.5,30.5
29546,none,69.5,30.5
29548,B,69.4,30.6
29550,none,69.4,30.6
29552,none,69.4,30.6
29554,none,69.4,30.6
29556,none,69.4,30.6
29558,none,69.4,30.6
29560,none,69.4,30.6
29562,none,69.4,30.6
29564,none,69.4,30.6
29566,none,69.4,30.6
29568,none,69.4,30.6
29570,none,69.4,30.6
29572,none,69.4,30.6
29574,none,69.4,30.6
29576,none,69.4,30.6
29578,none,69.4,30.6
29580,none,69.4,30.6
29582,none,69.4,30.6
29584,none,69.4,30.6
29586,none,69.4,30.6
29588,none,69.4,30.6
29590,none,69.4,30.6
29592,none,69.4,30.6
29594,none,69.4,30.6
29596,none,69.4,30.6
29598,none,69.4,30.6
29600,none,69.4,30.6
29602,none,69.4,30.6
29604,none,69.4,30.6
29606,none,69.4,30.6
29608,none,69.4,30.6
29610,none,69.4,30.6
29612,none,69.4,30.6
29614,none,69.4,30.6
29616,none,69.4,30.6
29618,none,69.4,30.6
29620,none,69.4,30.6
29622,none,69.4,30.6
29624,none,69.4,30.6
29626,none,69.4,30.6
29628,none,69.4,30.6
29630,none,69.4,30.6
29632,none,69.4,30.6
29634,none,69.4,30.6
29636,none,69.4,30.6
29638,none,69.4,30.6
29640,none,69.4,30.6
29642,none,69.4,30.6
29644,none,69.4,30.6
29646,none,69.4,30.6
29648,none,69.4,30.6
29650,none,69.4,30.6
29652,none,69.4,30.6
29654,A,69.5,30.5
29656,A,69.5,30.5
29658,A,69.5,30.5
29660,A,69.5,30.5
29662,A,69.5,30.5
29664,none,69.5,30.5
29666,none,69.5,30.5
29668,none,69.5,30.5
29670,none,69.5,30.5
29672,none,69.5,30.5
29674,none,69.5,30.5
29676,none,69.5,30.5
29678,none,69.5,30.5
29680,none,69.5,30.5
29682,none,69.5,30.5
29684,none,69.5,30.5
29686,none,69.5,30.5
29688,none,69.5,30.5
29690,none,69.5,30.5
29692,none,69.5,30.5
29694,none,69.5,30.5
29696,none,69.5,30.5
29698,none,69.5,30.5
29700,none,69.5,30.5
29702,none,69.5,30.5
29704,none,69.5,30.5
29706,none,69.5,30.5
29708,none,69.5,30.5
29710,none,69.5,30.5
29712,none,69.5,30.5
29714,none,69.5,30.5
29716,none,69.5,30.5
29718,none,69.5,30.5
29720,none,69.5,30.5
29722,none,69.5,30.5
29724,none,69.5,30.5
29726,none,69.5,30.5
29728,none,69.5,30.5
29730,none,69.5,30.5
29732,none,69.5,30.5
29734,none,69.5,30.5
29736,none,69.5,30.5
29738,none,69.5,30.5
29740,none,69.5,30.5
29742,none,69.5,30.5
29744,none,69.5,30.5
29746,none,69.5,30.5
29748,none,69.5,30.5
29750,none,69.5,30.5
29752,none,69.5,30.5
29754,none,69.5,30.5
29756,none,69.5,30.5
29758,none,69.5,30.5
29760,none,69.5,30.5
29762,none,69.5,30.5
29764,none,69.5,30.5
29766,none,69.5,30.5
29768,none,69.5,30.5
29770,none,69.5,30.5
29772,A,69.5,30.5
29774,none,69.5,30.5
29776,none,69.5,30.5
29778,none,69.5,30.5
29780,none,69.5,30.5
29782,none,69.5,30.5
29784,none,69.5,30.5
29786,none,69.5,30.5
29788,none,69.5,30.5
29790,none,69.5,30.5
29792,none,69.5,30.5
29794,none,69.5,30.5
29796,none,69.5,30.5
29798,none,69.5,30.5
29800,none,69.5,30.5
29802,none,69.5,30.5
29804,none,69.5,30.5
29806,none,69.5,30.5
29808,none,69.5,30.5
29810,A,69.6,30.4
29812,A,69.6,30.4
29814,none,69.6,30.4
29816,none,69.6,30.4
29818,none,69.6,30.4
29820,none,69.6,30.4
29822,none,69.6,30.4
29824,none,69.6,30.4
29826,none,69.6,30.4
29828,none,69.6,30.4
29830,none,69.6,30.4
29832,none,69.6,30.4
29834,none,69.6,30.4
29836,none,69.6,30.4
29838,none,69.6,30.4
29840,none,69.6,30.4
29842,none,69.6,30.4
29844,none,69.6,30.4
29846,none,69.6,30.4
29848,none,69.6,30.4
29850,none,69.6,30.4
29852,A,69.6,30.4
29854,none,69.6,30.4
29856,none,69.6,30.4
29858,none,69.6,30.4
29860,none,69.6,30.4
29862,A,69.6,30.4
29864,none,69.6,30.4
29866,none,69.6,30.4
29868,none,69.6,30.4
29870,none,69.6,30.4
29872,none,69.6,30.4
29874,A,69.6,30.4
29876,A,69.6,30.4
29878,A,69.7,30.3
29880,A,69.7,30.3
29882,A,69.7,30.3
29884,A,69.7,30.3
29886,A,69.7,30.3
29888,none,69.7,30.3
29890,none,69.7,30.3
29892,A,69.7,30.3
29894,A,69.8,30.2
29896,A,69.8,30.2
29898,A,69.8,30.2
29900,A,69.8,30.2
29902,A,69.8,30.2
29904,A,69.8,30.2
29906,none,69.8,30.2
29908,none,69.8,30.2
29910,none,69.8,30.2
29912,none,69.8,30.2
29914,none,69.8,30.2
29916,none,69.8,30.2
29918,none,69.8,30.2
29920,A,69.9,30.1
29922,A,69.9,30.1
29924,none,69.9,30.1
29926,A,69.9,30.1
29928,A,69.9,30.1
29930,none,69.9,30.1
29932,none,69.9,30.1
29934,none,69.9,30.1
29936,none,69.9,30.1
29938,none,69.9,30.1
29940,none,69.9,30.1
29942,none,69.9,30.1
29944,none,69.9,30.1
29946,none,69.9,30.1
29948,none,69.9,30.1
29950,none,69.9,30.1
29952,none,69.9,30.1
29954,none,69.9,30.1
29956,none,69.9,30.1
29958,none,69.9,30.1
29960,none,69.9,30.1
29962,none,69.9,30.1
29964,none,69.9,30.1
29966,none,69.9,30.1
29968,none,69.9,30.1
29970,none,69.9,30.1
29972,none,69.9,30.1
29974,none,69.9,30.1
29976,none,69.9,30.1
29978,none,69.9,30.1
29980,none,69.9,30.1
29982,none,69.9,30.1
29984,none,69.9,30.1
29986,none,69.9,30.1
29988,none,69.9,30.1
29990,none,69.9,30.1
29992,none,69.9,30.1
29994,none,69.9,30.1
29996,none,69.9,30.1
29998,none,69.9,30.1
30000,none,69.9,30.1
30002,none,69.9,30.1
30004,none,69.9,30.1
30006,none,69.9,30.1
30008,none,69.9,30.1
30010,none,69.9,30.1
30012,none,69.9,30.1
30014,none,69.9,30.1
30016,none,69.9,30.1
30018,none,69.9,30.1
30020,none,69.9,30.1
30022,none,69.9,30.1
30024,none,69.9,30.1
30026,A,69.9,30.1
30028,B,69.9,30.1
30030,none,69.9,30.1
30032,B,69.9,30.1
30034,none,69.9,30.1
30036,none,69.9,30.1
30038,none,69.9,30.1
30040,B,69.8,30.2
30042,B,69.8,30.2
30044,B,69.7,30.3
30046,B,69.7,30.3
30048,none,69.7,30.3
30050,none,69.7,30.3
30052,none,69.7,30.3
30054,none,69.7,30.3
30056,none,69.7,30.3
30058,none,69.7,30.3
30060,none,69.7,30.3
30062,none,69.7,30.3
30064,A,69.7,30.3
30066,A,69.7,30.3
30068,A,69.7,30.3
30070,A,69.8,30.2
30072,A,69.8,30.2
30074,A,69.8,30.2
30076,A,69.8,30.2
30078,A,69.8,30.2
30080,A,69.9,30.1
30082,A,69.9,30.1
30084,A,69.9,30.1
30086,A,69.9,30.1
30088,A,69.9,30.1
30090,none,69.9,30.1
30092,none,69.9,30.1
30094,none,69.9,30.1
30096,none,69.9,30.1
30098,none,69.9,30.1
30100,none,69.9,30.1
30102,none,69.9,30.1
30104,none,69.9,30.1
30106,A,69.9,30.1
30108,A,70.0,30.0
30110,none,70.0,30.0
30112,none,70.0,30.0
30114,none,70.0,30.0
30116,none,70.0,30.0
30118,none,70.0,30.0
30120,none,70.0,30.0
30122,none,70.0,30.0
30124,none,70.0,30.0
30126,none,70.0,30.0
30128,none,70.0,30.0
30130,none,70.0,30.0
30132,none,70.0,30.0
30134,none,70.0,30.0
30136,none,70.0,30.0
30138,none,70.0,30.0
30140,none,70.0,30.0
30142,B,69.9,30.1
30144,B,69.9,30.1
30146,none,69.9,30.1
30148,none,69.9,30.1
30150,none,69.9,30.1
30152,none,69.9,30.1
30154,none,69.9,30.1
30156,none,69.9,30.1
30158,none,69.9,30.1
30160,none,69.9,30.1
30162,none,69.9,30.1
30164,none,69.9,30.1
30166,none,69.9,30.1
30168,none,69.9,30.1
30170,none,69.9,30.1
30172,none,69.9,30.1
30174,none,69.9,30.1
30176,none,69.9,30.1
30178,none,69.9,30.1
30180,none,69.9,30.1
30182,none,69.9,30.1
30184,none,69.9,30.1
30186,none,69.9,30.1
30188,none,69.9,30.1
30190,none,69.9,30.1
30192,none,69.9,30.1
30194,none,69.9,30.1
30196,none,69.9,30.1
30198,none,69.9,30.1
30200,none,69.9,30.1
30202,none,69.9,30.1
30204,none,69.9,30.1
30206,none,69.9,30.1
30208,none,69.9,30.1
30210,none,69.9,30.1
30212,none,69.9,30.1
30214,A,69.9,30.1
30216,A,69.9,30.1
30218,none,69.9,30.1
30220,A,69.9,30.1
30222,A,69.9,30.1
30224,A,70.0,30.0
30226,none,70.0,30.0
30228,none,70.0,30.0
30230,none,70.0,30.0
30232,none,70.0,30.0
30234,none,70.0,30.0
30236,none,70.0,30.0
30238,none,70.0,30.0
30240,none,70.0,30.0
30242,none,70.0,30.0
30244,none,70.0,30.0
30246,none,70.0,30.0
30248,A,70.0,30.0
30250,none,70.0,30.0
30252,none,70.0,30.0
30254,none,70.0,30.0
30256,none,70.0,30.0
30258,none,70.0,30.0
30260,none,70.0,30.0
30262,none,70.0,30.0
30264,none,70.0,30.0
30266,none,70.0,30.0
30268,none,70.0,30.0
30270,none,70.0,30.0
30272,none,70.0,30.0
30274,none,70.0,30.0
30276,none,70.0,30.0
30278,none,70.0,30.0
30280,none,70.0,30.0
30282,none,70.0,30.0
30284,none,70.0,30.0
30286,none,70.0,30.0
30288,none,70.0,30.0
30290,none,70.0,30.0
30292,none,70.0,30.0
30294,none,70.0,30.0
30296,none,70.0,30.0
30298,none,70.0,30.0
30300,none,70.0,30.0
30302,none,70.0,30.0
30304,none,70.0,30.0
30306,none,70.0,30.0
30308,none,70.0,30.0
30310,none,70.0,30.0
30312,none,70.0,30.0
30314,none,70.0,30.0
30316,none,70.0,30.0
30318,none,70.0,30.0
30320,none,70.0,30.0
30322,none,70.0,30.0
30324,none,70.0,30.0
30326,none,70.0,30.0
30328,none,70.0,30.0
30330,none,70.0,30.0
30332,none,70.0,30.0
30334,none,70.0,30.0
30336,none,70.0,30.0
30338,none,70.0,30.0
30340,none,70.0,30.0
30342,none,70.0,30.0
30344,none,70.0,30.0
30346,none,70.0,30.0
30348,none,70.0,30.0
30350,none,70.0,30.0
30352,none,70.0,30.0
30354,none,70.0,30.0
30356,none,70.0,30.0
30358,none,70.0,30.0
30360,none,70.0,30.0
30362,none,70.0,30.0
30364,none,70.0,30.0
30366,none,70.0,30.0
30368,none,70.0,30.0
30370,none,70.0,30.0
30372,none,70.0,30.0
30374,none,70.0,30.0
30376,none,70.0,30.0
30378,none,70.0,30.0
30380,none,70.0,30.0
30382,none,70.0,30.0
30384,none,70.0,30.0
30386,none,70.0,30.0
30388,none,70.0,30.0
30390,none,70.0,30.0
30392,none,70.0,30.0
30394,none,70.0,30.0
30396,none,70.0,30.0
30398,none,70.0,30.0
30400,none,70.0,30.0
30402,none,70.0,30.0
30404,none,70.0,30.0
30406,none,70.0,30.0
30408,none,70.0,30.0
30410,none,70.0,30.0
30412,none,70.0,30.0
30414,none,70.0,30.0
30416,none,70.0,30.0
30418,none,70.0,30.0
30420,none,70.0,30.0
30422,none,70.0,30.0
30424,none,70.0,30.0
30426,none,70.0,30.0
30428,none,70.0,30.0
30430,none,70.0,30.0
30432,none,70.0,30.0
30434,none,70.0,30.0
30436,none,70.0,30.0
30438,none,70.0,30.0
30440,none,70.0,30.0
30442,none,70.0,30.0
30444,none,70.0,30.0
30446,none,70.0,30.0
30448,none,70.0,30.0
30450,none,70.0,30.0
30452,none,70.0,30.0
30454,none,70.0,30.0
30456,none,70.0,30.0
30458,none,70.0,30.0
30460,none,70.0,30.0
30462,none,70.0,30.0
30464,none,70.0,30.0
30466,none,70.0,30.0
30468,none,70.0,30.0
30470,none,70.0,30.0
30472,none,70.0,30.0
30474,none,70.0,30.0
30476,none,70.0,30.0
30478,none,70.0,30.0
30480,none,70.0,30.0
30482,none,70.0,30.0
30484,none,70.0,30.0
30486,none,70.0,30.0
30488,none,70.0,30.0
30490,none,70.0,30.0
30492,none,70.0,30.0
30494,B,69.9,30.1
30496,B,69.9,30.1
30498,A,69.9,30.1
30500,none,69.9,30.1
30502,none,69.9,30.1
30504,none,69.9,30.1
30506,none,69.9,30.1
30508,B,69.9,30.1
30510,B,69.8,30.2
30512,B,69.8,30.2
30514,none,69.8,30.2
30516,none,69.8,30.2
30518,none,69.8,30.2
30520,none,69.8,30.2
30522,none,69.8,30.2
30524,none,69.8,30.2
30526,none,69.8,30.2
30528,none,69.8,30.2
30530,none,69.8,30.2
30532,none,69.8,30.2
30534,none,69.8,30.2
30536,none,69.8,30.2
30538,none,69.8,30.2
30540,none,69.8,30.2
30542,none,69.8,30.2
30544,none,69.8,30.2
30546,none,69.8,30.2
30548,none,69.8,30.2
30550,none,69.8,30.2
30552,none,69.8,30.2
30554,none,69.8,30.2
30556,none,69.8,30.2
30558,none,69.8,30.2
30560,none,69.8,30.2
30562,none,69.8,30.2
30564,none,69.8,30.2
30566,none,69.8,30.2
30568,none,69.8,30.2
30570,none,69.8,30.2
30572,none,69.8,30.2
30574,none,69.8,30.2
30576,none,69.8,30.2
30578,none,69.8,30.2
30580,none,69.8,30.2
30582,none,69.8,30.2
30584,none,69.8,30.2
30586,none,69.8,30.2
30588,none,69.8,30.2
30590,none,69.8,30.2
30592,none,69.8,30.2
30594,none,69.8,30.2
30596,none,69.8,30.2
30598,none,69.8,30.2
30600,none,69.8,30.2
30602,none,69.8,30.2
30604,none,69.8,30.2
30606,none,69.8,30.2
30608,none,69.8,30.2
30610,none,69.8,30.2
30612,none,69.8,30.2
30614,none,69.8,30.2
30616,none,69.8,30.2
30618,none,69.8,30.2
30620,none,69.8,30.2
30622,none,69.8,30.2
30624,none,69.8,30.2
30626,none,69.8,30.2
30628,none,69.8,30.2
30630,none,69.8,30.2
30632,none,69.8,30.2
30634,none,69.8,30.2
30636,none,69.8,30.2
30638,none,69.8,30.2
30640,none,69.8,30.2
30642,none,69.8,30.2
30644,none,69.8,30.2
30646,none,69.8,30.2
30648,none,69.8,30.2
30650,none,69.8,30.2
30652,none,69.8,30.2
30654,none,69.8,30.2
30656,none,69.8,30.2
30658,none,69.8,30.2
30660,none,69.8,30.2
30662,none,69.8,30.2
30664,none,69.8,30.2
30666,none,69.8,30.2
30668,none,69.8,30.2
30670,none,69.8,30.2
30672,none,69.8,30.2
30674,none,69.8,30.2
30676,none,69.8,30.2
30678,none,69.8,30.2
30680,none,69.8,30.2
30682,none,69.8,30.2
30684,none,69.8,30.2
30686,none,69.8,30.2
30688,none,69.8,30.2
30690,none,69.8,30.2
30692,none,69.8,30.2
30694,none,69.8,30.2
30696,none,69.8,30.2
30698,none,69.8,30.2
30700,none,69.8,30.2
30702,none,69.8,30.2
30704,none,69.8,30.2
30706,none,69.8,30.2
30708,none,69.8,30.2
30710,none,69.8,30.2
30712,none,69.8,30.2
30714,none,69.8,30.2
30716,none,69.8,30.2
30718,none,69.8,30.2
30720,none,69.8,30.2
30722,none,69.8,30.2
30724,none,69.8,30.2
30726,none,69.8,30.2
30728,none,69.8,30.2
30730,none,69.8,30.2
30732,none,69.8,30.2
30734,none,69.8,30.2
30736,none,69.8,30.2
30738,none,69.8,30.2
30740,none,69.8,30.2
30742,none,69.8,30.2
30744,none,69.8,30.2
30746,none,69.8,30.2
30748,none,69.8,30.2
30750,none,69.8,30.2
30752,none,69.8,30.2
30754,none,69.8,30.2
30756,none,69.8,30.2
30758,none,69.8,30.2
30760,none,69.8,30.2
30762,none,69.8,30.2
30764,none,69.8,30.2
30766,none,69.8,30.2
30768,none,69.8,30.2
30770,none,69.8,30.2
30772,none,69.8,30.2
30774,none,69.8,30.2
30776,none,69.8,30.2
30778,none,69.8,30.2
30780,none,69.8,30.2
30782,none,69.8,30.2
30784,none,69.8,30.2
30786,none,69.8,30.2
30788,none,69.8,30.2
30790,none,69.8,30.2
30792,none,69.8,30.2
30794,none,69.8,30.2
30796,none,69.8,30.2
30798,none,69.8,30.2
30800,none,69.8,30.2
30802,none,69.8,30.2
30804,none,69.8,30.2
30806,none,69.8,30.2
30808,none,69.8,30.2
30810,none,69.8,30.2
30812,none,69.8,30.2
30814,A,69.8,30.2
30816,none,69.8,30.2
30818,none,69.8,30.2
30820,none,69.8,30.2
30822,none,69.8,30.2
30824,A,69.8,30.2
30826,none,69.8,30.2
30828,none,69.8,30.2
30830,none,69.8,30.2
30832,none,69.8,30.2
30834,A,69.8,30.2
30836,none,69.8,30.2
30838,none,69.8,30.2
30840,none,69.8,30.2
30842,none,69.8,30.2
30844,none,69.8,30.2
30846,none,69.8,30.2
30848,none,69.8,30.2
30850,none,69.8,30.2
30852,none,69.8,30.2
30854,none,69.8,30.2
30856,none,69.8,30.2
30858,none,69.8,30.2
30860,none,69.8,30.2
30862,none,69.8,30.2
30864,none,69.8,30.2
30866,none,69.8,30.2
30868,none,69.8,30.2
30870,none,69.8,30.2
30872,none,69.8,30.2
30874,none,69.8,30.2
30876,none,69.8,30.2
30878,none,69.8,30.2
30880,none,69.8,30.2
30882,none,69.8,30.2
30884,none,69.8,30.2
30886,none,69.8,30.2
30888,none,69.8,30.2
30890,none,69.8,30.2
30892,none,69.8,30.2
30894,none,69.8,30.2
30896,none,69.8,30.2
30898,A,69.9,30.1
30900,none,69.9,30.1
30902,A,69.9,30.1
30904,none,69.9,30.1
30906,A,69.9,30.1
30908,A,69.9,30.1
30910,none,69.9,30.1
30912,none,69.9,30.1
30914,none,69.9,30.1
30916,none,69.9,30.1
30918,none,69.9,30.1
30920,none,69.9,30.1
30922,none,69.9,30.1
30924,none,69.9,30.1
30926,none,69.9,30.1
30928,none,69.9,30.1
30930,none,69.9,30.1
30932,none,69.9,30.1
30934,none,69.9,30.1
30936,none,69.9,30.1
30938,none,69.9,30.1
30940,none,69.9,30.1
30942,none,69.9,30.1
30944,none,69.9,30.1
30946,none,69.9,30.1
30948,none,69.9,30.1
30950,none,69.9,30.1
30952,none,69.9,30.1
30954,none,69.9,30.1
30956,none,69.9,30.1
30958,none,69.9,30.1
30960,none,69.9,30.1
30962,none,69.9,30.1
30964,none,69.9,30.1
30966,none,69.9,30.1
30968,none,69.9,30.1
30970,none,69.9,30.1
30972,none,69.9,30.1
30974,none,69.9,30.1
30976,none,69.9,30.1
30978,none,69.9,30.1
30980,none,69.9,30.1
30982,none,69.9,30.1
30984,none,69.9,30.1
30986,none,69.9,30.1
30988,none,69.9,30.1
30990,none,69.9,30.1
30992,none,69.9,30.1
30994,none,69.9,30.1
30996,none,69.9,30.1
30998,none,69.9,30.1
31000,none,69.9,30.1
31002,none,69.9,30.1
31004,none,69.9,30.1
31006,none,69.9,30.1
31008,none,69.9,30.1
31010,A,69.9,30.1
31012,A,69.9,30.1
31014,A,70.0,30.0
31016,A,70.0,30.0
31018,A,70.0,30.0
31020,none,70.0,30.0
31022,none,70.0,30.0
31024,none,70.0,30.0
31026,none,70.0,30.0
31028,none,70.0,30.0
31030,none,70.0,30.0
31032,none,70.0,30.0
31034,none,70.0,30.0
31036,none,70.0,30.0
31038,none,70.0,30.0
31040,none,70.0,30.0
31042,A,70.0,30.0
31044,A,70.0,30.0
31046,A,70.0,30.0
31048,A,70.1,29.9
31050,A,70.1,29.9
31052,A,70.1,29.9
31054,A,70.1,29.9
31056,none,70.1,29.9
31058,none,70.1,29.9
31060,none,70.1,29.9
31062,none,70.1,29.9
31064,none,70.1,29.9
31066,none,70.1,29.9
31068,none,70.1,29.9
31070,none,70.1,29.9
31072,none,70.1,29.9
31074,none,70.1,29.9
31076,none,70.1,29.9
31078,none,70.1,29.9
31080,none,70.1,29.9
31082,none,70.1,29.9
31084,none,70.1,29.9
31086,none,70.1,29.9
31088,none,70.1,29.9
31090,none,70.1,29.9
31092,none,70.1,29.9
31094,none,70.1,29.9
31096,none,70.1,29.9
31098,none,70.1,29.9
31100,none,70.1,29.9
31102,none,70.1,29.9
31104,none,70.1,29.9
31106,none,70.1,29.9
31108,none,70.1,29.9
31110,none,70.1,29.9
31112,none,70.1,29.9
31114,none,70.1,29.9
31116,none,70.1,29.9
31118,none,70.1,29.9
31120,none,70.1,29.9
31122,none,70.1,29.9
31124,none,70.1,29.9
31126,none,70.1,29.9
31128,none,70.1,29.9
31130,none,70.1,29.9
31132,none,70.1,29.9
31134,none,70.1,29.9
31136,none,70.1,29.9
31138,none,70.1,29.9
31140,none,70.1,29.9
31142,none,70.1,29.9
31144,none,70.1,29.9
31146,none,70.1,29.9
31148,none,70.1,29.9
31150,none,70.1,29.9
31152,none,70.1,29.9
31154,none,70.1,29.9
31156,none,70.1,29.9
31158,none,70.1,29.9
31160,B,70.1,29.9
31162,none,70.1,29.9
31164,none,70.1,29.9
31166,none,70.1,29.9
31168,none,70.1,29.9
31170,none,70.1,29.9
31172,none,70.1,29.9
31174,none,70.1,29.9
31176,A,70.1,29.9
31178,none,70.1,29.9
31180,A,70.1,29.9
31182,none,70.1,29.9
31184,none,70.1,29.9
31186,A,70.1,29.9
31188,none,70.1,29.9
31190,none,70.1,29.9
31192,none,70.1,29.9
31194,A,70.1,29.9
31196,none,70.1,29.9
31198,none,70.1,29.9
31200,none,70.1,29.9
31202,A,70.2,29.8
31204,A,70.2,29.8
31206,none,70.2,29.8
31208,none,70.2,29.8
31210,none,70.2,29.8
31212,none,70.2,29.8
31214,none,70.2,29.8
31216,none,70.2,29.8
31218,A,70.2,29.8
31220,A,70.2,29.8
31222,A,70.2,29.8
31224,A,70.2,29.8
31226,B,70.2,29.8
31228,B,70.2,29.8
31230,A,70.2,29.8
31232,A,70.2,29.8
31234,B,70.2,29.8
31236,A,70.2,29.8
31238,A,70.2,29.8
31240,A,70.2,29.8
31242,A,70.2,29.8
31244,A,70.2,29.8
31246,A,70.2,29.8
31248,A,70.3,29.7
31250,A,70.3,29.7
31252,A,70.3,29.7
31254,A,70.3,29.7
31256,A,70.3,29.7
31258,A,70.3,29.7
31260,A,70.4,29.6
31262,A,70.4,29.6
31264,A,70.4,29.6
31266,A,70.4,29.6
31268,A,70.4,29.6
31270,none,70.4,29.6
31272,none,70.4,29.6
31274,none,70.4,29.6
31276,none,70.4,29.6
31278,none,70.4,29.6
31280,none,70.4,29.6
31282,none,70.4,29.6
31284,none,70.4,29.6
31286,none,70.4,29.6
31288,none,70.4,29.6
31290,none,70.4,29.6
31292,none,70.4,29.6
31294,none,70.4,29.6
31296,none,70.4,29.6
31298,none,70.4,29.6
31300,none,70.4,29.6
31302,A,70.4,29.6
31304,none,70.4,29.6
31306,A,70.5,29.5
31308,A,70.5,29.5
31310,none,70.5,29.5
31312,none,70.5,29.5
31314,none,70.5,29.5
31316,none,70.5,29.5
31318,none,70.5,29.5
31320,none,70.5,29.5
31322,none,70.5,29.5
31324,none,70.5,29.5
31326,none,70.5,29.5
31328,B,70.4,29.6
31330,none,70.4,29.6
31332,none,70.4,29.6
31334,none,70.4,29.6
31336,B,70.4,29.6
31338,none,70.4,29.6
31340,none,70.4,29.6
31342,B,70.4,29.6
31344,none,70.4,29.6
31346,B,70.3,29.7
31348,B,70.3,29.7
31350,none,70.3,29.7
31352,none,70.3,29.7
31354,none,70.3,29.7
31356,A,70.3,29.7
31358,B,70.3,29.7
31360,none,70.3,29.7
31362,A,70.3,29.7
31364,none,70.3,29.7
31366,A,70.3,29.7
31368,B,70.3,29.7
31370,B,70.2,29.8
31372,none,70.2,29.8
31374,none,70.2,29.8
31376,A,70.2,29.8
31378,none,70.2,29.8
31380,B,70.2,29.8
31382,A,70.2,29.8
31384,A,70.2,29.8
31386,A,70.2,29.8
31388,B,70.2,29.8
31390,B,70.2,29.8
31392,B,70.1,29.9
31394,B,70.1,29.9
31396,none,70.1,29.9
31398,none,70.1,29.9
31400,none,70.1,29.9
31402,none,70.1,29.9
31404,none,70.1,29.9
31406,none,70.1,29.9
31408,B,70.1,29.9
31410,A,70.1,29.9
31412,A,70.1,29.9
31414,B,70.1,29.9
31416,B,70.0,30.0
31418,B,70.0,30.0
31420,B,69.9,30.1
31422,B,69.9,30.1
31424,none,69.9,30.1
31426,none,69.9,30.1
31428,none,69.9,30.1
31430,none,69.9,30.1
31432,none,69.9,30.1
31434,none,69.9,30.1
31436,none,69.9,30.1
31438,none,69.9,30.1
31440,none,69.9,30.1
31442,none,69.9,30.1
31444,none,69.9,30.1
31446,A,69.9,30.1
31448,A,69.9,30.1
31450,none,69.9,30.1
31452,none,69.9,30.1
31454,none,69.9,30.1
31456,none,69.9,30.1
31458,A,70.0,30.0
31460,none,70.0,30.0
31462,none,70.0,30.0
31464,B,69.9,30.1
31466,none,69.9,30.1
31468,none,69.9,30.1
31470,none,69.9,30.1
31472,none,69.9,30.1
31474,none,69.9,30.1
31476,none,69.9,30.1
31478,none,69.9,30.1
31480,none,69.9,30.1
31482,none,69.9,30.1
31484,none,69.9,30.1
31486,none,69.9,30.1
31488,none,69.9,30.1
31490,none,69.9,30.1
31492,none,69.9,30.1
31494,none,69.9,30.1
31496,none,69.9,30.1
31498,none,69.9,30.1
31500,none,69.9,30.1
31502,none,69.9,30.1
31504,none,69.9,30.1
31506,none,69.9,30.1
31508,none,69.9,30.1
31510,none,69.9,30.1
31512,none,69.9,30.1
31514,none,69.9,30.1
31516,none,69.9,30.1
31518,none,69.9,30.1
31520,none,69.9,30.1
31522,none,69.9,30.1
31524,none,69.9,30.1
31526,none,69.9,30.1
31528,none,69.9,30.1
31530,none,69.9,30.1
31532,none,69.9,30.1
31534,none,69.9,30.1
31536,none,69.9,30.1
31538,none,69.9,30.1
31540,none,69.9,30.1
31542,none,69.9,30.1
31544,none,69.9,30.1
31546,none,69.9,30.1
31548,none,69.9,30.1
31550,none,69.9,30.1
31552,none,69.9,30.1
31554,none,69.9,30.1
31556,none,69.9,30.1
31558,none,69.9,30.1
31560,none,69.9,30.1
31562,none,69.9,30.1
31564,none,69.9,30.1
31566,none,69.9,30.1
31568,none,69.9,30.1
31570,none,69.9,30.1
31572,none,69.9,30.1
31574,none,69.9,30.1
31576,none,69.9,30.1
31578,none,69.9,30.1
31580,none,69.9,30.1
31582,none,69.9,30.1
31584,none,69.9,30.1
31586,none,69.9,30.1
31588,none,69.9,30.1
31590,none,69.9,30.1
31592,none,69.9,30.1
31594,none,69.9,30.1
31596,none,69.9,30.1
31598,none,69.9,30.1
31600,none,69.9,30.1
31602,none,69.9,30.1
31604,none,69.9,30.1
31606,none,69.9,30.1
31608,none,69.9,30.1
31610,none,69.9,30.1
31612,none,69.9,30.1
31614,none,69.9,30.1
31616,none,69.9,30.1
31618,none,69.9,30.1
31620,none,69.9,30.1
31622,B,69.9,30.1
31624,none,69.9,30.1
31626,none,69.9,30.1
31628,none,69.9,30.1
31630,none,69.9,30.1
31632,none,69.9,30.1
31634,none,69.9,30.1
31636,none,69.9,30.1
31638,none,69.9,30.1
31640,none,69.9,30.1
31642,none,69.9,30.1
31644,none,69.9,30.1
31646,none,69.9,30.1
31648,none,69.9,30.1
31650,none,69.9,30.1
31652,none,69.9,30.1
31654,none,69.9,30.1
31656,none,69.9,30.1
31658,A,69.9,30.1
31660,B,69.9,30.1
31662,none,69.9,30.1
31664,none,69.9,30.1
31666,none,69.9,30.1
31668,none,69.9,30.1
31670,none,69.9,30.1
31672,none,69.9,30.1
31674,none,69.9,30.1
31676,none,69.9,30.1
31678,none,69.9,30.1
31680,none,69.9,30.1
31682,none,69.9,30.1
31684,none,69.9,30.1
31686,none,69.9,30.1
31688,none,69.9,30.1
31690,none,69.9,30.1
31692,none,69.9,30.1
31694,none,69.9,30.1
31696,none,69.9,30.1
31698,none,69.9,30.1
31700,none,69.9,30.1
31702,none,69.9,30.1
31704,none,69.9,30.1
31706,none,69.9,30.1
31708,none,69.9,30.1
31710,none,69.9,30.1
31712,none,69.9,30.1
31714,none,69.9,30.1
31716,none,69.9,30.1
31718,none,69.9,30.1
31720,none,69.9,30.1
31722,none,69.9,30.1
31724,none,69.9,30.1
31726,none,69.9,30.1
31728,none,69.9,30.1
31730,none,69.9,30.1
31732,none,69.9,30.1
31734,none,69.9,30.1
31736,none,69.9,30.1
31738,none,69.9,30.1
31740,none,69.9,30.1
31742,none,69.9,30.1
31744,none,69.9,30.1
31746,none,69.9,30.1
31748,none,69.9,30.1
31750,none,69.9,30.1
31752,none,69.9,30.1
31754,none,69.9,30.1
31756,none,69.9,30.1
31758,none,69.9,30.1
31760,none,69.9,30.1
31762,none,69.9,30.1
31764,A,69.9,30.1
31766,none,69.9,30.1
31768,none,69.9,30.1
31770,none,69.9,30.1
31772,none,69.9,30.1
31774,none,69.9,30.1
31776,none,69.9,30.1
31778,none,69.9,30.1
31780,none,69.9,30.1
31782,A,69.9,30.1
31784,none,69.9,30.1
31786,A,69.9,30.1
31788,A,69.9,30.1
31790,none,69.9,30.1
31792,none,69.9,30.1
31794,none,69.9,30.1
31796,none,69.9,30.1
31798,none,69.9,30.1
31800,none,69.9,30.1
31802,none,69.9,30.1
31804,none,69.9,30.1
31806,none,69.9,30.1
31808,none,69.9,30.1
31810,none,69.9,30.1
31812,none,69.9,30.1
31814,none,69.9,30.1
31816,none,69.9,30.1
31818,none,69.9,30.1
31820,none,69.9,30.1
31822,none,69.9,30.1
31824,none,69.9,30.1
31826,none,69.9,30.1
31828,none,69.9,30.1
31830,none,69.9,30.1
31832,none,69.9,30.1
31834,none,69.9,30.1
31836,none,69.9,30.1
31838,none,69.9,30.1
31840,none,69.9,30.1
31842,none,69.9,30.1
31844,none,69.9,30.1
31846,none,69.9,30.1
31848,none,69.9,30.1
31850,none,69.9,30.1
31852,none,69.9,30.1
31854,none,69.9,30.1
31856,none,69.9,30.1
31858,none,69.9,30.1
31860,none,69.9,30.1
31862,none,69.9,30.1
31864,none,69.9,30.1
31866,none,69.9,30.1
31868,none,69.9,30.1
31870,none,69.9,30.1
31872,none,69.9,30.1
31874,none,69.9,30.1
31876,none,69.9,30.1
31878,none,69.9,30.1
31880,none,69.9,30.1
31882,none,69.9,30.1
31884,none,69.9,30.1
31886,none,69.9,30.1
31888,none,69.9,30.1
31890,none,69.9,30.1
31892,none,69.9,30.1
31894,none,69.9,30.1
31896,none,69.9,30.1
31898,none,69.9,30.1
31900,none,69.9,30.1
31902,none,69.9,30.1
31904,none,69.9,30.1
31906,none,69.9,30.1
31908,none,69.9,30.1
31910,B,69.9,30.1
31912,none,69.9,30.1
31914,none,69.9,30.1
31916,none,69.9,30.1
31918,none,69.9,30.1
31920,B,69.8,30.2
31922,B,69.8,30.2
31924,B,69.8,30.2
31926,B,69.7,30.3
31928,B,69.7,30.3
31930,B,69.7,30.3
31932,B,69.6,30.4
31934,B,69.6,30.4
31936,B,69.6,30.4
31938,B,69.5,30.5
31940,B,69.5,30.5
31942,B,69.5,30.5
31944,B,69.4,30.6
31946,B,69.4,30.6
31948,none,69.4,30.6
31950,none,69.4,30.6
31952,none,69.4,30.6
31954,none,69.4,30.6
31956,none,69.4,30.6
31958,none,69.4,30.6
31960,none,69.4,30.6
31962,none,69.4,30.6
31964,none,69.4,30.6
31966,none,69.4,30.6
31968,none,69.4,30.6
31970,none,69.4,30.6
31972,none,69.4,30.6
31974,none,69.4,30.6
31976,none,69.4,30.6
31978,none,69.4,30.6
31980,none,69.4,30.6
31982,none,69.4,30.6
31984,none,69.4,30.6
31986,none,69.4,30.6
31988,none,69.4,30.6
31990,none,69.4,30.6
31992,none,69.4,30.6
31994,B,69.3,30.7
31996,B,69.3,30.7
31998,B,69.3,30.7
32000,A,69.3,30.7
32002,B,69.3,30.7
32004,B,69.2,30.8
32006,B,69.2,30.8
32008,B,69.1,30.9
32010,B,69.1,30.9
32012,B,69.1,30.9
32014,none,69.1,30.9
32016,none,69.1,30.9
32018,none,69.1,30.9
32020,A,69.1,30.9
32022,A,69.1,30.9
32024,A,69.1,30.9
32026,none,69.1,30.9
32028,none,69.1,30.9
32030,none,69.1,30.9
32032,none,69.1,30.9
32034,none,69.1,30.9
32036,none,69.1,30.9
32038,none,69.1,30.9
32040,B,69.1,30.9
32042,none,69.1,30.9
32044,B,69.0,31.0
32046,none,69.0,31.0
32048,none,69.0,31.0
32050,none,69.0,31.0
32052,none,69.0,31.0
32054,none,69.0,31.0
32056,none,69.0,31.0
32058,none,69.0,31.0
32060,none,69.0,31.0
32062,B,69.0,31.0
32064,B,69.0,31.0
32066,B,68.9,31.1
32068,B,68.9,31.1
32070,B,68.9,31.1
32072,B,68.8,31.2
32074,B,68.8,31.2
32076,A,68.8,31.2
32078,none,68.8,31.2
32080,none,68.8,31.2
32082,none,68.8,31.2
32084,none,68.8,31.2
32086,B,68.8,31.2
32088,B,68.7,31.3
32090,B,68.7,31.3
32092,B,68.7,31.3
32094,A,68.7,31.3
32096,A,68.7,31.3
32098,none,68.7,31.3
32100,none,68.7,31.3
32102,none,68.7,31.3
32104,none,68.7,31.3
32106,none,68.7,31.3
32108,none,68.7,31.3
32110,none,68.7,31.3
32112,none,68.7,31.3
32114,none,68.7,31.3
32116,none,68.7,31.3
32118,none,68.7,31.3
32120,none,68.7,31.3
32122,none,68.7,31.3
32124,none,68.7,31.3
32126,none,68.7,31.3
32128,none,68.7,31.3
32130,none,68.7,31.3
32132,none,68.7,31.3
32134,none,68.7,31.3
32136,none,68.7,31.3
32138,none,68.7,31.3
32140,none,68.7,31.3
32142,none,68.7,31.3
32144,none,68.7,31.3
32146,none,68.7,31.3
32148,none,68.7,31.3
32150,none,68.7,31.3
32152,none,68.7,31.3
32154,none,68.7,31.3
32156,none,68.7,31.3
32158,none,68.7,31.3
32160,A,68.7,31.3
32162,none,68.7,31.3
32164,none,68.7,31.3
32166,none,68.7,31.3
32168,none,68.7,31.3
32170,none,68.7,31.3
32172,none,68.7,31.3
32174,none,68.7,31.3
32176,none,68.7,31.3
32178,none,68.7,31.3
32180,none,68.7,31.3
32182,none,68.7,31.3
32184,none,68.7,31.3
32186,none,68.7,31.3
32188,none,68.7,31.3
32190,none,68.7,31.3
32192,none,68.7,31.3
32194,none,68.7,31.3
32196,none,68.7,31.3
32198,none,68.7,31.3
32200,none,68.7,31.3
32202,none,68.7,31.3
32204,none,68.7,31.3
32206,none,68.7,31.3
32208,none,68.7,31.3
32210,none,68.7,31.3
32212,none,68.7,31.3
32214,none,68.7,31.3
32216,B,68.7,31.3
32218,B,68.7,31.3
32220,B,68.6,31.4
32222,none,68.6,31.4
32224,none,68.6,31.4
32226,none,68.6,31.4
32228,none,68.6,31.4
32230,none,68.6,31.4
32232,none,68.6,31.4
32234,none,68.6,31.4
32236,none,68.6,31.4
32238,none,68.6,31.4
32240,none,68.6,31.4
32242,none,68.6,31.4
32244,none,68.6,31.4
32246,none,68.6,31.4
32248,none,68.6,31.4
32250,none,68.6,31.4
32252,none,68.6,31.4
32254,none,68.6,31.4
32256,none,68.6,31.4
32258,none,68.6,31.4
32260,none,68.6,31.4
32262,B,68.6,31.4
32264,B,68.5,31.5
32266,B,68.5,31.5
32268,none,68.5,31.5
32270,B,68.5,31.5
32272,B,68.4,31.6
32274,B,68.4,31.6
32276,B,68.4,31.6
32278,B,68.3,31.7
32280,B,68.3,31.7
32282,B,68.3,31.7
32284,none,68.3,31.7
32286,B,68.2,31.8
32288,B,68.2,31.8
32290,B,68.2,31.8
32292,B,68.1,31.9
32294,B,68.1,31.9
32296,B,68.1,31.9
32298,B,68.0,32.0
32300,B,68.0,32.0
32302,B,68.0,32.0
32304,none,68.0,32.0
32306,none,68.0,32.0
32308,none,68.0,32.0
32310,none,68.0,32.0
32312,none,68.0,32.0
32314,none,68.0,32.0
32316,none,68.0,32.0
32318,none,68.0,32.0
32320,none,68.0,32.0
32322,none,68.0,32.0
32324,none,68.0,32.0
32326,none,68.0,32.0
32328,none,68.0,32.0
32330,none,68.0,32.0
32332,none,68.0,32.0
32334,none,68.0,32.0
32336,none,68.0,32.0
32338,none,68.0,32.0
32340,none,68.0,32.0
32342,none,68.0,32.0
32344,none,68.0,32.0
32346,none,68.0,32.0
32348,none,68.0,32.0
32350,none,68.0,32.0
32352,none,68.0,32.0
32354,none,68.0,32.0
32356,none,68.0,32.0
32358,none,68.0,32.0
32360,none,68.0,32.0
32362,none,68.0,32.0
32364,none,68.0,32.0
32366,none,68.0,32.0
32368,none,68.0,32.0
32370,none,68.0,32.0
32372,none,68.0,32.0
32374,none,68.0,32.0
32376,none,68.0,32.0
32378,none,68.0,32.0
32380,none,68.0,32.0
32382,none,68.0,32.0
32384,none,68.0,32.0
32386,none,68.0,32.0
32388,none,68.0,32.0
32390,none,68.0,32.0
32392,none,68.0,32.0
32394,none,68.0,32.0
32396,none,68.0,32.0
32398,none,68.0,32.0
32400,B,67.9,32.1
32402,none,67.9,32.1
32404,none,67.9,32.1
32406,none,67.9,32.1
32408,none,67.9,32.1
32410,none,67.9,32.1
32412,none,67.9,32.1
32414,A,67.9,32.1
32416,none,67.9,32.1
32418,none,67.9,32.1
32420,none,67.9,32.1
32422,none,67.9,32.1
32424,none,67.9,32.1
32426,none,67.9,32.1
32428,none,67.9,32.1
32430,none,67.9,32.1
32432,none,67.9,32.1
32434,none,67.9,32.1
32436,none,67.9,32.1
32438,none,67.9,32.1
32440,none,67.9,32.1
32442,none,67.9,32.1
32444,none,67.9,32.1
32446,none,67.9,32.1
32448,none,67.9,32.1
32450,none,67.9,32.1
32452,none,67.9,32.1
32454,none,67.9,32.1
32456,none,67.9,32.1
32458,none,67.9,32.1
32460,none,67.9,32.1
32462,none,67.9,32.1
32464,none,67.9,32.1
32466,none,67.9,32.1
32468,none,67.9,32.1
32470,none,67.9,32.1
32472,none,67.9,32.1
32474,none,67.9,32.1
32476,none,67.9,32.1
32478,A,68.0,32.0
32480,none,68.0,32.0
32482,none,68.0,32.0
32484,none,68.0,32.0
32486,none,68.0,32.0
32488,none,68.0,32.0
32490,none,68.0,32.0
32492,none,68.0,32.0
32494,none,68.0,32.0
32496,none,68.0,32.0
32498,none,68.0,32.0
32500,none,68.0,32.0
32502,none,68.0,32.0
32504,none,68.0,32.0
32506,none,68.0,32.0
32508,A,68.0,32.0
32510,A,68.0,32.0
32512,A,68.0,32.0
32514,A,68.0,32.0
32516,A,68.0,32.0
32518,A,68.1,31.9
32520,A,68.1,31.9
32522,A,68.1,31.9
32524,A,68.1,31.9
32526,A,68.1,31.9
32528,A,68.1,31.9
32530,A,68.2,31.8
32532,A,68.2,31.8
32534,A,68.2,31.8
32536,A,68.2,31.8
32538,none,68.2,31.8
32540,none,68.2,31.8
32542,none,68.2,31.8
32544,none,68.2,31.8
32546,none,68.2,31.8
32548,none,68.2,31.8
32550,A,68.2,31.8
32552,none,68.2,31.8
32554,none,68.2,31.8
32556,none,68.2,31.8
32558,none,68.2,31.8
32560,none,68.2,31.8
32562,none,68.2,31.8
32564,none,68.2,31.8
32566,none,68.2,31.8
32568,none,68.2,31.8
32570,none,68.2,31.8
32572,none,68.2,31.8
32574,none,68.2,31.8
32576,none,68.2,31.8
32578,none,68.2,31.8
32580,none,68.2,31.8
32582,none,68.2,31.8
32584,none,68.2,31.8
32586,none,68.2,31.8
32588,none,68.2,31.8
32590,none,68.2,31.8
32592,none,68.2,31.8
32594,none,68.2,31.8
32596,none,68.2,31.8
32598,none,68.2,31.8
32600,none,68.2,31.8
32602,none,68.2,31.8
32604,none,68.2,31.8
32606,none,68.2,31.8
32608,none,68.2,31.8
32610,A,68.2,31.8
32612,A,68.2,31.8
32614,A,68.3,31.7
32616,none,68.3,31.7
32618,B,68.2,31.8
32620,none,68.2,31.8
32622,none,68.2,31.8
32624,none,68.2,31.8
32626,none,68.2,31.8
32628,none,68.2,31.8
32630,none,68.2,31.8
32632,none,68.2,31.8
32634,none,68.2,31.8
32636,none,68.2,31.8
32638,none,68.2,31.8
32640,none,68.2,31.8
32642,none,68.2,31.8
32644,none,68.2,31.8
32646,none,68.2,31.8
32648,none,68.2,31.8
32650,none,68.2,31.8
32652,none,68.2,31.8
32654,none,68.2,31.8
32656,none,68.2,31.8
32658,none,68.2,31.8
32660,none,68.2,31.8
32662,none,68.2,31.8
32664,none,68.2,31.8
32666,none,68.2,31.8
32668,none,68.2,31.8
32670,none,68.2,31.8
32672,none,68.2,31.8
32674,none,68.2,31.8
32676,none,68.2,31.8
32678,none,68.2,31.8
32680,none,68.2,31.8
32682,none,68.2,31.8
32684,none,68.2,31.8
32686,none,68.2,31.8
32688,none,68.2,31.8
32690,A,68.2,31.8
32692,none,68.2,31.8
32694,none,68.2,31.8
32696,none,68.2,31.8
32698,A,68.3,31.7
32700,B,68.2,31.8
32702,A,68.2,31.8
32704,B,68.2,31.8
32706,A,68.2,31.8
32708,A,68.2,31.8
32710,A,68.3,31.7
32712,none,68.3,31.7
32714,none,68.3,31.7
32716,none,68.3,31.7
32718,none,68.3,31.7
32720,none,68.3,31.7
32722,none,68.3,31.7
32724,none,68.3,31.7
32726,none,68.3,31.7
32728,none,68.3,31.7
32730,none,68.3,31.7
32732,none,68.3,31.7
32734,none,68.3,31.7
32736,none,68.3,31.7
32738,none,68.3,31.7
32740,A,68.3,31.7
32742,none,68.3,31.7
32744,none,68.3,31.7
32746,none,68.3,31.7
32748,none,68.3,31.7
32750,none,68.3,31.7
32752,none,68.3,31.7
32754,none,68.3,31.7
32756,none,68.3,31.7
32758,none,68.3,31.7
32760,none,68.3,31.7
32762,none,68.3,31.7
32764,none,68.3,31.7
32766,none,68.3,31.7
32768,none,68.3,31.7
32770,none,68.3,31.7
32772,none,68.3,31.7
32774,none,68.3,31.7
32776,none,68.3,31.7
32778,none,68.3,31.7
32780,none,68.3,31.7
32782,none,68.3,31.7
32784,none,68.3,31.7
32786,none,68.3,31.7
32788,none,68.3,31.7
32790,none,68.3,31.7
32792,none,68.3,31.7
32794,none,68.3,31.7
32796,none,68.3,31.7
32798,none,68.3,31.7
32800,none,68.3,31.7
32802,A,68.3,31.7
32804,none,68.3,31.7
32806,none,68.3,31.7
32808,none,68.3,31.7
32810,none,68.3,31.7
32812,none,68.3,31.7
32814,none,68.3,31.7
32816,none,68.3,31.7
32818,none,68.3,31.7
32820,none,68.3,31.7
32822,none,68.3,31.7
32824,none,68.3,31.7
32826,none,68.3,31.7
32828,none,68.3,31.7
32830,none,68.3,31.7
32832,none,68.3,31.7
32834,none,68.3,31.7
32836,none,68.3,31.7
32838,none,68.3,31.7
32840,none,68.3,31.7
32842,none,68.3,31.7
32844,none,68.3,31.7
32846,none,68.3,31.7
32848,none,68.3,31.7
32850,none,68.3,31.7
32852,none,68.3,31.7
32854,none,68.3,31.7
32856,none,68.3,31.7
32858,none,68.3,31.7
32860,none,68.3,31.7
32862,none,68.3,31.7
32864,none,68.3,31.7
32866,none,68.3,31.7
32868,A,68.3,31.7
32870,none,68.3,31.7
32872,none,68.3,31.7
32874,A,68.3,31.7
32876,A,68.3,31.7
32878,A,68.4,31.6
32880,none,68.4,31.6
32882,none,68.4,31.6
32884,none,68.4,31.6
32886,none,68.4,31.6
32888,A,68.4,31.6
32890,A,68.4,31.6
32892,A,68.4,31.6
32894,none,68.4,31.6
32896,none,68.4,31.6
32898,none,68.4,31.6
32900,none,68.4,31.6
32902,none,68.4,31.6
32904,none,68.4,31.6
32906,none,68.4,31.6
32908,none,68.4,31.6
32910,none,68.4,31.6
32912,none,68.4,31.6
32914,none,68.4,31.6
32916,A,68.4,31.6
32918,none,68.4,31.6
32920,none,68.4,31.6
32922,none,68.4,31.6
32924,none,68.4,31.6
32926,none,68.4,31.6
32928,none,68.4,31.6
32930,none,68.4,31.6
32932,none,68.4,31.6
32934,none,68.4,31.6
32936,none,68.4,31.6
32938,none,68.4,31.6
32940,none,68.4,31.6
32942,none,68.4,31.6
32944,none,68.4,31.6
32946,none,68.4,31.6
32948,none,68.4,31.6
32950,none,68.4,31.6
32952,none,68.4,31.6
32954,none,68.4,31.6
32956,none,68.4,31.6
32958,none,68.4,31.6
32960,none,68.4,31.6
32962,none,68.4,31.6
32964,none,68.4,31.6
32966,A,68.4,31.6
32968,none,68.4,31.6
32970,none,68.4,31.6
32972,none,68.4,31.6
32974,none,68.4,31.6
32976,none,68.4,31.6
32978,none,68.4,31.6
32980,none,68.4,31.6
32982,none,68.4,31.6
32984,none,68.4,31.6
32986,none,68.4,31.6
32988,none,68.4,31.6
32990,none,68.4,31.6
32992,none,68.4,31.6
32994,none,68.4,31.6
32996,none,68.4,31.6
32998,none,68.4,31.6
33000,none,68.4,31.6
33002,none,68.4,31.6
33004,none,68.4,31.6
33006,none,68.4,31.6
33008,none,68.4,31.6
33010,none,68.4,31.6
33012,none,68.4,31.6
33014,none,68.4,31.6
33016,none,68.4,31.6
33018,none,68.4,31.6
33020,none,68.4,31.6
33022,none,68.4,31.6
33024,none,68.4,31.6
33026,none,68.4,31.6
33028,none,68.4,31.6
33030,none,68.4,31.6
33032,none,68.4,31.6
33034,none,68.4,31.6
33036,none,68.4,31.6
33038,A,68.4,31.6
33040,A,68.5,31.5
33042,none,68.5,31.5
33044,A,68.5,31.5
33046,A,68.5,31.5
33048,A,68.5,31.5
33050,none,68.5,31.5
33052,none,68.5,31.5
33054,none,68.5,31.5
33056,none,68.5,31.5
33058,none,68.5,31.5
33060,none,68.5,31.5
33062,none,68.5,31.5
33064,none,68.5,31.5
33066,none,68.5,31.5
33068,none,68.5,31.5
33070,none,68.5,31.5
33072,none,68.5,31.5
33074,none,68.5,31.5
33076,none,68.5,31.5
33078,none,68.5,31.5
33080,none,68.5,31.5
33082,none,68.5,31.5
33084,none,68.5,31.5
33086,none,68.5,31.5
33088,none,68.5,31.5
33090,none,68.5,31.5
33092,none,68.5,31.5
33094,none,68.5,31.5
33096,none,68.5,31.5
33098,none,68.5,31.5
33100,none,68.5,31.5
33102,none,68.5,31.5
33104,none,68.5,31.5
33106,none,68.5,31.5
33108,none,68.5,31.5
33110,none,68.5,31.5
33112,none,68.5,31.5
33114,none,68.5,31.5
33116,none,68.5,31.5
33118,none,68.5,31.5
33120,none,68.5,31.5
33122,none,68.5,31.5
33124,none,68.5,31.5
33126,none,68.5,31.5
33128,none,68.5,31.5
33130,none,68.5,31.5
33132,none,68.5,31.5
33134,none,68.5,31.5
33136,none,68.5,31.5
33138,none,68.5,31.5
33140,none,68.5,31.5
33142,none,68.5,31.5
33144,none,68.5,31.5
33146,none,68.5,31.5
33148,none,68.5,31.5
33150,none,68.5,31.5
33152,none,68.5,31.5
33154,none,68.5,31.5
33156,none,68.5,31.5
33158,none,68.5,31.5
33160,none,68.5,31.5
33162,none,68.5,31.5
33164,none,68.5,31.5
33166,none,68.5,31.5
33168,none,68.5,31.5
33170,none,68.5,31.5
33172,none,68.5,31.5
33174,none,68.5,31.5
33176,none,68.5,31.5
33178,none,68.5,31.5
33180,none,68.5,31.5
33182,none,68.5,31.5
33184,none,68.5,31.5
33186,none,68.5,31.5
33188,none,68.5,31.5
33190,none,68.5,31.5
33192,none,68.5,31.5
33194,none,68.5,31.5
33196,none,68.5,31.5
33198,A,68.5,31.5
33200,A,68.5,31.5
33202,A,68.6,31.4
33204,A,68.6,31.4
33206,none,68.6,31.4
33208,none,68.6,31.4
33210,none,68.6,31.4
33212,none,68.6,31.4
33214,none,68.6,31.4
33216,none,68.6,31.4
33218,none,68.6,31.4
33220,none,68.6,31.4
33222,none,68.6,31.4
33224,none,68.6,31.4
33226,none,68.6,31.4
33228,none,68.6,31.4
33230,none,68.6,31.4
33232,none,68.6,31.4
33234,none,68.6,31.4
33236,none,68.6,31.4
33238,none,68.6,31.4
33240,none,68.6,31.4
33242,none,68.6,31.4
33244,A,68.6,31.4
33246,A,68.6,31.4
33248,none,68.6,31.4
33250,none,68.6,31.4
33252,none,68.6,31.4
33254,none,68.6,31.4
33256,none,68.6,31.4
33258,none,68.6,31.4
33260,none,68.6,31.4
33262,none,68.6,31.4
33264,none,68.6,31.4
33266,none,68.6,31.4
33268,none,68.6,31.4
33270,none,68.6,31.4
33272,none,68.6,31.4
33274,none,68.6,31.4
33276,none,68.6,31.4
33278,none,68.6,31.4
33280,none,68.6,31.4
33282,A,68.6,31.4
33284,none,68.6,31.4
33286,none,68.6,31.4
33288,none,68.6,31.4
33290,A,68.6,31.4
33292,none,68.6,31.4
33294,none,68.6,31.4
33296,none,68.6,31.4
33298,none,68.6,31.4
33300,none,68.6,31.4
33302,none,68.6,31.4
33304,none,68.6,31.4
33306,none,68.6,31.4
33308,none,68.6,31.4
33310,none,68.6,31.4
33312,none,68.6,31.4
33314,none,68.6,31.4
33316,none,68.6,31.4
33318,none,68.6,31.4
33320,none,68.6,31.4
33322,none,68.6,31.4
33324,none,68.6,31.4
33326,none,68.6,31.4
33328,none,68.6,31.4
33330,none,68.6,31.4
33332,none,68.6,31.4
33334,none,68.6,31.4
33336,none,68.6,31.4
33338,none,68.6,31.4
33340,none,68.6,31.4
33342,none,68.6,31.4
33344,none,68.6,31.4
33346,none,68.6,31.4
33348,none,68.6,31.4
33350,none,68.6,31.4
33352,none,68.6,31.4
33354,none,68.6,31.4
33356,none,68.6,31.4
33358,none,68.6,31.4
33360,none,68.6,31.4
33362,none,68.6,31.4
33364,none,68.6,31.4
33366,none,68.6,31.4
33368,none,68.6,31.4
33370,none,68.6,31.4
33372,none,68.6,31.4
33374,B,68.6,31.4
33376,none,68.6,31.4
33378,none,68.6,31.4
33380,none,68.6,31.4
33382,none,68.6,31.4
33384,none,68.6,31.4
33386,none,68.6,31.4
33388,none,68.6,31.4
33390,none,68.6,31.4
33392,B,68.6,31.4
33394,none,68.6,31.4
33396,none,68.6,31.4
33398,none,68.6,31.4
33400,B,68.5,31.5
33402,B,68.5,31.5
33404,none,68.5,31.5
33406,B,68.5,31.5
33408,none,68.5,31.5
33410,none,68.5,31.5
33412,B,68.4,31.6
33414,none,68.4,31.6
33416,none,68.4,31.6
33418,none,68.4,31.6
33420,none,68.4,31.6
33422,none,68.4,31.6
33424,none,68.4,31.6
33426,none,68.4,31.6
33428,B,68.4,31.6
33430,none,68.4,31.6
33432,none,68.4,31.6
33434,none,68.4,31.6
33436,none,68.4,31.6
33438,none,68.4,31.6
33440,none,68.4,31.6
33442,B,68.4,31.6
33444,B,68.3,31.7
33446,B,68.3,31.7
33448,B,68.3,31.7
33450,B,68.2,31.8
33452,none,68.2,31.8
33454,none,68.2,31.8
33456,B,68.2,31.8
33458,B,68.2,31.8
33460,none,68.2,31.8
33462,none,68.2,31.8
33464,none,68.2,31.8
33466,none,68.2,31.8
33468,none,68.2,31.8
33470,B,68.1,31.9
33472,B,68.1,31.9
33474,B,68.1,31.9
33476,B,68.0,32.0
33478,none,68.0,32.0
33480,B,68.0,32.0
33482,none,68.0,32.0
33484,B,68.0,32.0
33486,B,67.9,32.1
33488,B,67.9,32.1
33490,B,67.9,32.1
33492,none,67.9,32.1
33494,none,67.9,32.1
33496,none,67.9,32.1
33498,none,67.9,32.1
33500,none,67.9,32.1
33502,none,67.9,32.1
33504,none,67.9,32.1
33506,none,67.9,32.1
33508,none,67.9,32.1
33510,none,67.9,32.1
33512,none,67.9,32.1
33514,none,67.9,32.1
33516,none,67.9,32.1
33518,none,67.9,32.1
33520,none,67.9,32.1
33522,none,67.9,32.1
33524,none,67.9,32.1
33526,none,67.9,32.1
33528,none,67.9,32.1
33530,none,67.9,32.1
33532,none,67.9,32.1
33534,none,67.9,32.1
33536,none,67.9,32.1
33538,none,67.9,32.1
33540,none,67.9,32.1
33542,none,67.9,32.1
33544,none,67.9,32.1
33546,none,67.9,32.1
33548,none,67.9,32.1
33550,none,67.9,32.1
33552,none,67.9,32.1
33554,none,67.9,32.1
33556,none,67.9,32.1
33558,none,67.9,32.1
33560,none,67.9,32.1
33562,none,67.9,32.1
33564,none,67.9,32.1
33566,none,67.9,32.1
33568,none,67.9,32.1
33570,none,67.9,32.1
33572,none,67.9,32.1
33574,none,67.9,32.1
33576,none,67.9,32.1
33578,none,67.9,32.1
33580,B,67.8,32.2
33582,B,67.8,32.2
33584,none,67.8,32.2
33586,none,67.8,32.2
33588,none,67.8,32.2
33590,none,67.8,32.2
33592,none,67.8,32.2
33594,none,67.8,32.2
33596,none,67.8,32.2
33598,none,67.8,32.2
33600,none,67.8,32.2
33602,none,67.8,32.2
33604,none,67.8,32.2
33606,none,67.8,32.2
33608,none,67.8,32.2
33610,none,67.8,32.2
33612,B,67.8,32.2
33614,B,67.7,32.3
33616,B,67.7,32.3
33618,B,67.7,32.3
33620,B,67.6,32.4
33622,B,67.6,32.4
33624,B,67.6,32.4
33626,none,67.6,32.4
33628,none,67.6,32.4
33630,none,67.6,32.4
33632,none,67.6,32.4
33634,none,67.6,32.4
33636,none,67.6,32.4
33638,none,67.6,32.4
33640,none,67.6,32.4
33642,none,67.6,32.4
33644,none,67.6,32.4
33646,none,67.6,32.4
33648,none,67.6,32.4
33650,none,67.6,32.4
33652,none,67.6,32.4
33654,none,67.6,32.4
33656,none,67.6,32.4
33658,none,67.6,32.4
33660,none,67.6,32.4
33662,none,67.6,32.4
33664,none,67.6,32.4
33666,none,67.6,32.4
33668,none,67.6,32.4
33670,none,67.6,32.4
33672,none,67.6,32.4
33674,none,67.6,32.4
33676,A,67.6,32.4
33678,none,67.6,32.4
33680,A,67.6,32.4
33682,none,67.6,32.4
33684,none,67.6,32.4
33686,none,67.6,32.4
33688,none,67.6,32.4
33690,none,67.6,32.4
33692,none,67.6,32.4
33694,B,67.6,32.4
33696,B,67.5,32.5
33698,none,67.5,32.5
33700,none,67.5,32.5
33702,none,67.5,32.5
33704,none,67.5,32.5
33706,none,67.5,32.5
33708,none,67.5,32.5
33710,none,67.5,32.5
33712,none,67.5,32.5
33714,none,67.5,32.5
33716,none,67.5,32.5
33718,none,67.5,32.5
33720,none,67.5,32.5
33722,none,67.5,32.5
33724,none,67.5,32.5
33726,none,67.5,32.5
33728,none,67.5,32.5
33730,none,67.5,32.5
33732,none,67.5,32.5
33734,none,67.5,32.5
33736,none,67.5,32.5
33738,none,67.5,32.5
33740,none,67.5,32.5
33742,none,67.5,32.5
33744,none,67.5,32.5
33746,none,67.5,32.5
33748,none,67.5,32.5
33750,none,67.5,32.5
33752,none,67.5,32.5
33754,none,67.5,32.5
33756,none,67.5,32.5
33758,none,67.5,32.5
33760,none,67.5,32.5
33762,none,67.5,32.5
33764,none,67.5,32.5
33766,none,67.5,32.5
33768,none,67.5,32.5
33770,none,67.5,32.5
33772,none,67.5,32.5
33774,none,67.5,32.5
33776,none,67.5,32.5
33778,none,67.5,32.5
33780,none,67.5,32.5
33782,none,67.5,32.5
33784,none,67.5,32.5
33786,none,67.5,32.5
33788,none,67.5,32.5
33790,none,67.5,32.5
33792,none,67.5,32.5
33794,none,67.5,32.5
33796,none,67.5,32.5
33798,none,67.5,32.5
33800,A,67.6,32.4
33802,none,67.6,32.4
33804,none,67.6,32.4
33806,none,67.6,32.4
33808,none,67.6,32.4
33810,B,67.5,32.5
33812,A,67.5,32.5
33814,A,67.5,32.5
33816,A,67.6,32.4
33818,none,67.6,32.4
33820,none,67.6,32.4
33822,none,67.6,32.4
33824,none,67.6,32.4
33826,none,67.6,32.4
33828,none,67.6,32.4
33830,none,67.6,32.4
33832,none,67.6,32.4
33834,none,67.6,32.4
33836,none,67.6,32.4
33838,none,67.6,32.4
33840,none,67.6,32.4
33842,none,67.6,32.4
33844,none,67.6,32.4
33846,none,67.6,32.4
33848,none,67.6,32.4
33850,none,67.6,32.4
33852,none,67.6,32.4
33854,none,67.6,32.4
33856,none,67.6,32.4
33858,none,67.6,32.4
33860,A,67.6,32.4
33862,A,67.6,32.4
33864,none,67.6,32.4
33866,none,67.6,32.4
33868,none,67.6,32.4
33870,none,67.6,32.4
33872,none,67.6,32.4
33874,none,67.6,32.4
33876,none,67.6,32.4
33878,none,67.6,32.4
33880,none,67.6,32.4
33882,none,67.6,32.4
33884,none,67.6,32.4
33886,none,67.6,32.4
33888,none,67.6,32.4
33890,none,67.6,32.4
33892,none,67.6,32.4
33894,none,67.6,32.4
33896,none,67.6,32.4
33898,none,67.6,32.4
33900,none,67.6,32.4
33902,none,67.6,32.4
33904,none,67.6,32.4
33906,none,67.6,32.4
33908,none,67.6,32.4
33910,none,67.6,32.4
33912,none,67.6,32.4
33914,none,67.6,32.4
33916,none,67.6,32.4
33918,none,67.6,32.4
33920,none,67.6,32.4
33922,none,67.6,32.4
33924,none,67.6,32.4
33926,none,67.6,32.4
33928,A,67.6,32.4
33930,A,67.6,32.4
33932,A,67.6,32.4
33934,A,67.7,32.3
33936,A,67.7,32.3
33938,none,67.7,32.3
33940,none,67.7,32.3
33942,none,67.7,32.3
33944,none,67.7,32.3
33946,none,67.7,32.3
33948,A,67.7,32.3
33950,A,67.7,32.3
33952,A,67.7,32.3
33954,A,67.7,32.3
33956,A,67.8,32.2
33958,A,67.8,32.2
33960,A,67.8,32.2
33962,A,67.8,32.2
33964,A,67.8,32.2
33966,A,67.8,32.2
33968,none,67.8,32.2
33970,none,67.8,32.2
33972,none,67.8,32.2
33974,none,67.8,32.2
33976,none,67.8,32.2
33978,none,67.8,32.2
33980,none,67.8,32.2
33982,none,67.8,32.2
33984,none,67.8,32.2
33986,none,67.8,32.2
33988,none,67.8,32.2
33990,none,67.8,32.2
33992,none,67.8,32.2
33994,none,67.8,32.2
33996,none,67.8,32.2
33998,none,67.8,32.2
34000,none,67.8,32.2
34002,none,67.8,32.2
34004,none,67.8,32.2
34006,none,67.8,32.2
34008,none,67.8,32.2
34010,none,67.8,32.2
34012,none,67.8,32.2
34014,none,67.8,32.2
34016,none,67.8,32.2
34018,none,67.8,32.2
34020,none,67.8,32.2
34022,none,67.8,32.2
34024,B,67.8,32.2
34026,B,67.8,32.2
34028,B,67.7,32.3
34030,B,67.7,32.3
34032,B,67.7,32.3
34034,B,67.6,32.4
34036,B,67.6,32.4
34038,B,67.6,32.4
34040,B,67.5,32.5
34042,B,67.5,32.5
34044,B,67.5,32.5
34046,none,67.5,32.5
34048,none,67.5,32.5
34050,none,67.5,32.5
34052,none,67.5,32.5
34054,none,67.5,32.5
34056,none,67.5,32.5
34058,none,67.5,32.5
34060,B,67.4,32.6
34062,B,67.4,32.6
34064,B,67.4,32.6
34066,B,67.3,32.7
34068,B,67.3,32.7
34070,B,67.3,32.7
34072,B,67.3,32.7
34074,B,67.2,32.8
34076,none,67.2,32.8
34078,none,67.2,32.8
34080,B,67.2,32.8
34082,B,67.2,32.8
34084,none,67.2,32.8
34086,none,67.2,32.8
34088,none,67.2,32.8
34090,none,67.2,32.8
34092,A,67.2,32.8
34094,none,67.2,32.8
34096,none,67.2,32.8
34098,A,67.2,32.8
34100,none,67.2,32.8
34102,A,67.2,32.8
34104,A,67.2,32.8
34106,none,67.2,32.8
34108,A,67.2,32.8
34110,A,67.2,32.8
34112,A,67.3,32.7
34114,A,67.3,32.7
34116,A,67.3,32.7
34118,A,67.3,32.7
34120,none,67.3,32.7
34122,A,67.3,32.7
34124,none,67.3,32.7
34126,none,67.3,32.7
34128,none,67.3,32.7
34130,none,67.3,32.7
34132,none,67.3,32.7
34134,none,67.3,32.7
34136,none,67.3,32.7
34138,B,67.3,32.7
34140,none,67.3,32.7
34142,none,67.3,32.7
34144,A,67.3,32.7
34146,A,67.3,32.7
34148,A,67.3,32.7
34150,A,67.4,32.6
34152,A,67.4,32.6
34154,A,67.4,32.6
34156,none,67.4,32.6
34158,none,67.4,32.6
34160,A,67.4,32.6
34162,none,67.4,32.6
34164,none,67.4,32.6
34166,none,67.4,32.6
34168,none,67.4,32.6
34170,none,67.4,32.6
34172,none,67.4,32.6
34174,none,67.4,32.6
34176,none,67.4,32.6
34178,none,67.4,32.6
34180,none,67.4,32.6
34182,none,67.4,32.6
34184,none,67.4,32.6
34186,none,67.4,32.6
34188,none,67.4,32.6
34190,none,67.4,32.6
34192,none,67.4,32.6
34194,none,67.4,32.6
34196,none,67.4,32.6
34198,none,67.4,32.6
34200,none,67.4,32.6
34202,none,67.4,32.6
34204,none,67.4,32.6
34206,A,67.4,32.6
34208,A,67.4,32.6
34210,A,67.4,32.6
34212,A,67.5,32.5
34214,none,67.5,32.5
34216,A,67.5,32.5
34218,A,67.5,32.5
34220,A,67.5,32.5
34222,none,67.5,32.5
34224,none,67.5,32.5
34226,none,67.5,32.5
34228,none,67.5,32.5
34230,none,67.5,32.5
34232,none,67.5,32.5
34234,none,67.5,32.5
34236,A,67.5,32.5
34238,A,67.5,32.5
34240,A,67.6,32.4
34242,A,67.6,32.4
34244,A,67.6,32.4
34246,A,67.6,32.4
34248,none,67.6,32.4
34250,none,67.6,32.4
34252,none,67.6,32.4
34254,none,67.6,32.4
34256,none,67.6,32.4
34258,none,67.6,32.4
34260,none,67.6,32.4
34262,none,67.6,32.4
34264,B,67.6,32.4
34266,B,67.5,32.5
34268,B,67.5,32.5
34270,B,67.5,32.5
34272,B,67.4,32.6
34274,B,67.4,32.6
34276,B,67.4,32.6
34278,B,67.3,32.7
34280,B,67.3,32.7
34282,A,67.3,32.7
34284,A,67.3,32.7
34286,A,67.4,32.6
34288,A,67.4,32.6
34290,B,67.3,32.7
34292,A,67.4,32.6
34294,none,67.4,32.6
34296,A,67.4,32.6
34298,A,67.4,32.6
34300,A,67.4,32.6
34302,A,67.4,32.6
34304,none,67.4,32.6
34306,none,67.4,32.6
34308,none,67.4,32.6
34310,none,67.4,32.6
34312,none,67.4,32.6
34314,A,67.4,32.6
34316,none,67.4,32.6
34318,none,67.4,32.6
34320,none,67.4,32.6
34322,none,67.4,32.6
34324,none,67.4,32.6
34326,B,67.4,32.6
34328,none,67.4,32.6
34330,A,67.4,32.6
34332,none,67.4,32.6
34334,none,67.4,32.6
34336,none,67.4,32.6
34338,none,67.4,32.6
34340,none,67.4,32.6
34342,none,67.4,32.6
34344,none,67.4,32.6
34346,none,67.4,32.6
34348,none,67.4,32.6
34350,none,67.4,32.6
34352,none,67.4,32.6
34354,none,67.4,32.6
34356,none,67.4,32.6
34358,none,67.4,32.6
34360,none,67.4,32.6
34362,none,67.4,32.6
34364,none,67.4,32.6
34366,none,67.4,32.6
34368,B,67.4,32.6
34370,B,67.4,32.6
34372,B,67.3,32.7
34374,B,67.3,32.7
34376,B,67.3,32.7
34378,B,67.2,32.8
34380,B,67.2,32.8
34382,B,67.2,32.8
34384,none,67.2,32.8
34386,none,67.2,32.8
34388,none,67.2,32.8
34390,B,67.1,32.9
34392,B,67.1,32.9
34394,none,67.1,32.9
34396,none,67.1,32.9
34398,none,67.1,32.9
34400,B,67.1,32.9
34402,B,67.0,33.0
34404,B,67.0,33.0
34406,B,67.0,33.0
34408,B,67.0,33.0
34410,A,67.0,33.0
34412,A,67.0,33.0
34414,A,67.0,33.0
34416,A,67.0,33.0
34418,A,67.0,33.0
34420,A,67.0,33.0
34422,A,67.1,32.9
34424,A,67.1,32.9
34426,B,67.0,33.0
34428,B,67.0,33.0
34430,B,67.0,33.0
34432,B,67.0,33.0
34434,B,66.9,33.1
34436,B,66.9,33.1
34438,B,66.9,33.1
34440,B,66.8,33.2
34442,B,66.8,33.2
34444,B,66.8,33.2
34446,B,66.7,33.3
34448,B,66.7,33.3
34450,B,66.7,33.3
34452,B,66.7,33.3
34454,B,66.6,33.4
34456,B,66.6,33.4
34458,B,66.6,33.4
34460,B,66.5,33.5
34462,none,66.5,33.5
34464,B,66.5,33.5
34466,B,66.5,33.5
34468,B,66.4,33.6
34470,B,66.4,33.6
34472,B,66.4,33.6
34474,B,66.4,33.6
34476,B,66.3,33.7
34478,none,66.3,33.7
34480,none,66.3,33.7
34482,B,66.3,33.7
34484,none,66.3,33.7
34486,none,66.3,33.7
34488,none,66.3,33.7
34490,none,66.3,33.7
34492,none,66.3,33.7
34494,none,66.3,33.7
34496,none,66.3,33.7
34498,none,66.3,33.7
34500,none,66.3,33.7
34502,none,66.3,33.7
34504,none,66.3,33.7
34506,none,66.3,33.7
34508,none,66.3,33.7
34510,none,66.3,33.7
34512,none,66.3,33.7
34514,none,66.3,33.7
34516,none,66.3,33.7
34518,none,66.3,33.7
34520,none,66.3,33.7
34522,none,66.3,33.7
34524,none,66.3,33.7
34526,none,66.3,33.7
34528,none,66.3,33.7
34530,none,66.3,33.7
34532,none,66.3,33.7
34534,none,66.3,33.7
34536,none,66.3,33.7
34538,none,66.3,33.7
34540,none,66.3,33.7
34542,none,66.3,33.7
34544,none,66.3,33.7
34546,none,66.3,33.7
34548,none,66.3,33.7
34550,none,66.3,33.7
34552,none,66.3,33.7
34554,none,66.3,33.7
34556,none,66.3,33.7
34558,none,66.3,33.7
34560,none,66.3,33.7
34562,none,66.3,33.7
34564,none,66.3,33.7
34566,none,66.3,33.7
34568,none,66.3,33.7
34570,none,66.3,33.7
34572,none,66.3,33.7
34574,none,66.3,33.7
34576,none,66.3,33.7
34578,none,66.3,33.7
34580,none,66.3,33.7
34582,none,66.3,33.7
34584,none,66.3,33.7
34586,none,66.3,33.7
34588,none,66.3,33.7
34590,none,66.3,33.7
34592,none,66.3,33.7
34594,none,66.3,33.7
34596,none,66.3,33.7
34598,none,66.3,33.7
34600,none,66.3,33.7
34602,none,66.3,33.7
34604,none,66.3,33.7
34606,none,66.3,33.7
34608,none,66.3,33.7
34610,none,66.3,33.7
34612,none,66.3,33.7
34614,none,66.3,33.7
34616,none,66.3,33.7
34618,none,66.3,33.7
34620,none,66.3,33.7
34622,none,66.3,33.7
34624,none,66.3,33.7
34626,none,66.3,33.7
34628,none,66.3,33.7
34630,none,66.3,33.7
34632,none,66.3,33.7
34634,none,66.3,33.7
34636,none,66.3,33.7
34638,none,66.3,33.7
34640,none,66.3,33.7
34642,none,66.3,33.7
34644,none,66.3,33.7
34646,none,66.3,33.7
34648,none,66.3,33.7
34650,none,66.3,33.7
34652,none,66.3,33.7
34654,none,66.3,33.7
34656,none,66.3,33.7
34658,none,66.3,33.7
34660,none,66.3,33.7
34662,none,66.3,33.7
34664,none,66.3,33.7
34666,none,66.3,33.7
34668,none,66.3,33.7
34670,none,66.3,33.7
34672,none,66.3,33.7
34674,none,66.3,33.7
34676,none,66.3,33.7
34678,none,66.3,33.7
34680,none,66.3,33.7
34682,none,66.3,33.7
34684,none,66.3,33.7
34686,none,66.3,33.7
34688,none,66.3,33.7
34690,none,66.3,33.7
34692,none,66.3,33.7
34694,none,66.3,33.7
34696,none,66.3,33.7
34698,none,66.3,33.7
34700,none,66.3,33.7
34702,none,66.3,33.7
34704,none,66.3,33.7
34706,none,66.3,33.7
34708,none,66.3,33.7
34710,none,66.3,33.7
34712,none,66.3,33.7
34714,none,66.3,33.7
34716,none,66.3,33.7
34718,none,66.3,33.7
34720,none,66.3,33.7
34722,none,66.3,33.7
34724,none,66.3,33.7
34726,none,66.3,33.7
34728,none,66.3,33.7
34730,none,66.3,33.7
34732,none,66.3,33.7
34734,none,66.3,33.7
34736,none,66.3,33.7
34738,none,66.3,33.7
34740,none,66.3,33.7
34742,none,66.3,33.7
34744,none,66.3,33.7
34746,none,66.3,33.7
34748,none,66.3,33.7
34750,none,66.3,33.7
34752,none,66.3,33.7
34754,none,66.3,33.7
34756,none,66.3,33.7
34758,none,66.3,33.7
34760,none,66.3,33.7
34762,none,66.3,33.7
34764,none,66.3,33.7
34766,none,66.3,33.7
34768,none,66.3,33.7
34770,none,66.3,33.7
34772,none,66.3,33.7
34774,none,66.3,33.7
34776,none,66.3,33.7
34778,none,66.3,33.7
34780,none,66.3,33.7
34782,none,66.3,33.7
34784,none,66.3,33.7
34786,none,66.3,33.7
34788,none,66.3,33.7
34790,none,66.3,33.7
34792,none,66.3,33.7
34794,none,66.3,33.7
34796,none,66.3,33.7
34798,none,66.3,33.7
34800,none,66.3,33.7
34802,none,66.3,33.7
34804,none,66.3,33.7
34806,none,66.3,33.7
34808,none,66.3,33.7
34810,none,66.3,33.7
34812,none,66.3,33.7
34814,none,66.3,33.7
34816,none,66.3,33.7
34818,none,66.3,33.7
34820,none,66.3,33.7
34822,none,66.3,33.7
34824,none,66.3,33.7
34826,none,66.3,33.7
34828,none,66.3,33.7
34830,none,66.3,33.7
34832,none,66.3,33.7
34834,none,66.3,33.7
34836,none,66.3,33.7
34838,none,66.3,33.7
34840,none,66.3,33.7
34842,none,66.3,33.7
34844,none,66.3,33.7
34846,none,66.3,33.7
34848,none,66.3,33.7
34850,none,66.3,33.7
34852,none,66.3,33.7
34854,none,66.3,33.7
34856,none,66.3,33.7
34858,none,66.3,33.7
34860,none,66.3,33.7
34862,none,66.3,33.7
34864,none,66.3,33.7
34866,none,66.3,33.7
34868,none,66.3,33.7
34870,none,66.3,33.7
34872,none,66.3,33.7
34874,none,66.3,33.7
34876,none,66.3,33.7
34878,none,66.3,33.7
34880,none,66.3,33.7
34882,none,66.3,33.7
34884,none,66.3,33.7
34886,none,66.3,33.7
34888,none,66.3,33.7
34890,none,66.3,33.7
34892,none,66.3,33.7
34894,none,66.3,33.7
34896,none,66.3,33.7
34898,none,66.3,33.7
34900,none,66.3,33.7
34902,none,66.3,33.7
34904,none,66.3,33.7
34906,none,66.3,33.7
34908,none,66.3,33.7
34910,none,66.3,33.7
34912,none,66.3,33.7
34914,none,66.3,33.7
34916,none,66.3,33.7
34918,none,66.3,33.7
34920,none,66.3,33.7
34922,none,66.3,33.7
34924,none,66.3,33.7
34926,none,66.3,33.7
34928,none,66.3,33.7
34930,none,66.3,33.7
34932,none,66.3,33.7
34934,none,66.3,33.7
34936,none,66.3,33.7
34938,none,66.3,33.7
34940,none,66.3,33.7
34942,none,66.3,33.7
34944,none,66.3,33.7
34946,none,66.3,33.7
34948,A,66.3,33.7
34950,A,66.3,33.7
34952,none,66.3,33.7
34954,none,66.3,33.7
34956,none,66.3,33.7
34958,none,66.3,33.7
34960,none,66.3,33.7
34962,none,66.3,33.7
34964,none,66.3,33.7
34966,none,66.3,33.7
34968,none,66.3,33.7
34970,none,66.3,33.7
34972,none,66.3,33.7
34974,B,66.3,33.7
34976,B,66.3,33.7
34978,none,66.3,33.7
34980,none,66.3,33.7
34982,none,66.3,33.7
34984,none,66.3,33.7
34986,B,66.2,33.8
34988,none,66.2,33.8
34990,B,66.2,33.8
34992,none,66.2,33.8
34994,none,66.2,33.8
34996,B,66.2,33.8
34998,B,66.1,33.9
35000,none,66.1,33.9
35002,none,66.1,33.9
35004,none,66.1,33.9
35006,none,66.1,33.9
35008,none,66.1,33.9
35010,none,66.1,33.9
35012,none,66.1,33.9
35014,none,66.1,33.9
35016,none,66.1,33.9
35018,none,66.1,33.9
35020,none,66.1,33.9
35022,B,66.1,33.9
35024,none,66.1,33.9
35026,none,66.1,33.9
35028,none,66.1,33.9
35030,none,66.1,33.9
35032,none,66.1,33.9
35034,none,66.1,33.9
35036,none,66.1,33.9
35038,none,66.1,33.9
35040,none,66.1,33.9
35042,none,66.1,33.9
35044,none,66.1,33.9
35046,none,66.1,33.9
35048,none,66.1,33.9
35050,none,66.1,33.9
35052,none,66.1,33.9
35054,none,66.1,33.9
35056,none,66.1,33.9
35058,A,66.1,33.9
35060,none,66.1,33.9
35062,none,66.1,33.9
35064,none,66.1,33.9
35066,none,66.1,33.9
35068,none,66.1,33.9
35070,none,66.1,33.9
35072,none,66.1,33.9
35074,none,66.1,33.9
35076,none,66.1,33.9
35078,none,66.1,33.9
35080,none,66.1,33.9
35082,none,66.1,33.9
35084,none,66.1,33.9
35086,none,66.1,33.9
35088,none,66.1,33.9
35090,none,66.1,33.9
35092,none,66.1,33.9
35094,none,66.1,33.9
35096,none,66.1,33.9
35098,none,66.1,33.9
35100,none,66.1,33.9
35102,none,66.1,33.9
35104,none,66.1,33.9
35106,none,66.1,33.9
35108,none,66.1,33.9
35110,none,66.1,33.9
35112,none,66.1,33.9
35114,none,66.1,33.9
35116,none,66.1,33.9
35118,none,66.1,33.9
35120,none,66.1,33.9
35122,none,66.1,33.9
35124,none,66.1,33.9
35126,none,66.1,33.9
35128,none,66.1,33.9
35130,none,66.1,33.9
35132,none,66.1,33.9
35134,none,66.1,33.9
35136,none,66.1,33.9
35138,none,66.1,33.9
35140,none,66.1,33.9
35142,none,66.1,33.9
35144,none,66.1,33.9
35146,none,66.1,33.9
35148,none,66.1,33.9
35150,none,66.1,33.9
35152,none,66.1,33.9
35154,none,66.1,33.9
35156,none,66.1,33.9
35158,none,66.1,33.9
35160,none,66.1,33.9
35162,none,66.1,33.9
35164,none,66.1,33.9
35166,none,66.1,33.9
35168,none,66.1,33.9
35170,none,66.1,33.9
35172,none,66.1,33.9
35174,none,66.1,33.9
35176,none,66.1,33.9
35178,none,66.1,33.9
35180,none,66.1,33.9
35182,none,66.1,33.9
35184,none,66.1,33.9
35186,none,66.1,33.9
35188,none,66.1,33.9
35190,none,66.1,33.9
35192,none,66.1,33.9
35194,none,66.1,33.9
35196,none,66.1,33.9
35198,none,66.1,33.9
35200,none,66.1,33.9
35202,none,66.1,33.9
35204,none,66.1,33.9
35206,none,66.1,33.9
35208,none,66.1,33.9
35210,none,66.1,33.9
35212,none,66.1,33.9
35214,none,66.1,33.9
35216,none,66.1,33.9
35218,none,66.1,33.9
35220,none,66.1,33.9
35222,none,66.1,33.9
35224,none,66.1,33.9
35226,none,66.1,33.9
35228,none,66.1,33.9
35230,none,66.1,33.9
35232,none,66.1,33.9
35234,none,66.1,33.9
35236,none,66.1,33.9
35238,none,66.1,33.9
35240,none,66.1,33.9
35242,none,66.1,33.9
35244,none,66.1,33.9
35246,none,66.1,33.9
35248,none,66.1,33.9
35250,none,66.1,33.9
35252,none,66.1,33.9
35254,none,66.1,33.9
35256,none,66.1,33.9
35258,none,66.1,33.9
35260,none,66.1,33.9
35262,none,66.1,33.9
35264,none,66.1,33.9
35266,A,66.1,33.9
35268,A,66.2,33.8
35270,A,66.2,33.8
35272,A,66.2,33.8
35274,A,66.2,33.8
35276,A,66.2,33.8
35278,A,66.2,33.8
35280,A,66.2,33.8
35282,A,66.3,33.7
35284,A,66.3,33.7
35286,none,66.3,33.7
35288,none,66.3,33.7
35290,none,66.3,33.7
35292,none,66.3,33.7
35294,A,66.3,33.7
35296,A,66.3,33.7
35298,none,66.3,33.7
35300,none,66.3,33.7
35302,A,66.3,33.7
35304,none,66.3,33.7
35306,none,66.3,33.7
35308,none,66.3,33.7
35310,none,66.3,33.7
35312,A,66.3,33.7
35314,none,66.3,33.7
35316,none,66.3,33.7
35318,none,66.3,33.7
35320,none,66.3,33.7
35322,none,66.3,33.7
35324,none,66.3,33.7
35326,none,66.3,33.7
35328,none,66.3,33.7
35330,none,66.3,33.7
35332,none,66.3,33.7
35334,none,66.3,33.7
35336,none,66.3,33.7
35338,none,66.3,33.7
35340,none,66.3,33.7
35342,none,66.3,33.7
35344,none,66.3,33.7
35346,none,66.3,33.7
35348,none,66.3,33.7
35350,none,66.3,33.7
35352,none,66.3,33.7
35354,none,66.3,33.7
35356,none,66.3,33.7
35358,none,66.3,33.7
35360,none,66.3,33.7
35362,none,66.3,33.7
35364,none,66.3,33.7
35366,none,66.3,33.7
35368,none,66.3,33.7
35370,none,66.3,33.7
35372,none,66.3,33.7
35374,none,66.3,33.7
35376,none,66.3,33.7
35378,none,66.3,33.7
35380,none,66.3,33.7
35382,none,66.3,33.7
35384,none,66.3,33.7
35386,none,66.3,33.7
35388,none,66.3,33.7
35390,none,66.3,33.7
35392,none,66.3,33.7
35394,none,66.3,33.7
35396,none,66.3,33.7
35398,none,66.3,33.7
35400,none,66.3,33.7
35402,none,66.3,33.7
35404,none,66.3,33.7
35406,none,66.3,33.7
35408,none,66.3,33.7
35410,none,66.3,33.7
35412,none,66.3,33.7
35414,none,66.3,33.7
35416,none,66.3,33.7
35418,none,66.3,33.7
35420,none,66.3,33.7
35422,none,66.3,33.7
35424,none,66.3,33.7
35426,none,66.3,33.7
35428,none,66.3,33.7
35430,none,66.3,33.7
35432,none,66.3,33.7
35434,none,66.3,33.7
35436,none,66.3,33.7
35438,none,66.3,33.7
35440,none,66.3,33.7
35442,none,66.3,33.7
35444,none,66.3,33.7
35446,none,66.3,33.7
35448,none,66.3,33.7
35450,none,66.3,33.7
35452,none,66.3,33.7
35454,none,66.3,33.7
35456,none,66.3,33.7
35458,none,66.3,33.7
35460,none,66.3,33.7
35462,none,66.3,33.7
35464,none,66.3,33.7
35466,B,66.3,33.7
35468,none,66.3,33.7
35470,none,66.3,33.7
35472,none,66.3,33.7
35474,none,66.3,33.7
35476,none,66.3,33.7
35478,none,66.3,33.7
35480,B,66.3,33.7
35482,A,66.3,33.7
35484,A,66.3,33.7
35486,none,66.3,33.7
35488,none,66.3,33.7
35490,none,66.3,33.7
35492,none,66.3,33.7
35494,none,66.3,33.7
35496,none,66.3,33.7
35498,none,66.3,33.7
35500,none,66.3,33.7
35502,none,66.3,33.7
35504,none,66.3,33.7
35506,A,66.3,33.7
35508,B,66.3,33.7
35510,B,66.3,33.7
35512,B,66.2,33.8
35514,A,66.3,33.7
35516,none,66.3,33.7
35518,none,66.3,33.7
35520,none,66.3,33.7
35522,none,66.3,33.7
35524,none,66.3,33.7
35526,none,66.3,33.7
35528,none,66.3,33.7
35530,none,66.3,33.7
35532,none,66.3,33.7
35534,none,66.3,33.7
35536,none,66.3,33.7
35538,none,66.3,33.7
35540,none,66.3,33.7
35542,none,66.3,33.7
35544,none,66.3,33.7
35546,none,66.3,33.7
35548,none,66.3,33.7
35550,none,66.3,33.7
35552,none,66.3,33.7
35554,none,66.3,33.7
35556,none,66.3,33.7
35558,none,66.3,33.7
35560,none,66.3,33.7
35562,none,66.3,33.7
35564,none,66.3,33.7
35566,none,66.3,33.7
35568,none,66.3,33.7
35570,none,66.3,33.7
35572,none,66.3,33.7
35574,none,66.3,33.7
35576,none,66.3,33.7
35578,none,66.3,33.7
35580,none,66.3,33.7
35582,none,66.3,33.7
35584,none,66.3,33.7
35586,none,66.3,33.7
35588,none,66.3,33.7
35590,none,66.3,33.7
35592,none,66.3,33.7
35594,none,66.3,33.7
35596,none,66.3,33.7
35598,none,66.3,33.7
35600,none,66.3,33.7
35602,none,66.3,33.7
35604,none,66.3,33.7
35606,none,66.3,33.7
35608,none,66.3,33.7
35610,none,66.3,33.7
35612,none,66.3,33.7
35614,none,66.3,33.7
35616,none,66.3,33.7
35618,none,66.3,33.7
35620,A,66.3,33.7
35622,A,66.3,33.7
35624,none,66.3,33.7
35626,none,66.3,33.7
35628,none,66.3,33.7
35630,A,66.3,33.7
35632,A,66.3,33.7
35634,A,66.3,33.7
35636,none,66.3,33.7
35638,none,66.3,33.7
35640,A,66.3,33.7
35642,none,66.3,33.7
35644,none,66.3,33.7
35646,none,66.3,33.7
35648,none,66.3,33.7
35650,A,66.4,33.6
35652,A,66.4,33.6
35654,A,66.4,33.6
35656,A,66.4,33.6
35658,A,66.4,33.6
35660,A,66.4,33.6
35662,none,66.4,33.6
35664,none,66.4,33.6
35666,A,66.4,33.6
35668,none,66.4,33.6
35670,none,66.4,33.6
35672,none,66.4,33.6
35674,none,66.4,33.6
35676,none,66.4,33.6
35678,none,66.4,33.6
35680,none,66.4,33.6
35682,none,66.4,33.6
35684,none,66.4,33.6
35686,none,66.4,33.6
35688,none,66.4,33.6
35690,none,66.4,33.6
35692,none,66.4,33.6
35694,none,66.4,33.6
35696,none,66.4,33.6
35698,none,66.4,33.6
35700,none,66.4,33.6
35702,none,66.4,33.6
35704,none,66.4,33.6
35706,none,66.4,33.6
35708,none,66.4,33.6
35710,none,66.4,33.6
35712,none,66.4,33.6
35714,none,66.4,33.6
35716,none,66.4,33.6
35718,none,66.4,33.6
35720,none,66.4,33.6
35722,none,66.4,33.6
35724,A,66.5,33.5
35726,none,66.5,33.5
35728,none,66.5,33.5
35730,none,66.5,33.5
35732,A,66.5,33.5
35734,none,66.5,33.5
35736,A,66.5,33.5
35738,A,66.5,33.5
35740,A,66.5,33.5
35742,none,66.5,33.5
35744,none,66.5,33.5
35746,none,66.5,33.5
35748,none,66.5,33.5
35750,none,66.5,33.5
35752,none,66.5,33.5
35754,none,66.5,33.5
35756,none,66.5,33.5
35758,none,66.5,33.5
35760,none,66.5,33.5
35762,none,66.5,33.5
35764,none,66.5,33.5
35766,none,66.5,33.5
35768,none,66.5,33.5
35770,A,66.5,33.5
35772,A,66.5,33.5
35774,A,66.6,33.4
35776,B,66.5,33.5
35778,A,66.5,33.5
35780,A,66.6,33.4
35782,none,66.6,33.4
35784,none,66.6,33.4
35786,none,66.6,33.4
35788,none,66.6,33.4
35790,none,66.6,33.4
35792,none,66.6,33.4
35794,none,66.6,33.4
35796,none,66.6,33.4
35798,none,66.6,33.4
35800,none,66.6,33.4
35802,none,66.6,33.4
35804,none,66.6,33.4
35806,none,66.6,33.4
35808,none,66.6,33.4
35810,none,66.6,33.4
35812,none,66.6,33.4
35814,none,66.6,33.4
35816,none,66.6,33.4
35818,none,66.6,33.4
35820,none,66.6,33.4
35822,none,66.6,33.4
35824,none,66.6,33.4
35826,none,66.6,33.4
35828,none,66.6,33.4
35830,none,66.6,33.4
35832,none,66.6,33.4
35834,none,66.6,33.4
35836,none,66.6,33.4
35838,none,66.6,33.4
35840,none,66.6,33.4
35842,none,66.6,33.4
35844,B,66.5,33.5
35846,none,66.5,33.5
35848,A,66.5,33.5
35850,A,66.6,33.4
35852,A,66.6,33.4
35854,B,66.5,33.5
35856,none,66.5,33.5
35858,none,66.5,33.5
35860,none,66.5,33.5
35862,none,66.5,33.5
35864,none,66.5,33.5
35866,none,66.5,33.5
35868,none,66.5,33.5
35870,B,66.5,33.5
35872,B,66.5,33.5
35874,B,66.5,33.5
35876,A,66.5,33.5
35878,B,66.4,33.6
35880,none,66.4,33.6
35882,none,66.4,33.6
35884,none,66.4,33.6
35886,none,66.4,33.6
35888,none,66.4,33.6
35890,none,66.4,33.6
35892,none,66.4,33.6
35894,none,66.4,33.6
35896,none,66.4,33.6
35898,none,66.4,33.6
35900,none,66.4,33.6
35902,none,66.4,33.6
35904,none,66.4,33.6
35906,none,66.4,33.6
35908,none,66.4,33.6
35910,none,66.4,33.6
35912,none,66.4,33.6
35914,none,66.4,33.6
35916,B,66.4,33.6
35918,B,66.4,33.6
35920,B,66.4,33.6
35922,B,66.3,33.7
35924,none,66.3,33.7
35926,none,66.3,33.7
35928,none,66.3,33.7
35930,none,66.3,33.7
35932,none,66.3,33.7
35934,B,66.3,33.7
35936,none,66.3,33.7
35938,A,66.3,33.7
35940,A,66.3,33.7
35942,A,66.3,33.7
35944,none,66.3,33.7
35946,none,66.3,33.7
35948,none,66.3,33.7
35950,A,66.4,33.6
35952,none,66.4,33.6
35954,none,66.4,33.6
35956,none,66.4,33.6
35958,none,66.4,33.6
35960,none,66.4,33.6
35962,none,66.4,33.6
35964,none,66.4,33.6
35966,none,66.4,33.6
35968,none,66.4,33.6
35970,none,66.4,33.6
35972,none,66.4,33.6
35974,none,66.4,33.6
35976,none,66.4,33.6
35978,none,66.4,33.6
35980,none,66.4,33.6
35982,none,66.4,33.6
35984,none,66.4,33.6
35986,none,66.4,33.6
35988,none,66.4,33.6
35990,none,66.4,33.6
35992,none,66.4,33.6
35994,none,66.4,33.6
35996,none,66.4,33.6
35998,none,66.4,33.6
36000,none,66.4,33.6
36002,none,66.4,33.6
36004,none,66.4,33.6
36006,none,66.4,33.6
36008,none,66.4,33.6
36010,none,66.4,33.6
36012,none,66.4,33.6
36014,none,66.4,33.6
36016,B,66.3,33.7
36018,B,66.3,33.7
36020,B,66.3,33.7
36022,none,66.3,33.7
36024,none,66.3,33.7
36026,none,66.3,33.7
36028,B,66.2,33.8
36030,B,66.2,33.8
36032,B,66.2,33.8
36034,none,66.2,33.8
36036,B,66.2,33.8
36038,none,66.2,33.8
36040,none,66.2,33.8
36042,none,66.2,33.8
36044,none,66.2,33.8
36046,B,66.1,33.9
36048,B,66.1,33.9
36050,B,66.1,33.9
36052,B,66.0,34.0
36054,B,66.0,34.0
36056,B,66.0,34.0
36058,B,66.0,34.0
36060,B,65.9,34.1
36062,none,65.9,34.1
36064,none,65.9,34.1
36066,none,65.9,34.1
36068,none,65.9,34.1
36070,none,65.9,34.1
36072,none,65.9,34.1
36074,none,65.9,34.1
36076,none,65.9,34.1
36078,none,65.9,34.1
36080,none,65.9,34.1
36082,none,65.9,34.1
36084,none,65.9,34.1
36086,none,65.9,34.1
36088,none,65.9,34.1
36090,none,65.9,34.1
36092,B,65.9,34.1
36094,none,65.9,34.1
36096,none,65.9,34.1
36098,none,65.9,34.1
36100,none,65.9,34.1
36102,none,65.9,34.1
36104,A,65.9,34.1
36106,A,65.9,34.1
36108,B,65.9,34.1
36110,none,65.9,34.1
36112,none,65.9,34.1
36114,none,65.9,34.1
36116,none,65.9,34.1
36118,none,65.9,34.1
36120,A,65.9,34.1
36122,none,65.9,34.1
36124,none,65.9,34.1
36126,none,65.9,34.1
36128,none,65.9,34.1
36130,none,65.9,34.1
36132,none,65.9,34.1
36134,none,65.9,34.1
36136,none,65.9,34.1
36138,none,65.9,34.1
36140,none,65.9,34.1
36142,none,65.9,34.1
36144,none,65.9,34.1
36146,none,65.9,34.1
36148,none,65.9,34.1
36150,none,65.9,34.1
36152,none,65.9,34.1
36154,none,65.9,34.1
36156,none,65.9,34.1
36158,none,65.9,34.1
36160,none,65.9,34.1
36162,none,65.9,34.1
36164,none,65.9,34.1
36166,none,65.9,34.1
36168,none,65.9,34.1
36170,none,65.9,34.1
36172,none,65.9,34.1
36174,none,65.9,34.1
36176,none,65.9,34.1
36178,none,65.9,34.1
36180,none,65.9,34.1
36182,none,65.9,34.1
36184,none,65.9,34.1
36186,none,65.9,34.1
36188,none,65.9,34.1
36190,none,65.9,34.1
36192,none,65.9,34.1
36194,none,65.9,34.1
36196,none,65.9,34.1
36198,none,65.9,34.1
36200,none,65.9,34.1
36202,none,65.9,34.1
36204,none,65.9,34.1
36206,none,65.9,34.1
36208,none,65.9,34.1
36210,none,65.9,34.1
36212,none,65.9,34.1
36214,A,65.9,34.1
36216,none,65.9,34.1
36218,B,65.9,34.1
36220,none,65.9,34.1
36222,none,65.9,34.1
36224,none,65.9,34.1
36226,none,65.9,34.1
36228,none,65.9,34.1
36230,B,65.9,34.1
36232,B,65.8,34.2
36234,none,65.8,34.2
36236,none,65.8,34.2
36238,none,65.8,34.2
36240,none,65.8,34.2
36242,none,65.8,34.2
36244,none,65.8,34.2
36246,none,65.8,34.2
36248,none,65.8,34.2
36250,none,65.8,34.2
36252,none,65.8,34.2
36254,none,65.8,34.2
36256,none,65.8,34.2
36258,none,65.8,34.2
36260,none,65.8,34.2
36262,B,65.8,34.2
36264,none,65.8,34.2
36266,none,65.8,34.2
36268,none,65.8,34.2
36270,none,65.8,34.2
36272,none,65.8,34.2
36274,none,65.8,34.2
36276,none,65.8,34.2
36278,none,65.8,34.2
36280,none,65.8,34.2
36282,none,65.8,34.2
36284,none,65.8,34.2
36286,none,65.8,34.2
36288,none,65.8,34.2
36290,none,65.8,34.2
36292,none,65.8,34.2
36294,none,65.8,34.2
36296,none,65.8,34.2
36298,none,65.8,34.2
36300,none,65.8,34.2
36302,none,65.8,34.2
36304,none,65.8,34.2
36306,none,65.8,34.2
36308,none,65.8,34.2
36310,none,65.8,34.2
36312,none,65.8,34.2
36314,none,65.8,34.2
36316,none,65.8,34.2
36318,none,65.8,34.2
36320,none,65.8,34.2
36322,none,65.8,34.2
36324,none,65.8,34.2
36326,none,65.8,34.2
36328,none,65.8,34.2
36330,none,65.8,34.2
36332,none,65.8,34.2
36334,none,65.8,34.2
36336,none,65.8,34.2
36338,none,65.8,34.2
36340,none,65.8,34.2
36342,none,65.8,34.2
36344,none,65.8,34.2
36346,none,65.8,34.2
36348,none,65.8,34.2
36350,none,65.8,34.2
36352,none,65.8,34.2
36354,none,65.8,34.2
36356,none,65.8,34.2
36358,none,65.8,34.2
36360,none,65.8,34.2
36362,none,65.8,34.2
36364,none,65.8,34.2
36366,none,65.8,34.2
36368,none,65.8,34.2
36370,none,65.8,34.2
36372,none,65.8,34.2
36374,none,65.8,34.2
36376,none,65.8,34.2
36378,none,65.8,34.2
36380,none,65.8,34.2
36382,none,65.8,34.2
36384,none,65.8,34.2
36386,none,65.8,34.2
36388,none,65.8,34.2
36390,none,65.8,34.2
36392,none,65.8,34.2
36394,none,65.8,34.2
36396,none,65.8,34.2
36398,none,65.8,34.2
36400,none,65.8,34.2
36402,none,65.8,34.2
36404,none,65.8,34.2
36406,none,65.8,34.2
36408,none,65.8,34.2
36410,none,65.8,34.2
36412,none,65.8,34.2
36414,none,65.8,34.2
36416,none,65.8,34.2
36418,none,65.8,34.2
36420,none,65.8,34.2
36422,none,65.8,34.2
36424,none,65.8,34.2
36426,none,65.8,34.2
36428,none,65.8,34.2
36430,none,65.8,34.2
36432,none,65.8,34.2
36434,none,65.8,34.2
36436,none,65.8,34.2
36438,none,65.8,34.2
36440,none,65.8,34.2
36442,none,65.8,34.2
36444,none,65.8,34.2
36446,none,65.8,34.2
36448,none,65.8,34.2
36450,none,65.8,34.2
36452,none,65.8,34.2
36454,none,65.8,34.2
36456,none,65.8,34.2
36458,none,65.8,34.2
36460,none,65.8,34.2
36462,none,65.8,34.2
36464,none,65.8,34.2
36466,none,65.8,34.2
36468,none,65.8,34.2
36470,none,65.8,34.2
36472,none,65.8,34.2
36474,none,65.8,34.2
36476,none,65.8,34.2
36478,none,65.8,34.2
36480,none,65.8,34.2
36482,none,65.8,34.2
36484,none,65.8,34.2
36486,none,65.8,34.2
36488,none,65.8,34.2
36490,none,65.8,34.2
36492,none,65.8,34.2
36494,none,65.8,34.2
36496,none,65.8,34.2
36498,none,65.8,34.2
36500,none,65.8,34.2
36502,none,65.8,34.2
36504,none,65.8,34.2
36506,none,65.8,34.2
36508,none,65.8,34.2
36510,none,65.8,34.2
36512,none,65.8,34.2
36514,none,65.8,34.2
36516,none,65.8,34.2
36518,none,65.8,34.2
36520,none,65.8,34.2
36522,none,65.8,34.2
36524,none,65.8,34.2
36526,none,65.8,34.2
36528,none,65.8,34.2
36530,none,65.8,34.2
36532,none,65.8,34.2
36534,none,65.8,34.2
36536,none,65.8,34.2
36538,none,65.8,34.2
36540,none,65.8,34.2
36542,none,65.8,34.2
36544,none,65.8,34.2
36546,none,65.8,34.2
36548,none,65.8,34.2
36550,none,65.8,34.2
36552,none,65.8,34.2
36554,none,65.8,34.2
36556,none,65.8,34.2
36558,none,65.8,34.2
36560,none,65.8,34.2
36562,none,65.8,34.2
36564,none,65.8,34.2
36566,none,65.8,34.2
36568,none,65.8,34.2
36570,none,65.8,34.2
36572,none,65.8,34.2
36574,none,65.8,34.2
36576,none,65.8,34.2
36578,none,65.8,34.2
36580,none,65.8,34.2
36582,none,65.8,34.2
36584,none,65.8,34.2
36586,none,65.8,34.2
36588,none,65.8,34.2
36590,none,65.8,34.2
36592,none,65.8,34.2
36594,none,65.8,34.2
36596,none,65.8,34.2
36598,none,65.8,34.2
36600,none,65.8,34.2
36602,none,65.8,34.2
36604,none,65.8,34.2
36606,none,65.8,34.2
36608,none,65.8,34.2
36610,none,65.8,34.2
36612,none,65.8,34.2
36614,none,65.8,34.2
36616,none,65.8,34.2
36618,none,65.8,34.2
36620,none,65.8,34.2
36622,none,65.8,34.2
36624,none,65.8,34.2
36626,none,65.8,34.2
36628,none,65.8,34.2
36630,none,65.8,34.2
36632,none,65.8,34.2
36634,none,65.8,34.2
36636,none,65.8,34.2
36638,none,65.8,34.2
36640,none,65.8,34.2
36642,none,65.8,34.2
36644,none,65.8,34.2
36646,none,65.8,34.2
36648,none,65.8,34.2
36650,none,65.8,34.2
36652,none,65.8,34.2
36654,none,65.8,34.2
36656,none,65.8,34.2
36658,none,65.8,34.2
36660,none,65.8,34.2
36662,none,65.8,34.2
36664,none,65.8,34.2
36666,none,65.8,34.2
36668,none,65.8,34.2
36670,none,65.8,34.2
36672,none,65.8,34.2
36674,none,65.8,34.2
36676,none,65.8,34.2
36678,none,65.8,34.2
36680,none,65.8,34.2
36682,none,65.8,34.2
36684,none,65.8,34.2
36686,none,65.8,34.2
36688,none,65.8,34.2
36690,none,65.8,34.2
36692,none,65.8,34.2
36694,none,65.8,34.2
36696,none,65.8,34.2
36698,none,65.8,34.2
36700,none,65.8,34.2
36702,none,65.8,34.2
36704,none,65.8,34.2
36706,none,65.8,34.2
36708,none,65.8,34.2
36710,none,65.8,34.2
36712,none,65.8,34.2
36714,none,65.8,34.2
36716,none,65.8,34.2
36718,none,65.8,34.2
36720,none,65.8,34.2
36722,none,65.8,34.2
36724,none,65.8,34.2
36726,none,65.8,34.2
36728,none,65.8,34.2
36730,none,65.8,34.2
36732,none,65.8,34.2
36734,none,65.8,34.2
36736,none,65.8,34.2
36738,none,65.8,34.2
36740,none,65.8,34.2
36742,none,65.8,34.2
36744,none,65.8,34.2
36746,none,65.8,34.2
36748,none,65.8,34.2
36750,none,65.8,34.2
36752,none,65.8,34.2
36754,A,65.8,34.2
36756,none,65.8,34.2
36758,none,65.8,34.2
36760,none,65.8,34.2
36762,none,65.8,34.2
36764,none,65.8,34.2
36766,A,65.8,34.2
36768,A,65.9,34.1
36770,none,65.9,34.1
36772,none,65.9,34.1
36774,none,65.9,34.1
36776,none,65.9,34.1
36778,none,65.9,34.1
36780,none,65.9,34.1
36782,none,65.9,34.1
36784,none,65.9,34.1
36786,none,65.9,34.1
36788,none,65.9,34.1
36790,none,65.9,34.1
36792,none,65.9,34.1
36794,none,65.9,34.1
36796,none,65.9,34.1
36798,none,65.9,34.1
36800,none,65.9,34.1
36802,none,65.9,34.1
36804,none,65.9,34.1
36806,none,65.9,34.1
36808,none,65.9,34.1
36810,none,65.9,34.1
36812,none,65.9,34.1
36814,none,65.9,34.1
36816,none,65.9,34.1
36818,none,65.9,34.1
36820,none,65.9,34.1
36822,none,65.9,34.1
36824,none,65.9,34.1
36826,none,65.9,34.1
36828,none,65.9,34.1
36830,none,65.9,34.1
36832,none,65.9,34.1
36834,none,65.9,34.1
36836,none,65.9,34.1
36838,none,65.9,34.1
36840,none,65.9,34.1
36842,none,65.9,34.1
36844,none,65.9,34.1
36846,none,65.9,34.1
36848,none,65.9,34.1
36850,none,65.9,34.1
36852,none,65.9,34.1
36854,none,65.9,34.1
36856,none,65.9,34.1
36858,none,65.9,34.1
36860,none,65.9,34.1
36862,none,65.9,34.1
36864,none,65.9,34.1
36866,none,65.9,34.1
36868,none,65.9,34.1
36870,none,65.9,34.1
36872,none,65.9,34.1
36874,none,65.9,34.1
36876,B,65.8,34.2
36878,none,65.8,34.2
36880,none,65.8,34.2
36882,none,65.8,34.2
36884,none,65.8,34.2
36886,A,65.8,34.2
36888,A,65.9,34.1
36890,A,65.9,34.1
36892,none,65.9,34.1
36894,none,65.9,34.1
36896,none,65.9,34.1
36898,none,65.9,34.1
36900,none,65.9,34.1
36902,none,65.9,34.1
36904,none,65.9,34.1
36906,none,65.9,34.1
36908,none,65.9,34.1
36910,none,65.9,34.1
36912,none,65.9,34.1
36914,none,65.9,34.1
36916,A,65.9,34.1
36918,none,65.9,34.1
36920,none,65.9,34.1
36922,none,65.9,34.1
36924,none,65.9,34.1
36926,none,65.9,34.1
36928,A,65.9,34.1
36930,A,65.9,34.1
36932,none,65.9,34.1
36934,none,65.9,34.1
36936,none,65.9,34.1
36938,none,65.9,34.1
36940,none,65.9,34.1
36942,none,65.9,34.1
36944,none,65.9,34.1
36946,none,65.9,34.1
36948,none,65.9,34.1
36950,none,65.9,34.1
36952,none,65.9,34.1
36954,none,65.9,34.1
36956,none,65.9,34.1
36958,none,65.9,34.1
36960,none,65.9,34.1
36962,none,65.9,34.1
36964,none,65.9,34.1
36966,B,65.9,34.1
36968,none,65.9,34.1
36970,none,65.9,34.1
36972,none,65.9,34.1
36974,B,65.9,34.1
36976,none,65.9,34.1
36978,none,65.9,34.1
36980,none,65.9,34.1
36982,none,65.9,34.1
36984,none,65.9,34.1
36986,none,65.9,34.1
36988,none,65.9,34.1
36990,none,65.9,34.1
36992,none,65.9,34.1
36994,none,65.9,34.1
36996,none,65.9,34.1
36998,none,65.9,34.1
37000,none,65.9,34.1
37002,none,65.9,34.1
37004,none,65.9,34.1
37006,none,65.9,34.1
37008,none,65.9,34.1
37010,none,65.9,34.1
37012,none,65.9,34.1
37014,none,65.9,34.1
37016,none,65.9,34.1
37018,none,65.9,34.1
37020,none,65.9,34.1
37022,none,65.9,34.1
37024,none,65.9,34.1
37026,none,65.9,34.1
37028,none,65.9,34.1
37030,none,65.9,34.1
37032,none,65.9,34.1
37034,none,65.9,34.1
37036,none,65.9,34.1
37038,none,65.9,34.1
37040,none,65.9,34.1
37042,A,65.9,34.1
37044,A,65.9,34.1
37046,A,65.9,34.1
37048,none,65.9,34.1
37050,none,65.9,34.1
37052,A,65.9,34.1
37054,none,65.9,34.1
37056,none,65.9,34.1
37058,none,65.9,34.1
37060,A,65.9,34.1
37062,A,66.0,34.0
37064,A,66.0,34.0
37066,none,66.0,34.0
37068,none,66.0,34.0
37070,none,66.0,34.0
37072,A,66.0,34.0
37074,none,66.0,34.0
37076,none,66.0,34.0
37078,none,66.0,34.0
37080,none,66.0,34.0
37082,none,66.0,34.0
37084,none,66.0,34.0
37086,none,66.0,34.0
37088,none,66.0,34.0
37090,none,66.0,34.0
37092,none,66.0,34.0
37094,none,66.0,34.0
37096,none,66.0,34.0
37098,none,66.0,34.0
37100,none,66.0,34.0
37102,none,66.0,34.0
37104,none,66.0,34.0
37106,A,66.0,34.0
37108,none,66.0,34.0
37110,none,66.0,34.0
37112,none,66.0,34.0
37114,none,66.0,34.0
37116,none,66.0,34.0
37118,none,66.0,34.0
37120,none,66.0,34.0
37122,none,66.0,34.0
37124,none,66.0,34.0
37126,none,66.0,34.0
37128,none,66.0,34.0
37130,none,66.0,34.0
37132,none,66.0,34.0
37134,none,66.0,34.0
37136,A,66.0,34.0
37138,A,66.0,34.0
37140,A,66.0,34.0
37142,none,66.0,34.0
37144,none,66.0,34.0
37146,A,66.1,33.9
37148,A,66.1,33.9
37150,A,66.1,33.9
37152,none,66.1,33.9
37154,none,66.1,33.9
37156,none,66.1,33.9
37158,none,66.1,33.9
37160,none,66.1,33.9
37162,none,66.1,33.9
37164,none,66.1,33.9
37166,none,66.1,33.9
37168,none,66.1,33.9
37170,none,66.1,33.9
37172,none,66.1,33.9
37174,none,66.1,33.9
37176,none,66.1,33.9
37178,none,66.1,33.9
37180,none,66.1,33.9
37182,none,66.1,33.9
37184,none,66.1,33.9
37186,none,66.1,33.9
37188,none,66.1,33.9
37190,none,66.1,33.9
37192,none,66.1,33.9
37194,none,66.1,33.9
37196,none,66.1,33.9
37198,none,66.1,33.9
37200,none,66.1,33.9
37202,none,66.1,33.9
37204,none,66.1,33.9
37206,none,66.1,33.9
37208,none,66.1,33.9
37210,none,66.1,33.9
37212,none,66.1,33.9
37214,none,66.1,33.9
37216,none,66.1,33.9
37218,none,66.1,33.9
37220,none,66.1,33.9
37222,none,66.1,33.9
37224,none,66.1,33.9
37226,none,66.1,33.9
37228,none,66.1,33.9
37230,none,66.1,33.9
37232,none,66.1,33.9
37234,none,66.1,33.9
37236,none,66.1,33.9
37238,none,66.1,33.9
37240,none,66.1,33.9
37242,none,66.1,33.9
37244,none,66.1,33.9
37246,none,66.1,33.9
37248,none,66.1,33.9
37250,none,66.1,33.9
37252,A,66.1,33.9
37254,none,66.1,33.9
37256,none,66.1,33.9
37258,none,66.1,33.9
37260,none,66.1,33.9
37262,none,66.1,33.9
37264,none,66.1,33.9
37266,none,66.1,33.9
37268,none,66.1,33.9
37270,none,66.1,33.9
37272,A,66.1,33.9
37274,none,66.1,33.9
37276,none,66.1,33.9
37278,none,66.1,33.9
37280,none,66.1,33.9
37282,none,66.1,33.9
37284,none,66.1,33.9
37286,none,66.1,33.9
37288,none,66.1,33.9
37290,none,66.1,33.9
37292,none,66.1,33.9
37294,none,66.1,33.9
37296,none,66.1,33.9
37298,none,66.1,33.9
37300,none,66.1,33.9
37302,none,66.1,33.9
37304,none,66.1,33.9
37306,none,66.1,33.9
37308,none,66.1,33.9
37310,none,66.1,33.9
37312,none,66.1,33.9
37314,none,66.1,33.9
37316,none,66.1,33.9
37318,none,66.1,33.9
37320,none,66.1,33.9
37322,none,66.1,33.9
37324,none,66.1,33.9
37326,none,66.1,33.9
37328,none,66.1,33.9
37330,none,66.1,33.9
37332,none,66.1,33.9
37334,none,66.1,33.9
37336,none,66.1,33.9
37338,none,66.1,33.9
37340,none,66.1,33.9
37342,none,66.1,33.9
37344,none,66.1,33.9
37346,none,66.1,33.9
37348,none,66.1,33.9
37350,B,66.1,33.9
37352,B,66.1,33.9
37354,A,66.1,33.9
37356,B,66.0,34.0
37358,none,66.0,34.0
37360,none,66.0,34.0
37362,none,66.0,34.0
37364,none,66.0,34.0
37366,none,66.0,34.0
37368,none,66.0,34.0
37370,none,66.0,34.0
37372,none,66.0,34.0
37374,none,66.0,34.0
37376,none,66.0,34.0
37378,none,66.0,34.0
37380,none,66.0,34.0
37382,none,66.0,34.0
37384,none,66.0,34.0
37386,none,66.0,34.0
37388,none,66.0,34.0
37390,none,66.0,34.0
37392,none,66.0,34.0
37394,none,66.0,34.0
37396,none,66.0,34.0
37398,none,66.0,34.0
37400,none,66.0,34.0
37402,none,66.0,34.0
37404,none,66.0,34.0
37406,none,66.0,34.0
37408,none,66.0,34.0
37410,none,66.0,34.0
37412,none,66.0,34.0
37414,none,66.0,34.0
37416,none,66.0,34.0
37418,B,66.0,34.0
37420,B,66.0,34.0
37422,B,66.0,34.0
37424,none,66.0,34.0
37426,none,66.0,34.0
37428,none,66.0,34.0
37430,none,66.0,34.0
37432,B,65.9,34.1
37434,none,65.9,34.1
37436,none,65.9,34.1
37438,B,65.9,34.1
37440,none,65.9,34.1
37442,none,65.9,34.1
37444,none,65.9,34.1
37446,none,65.9,34.1
37448,A,65.9,34.1
37450,A,65.9,34.1
37452,A,65.9,34.1
37454,none,65.9,34.1
37456,none,65.9,34.1
37458,none,65.9,34.1
37460,none,65.9,34.1
37462,none,65.9,34.1
37464,none,65.9,34.1
37466,none,65.9,34.1
37468,none,65.9,34.1
37470,none,65.9,34.1
37472,none,65.9,34.1
37474,none,65.9,34.1
37476,none,65.9,34.1
37478,none,65.9,34.1
37480,none,65.9,34.1
37482,none,65.9,34.1
37484,none,65.9,34.1
37486,none,65.9,34.1
37488,none,65.9,34.1
37490,none,65.9,34.1
37492,none,65.9,34.1
37494,none,65.9,34.1
37496,none,65.9,34.1
37498,none,65.9,34.1
37500,none,65.9,34.1
37502,none,65.9,34.1
37504,none,65.9,34.1
37506,none,65.9,34.1
37508,none,65.9,34.1
37510,none,65.9,34.1
37512,none,65.9,34.1
37514,none,65.9,34.1
37516,none,65.9,34.1
37518,none,65.9,34.1
37520,none,65.9,34.1
37522,none,65.9,34.1
37524,none,65.9,34.1
37526,none,65.9,34.1
37528,none,65.9,34.1
37530,none,65.9,34.1
37532,none,65.9,34.1
37534,none,65.9,34.1
37536,none,65.9,34.1
37538,none,65.9,34.1
37540,none,65.9,34.1
37542,none,65.9,34.1
37544,none,65.9,34.1
37546,A,66.0,34.0
37548,A,66.0,34.0
37550,none,66.0,34.0
37552,A,66.0,34.0
37554,A,66.0,34.0
37556,A,66.0,34.0
37558,none,66.0,34.0
37560,none,66.0,34.0
37562,none,66.0,34.0
37564,none,66.0,34.0
37566,none,66.0,34.0
37568,none,66.0,34.0
37570,none,66.0,34.0
37572,none,66.0,34.0
37574,none,66.0,34.0
37576,none,66.0,34.0
37578,none,66.0,34.0
37580,none,66.0,34.0
37582,none,66.0,34.0
37584,none,66.0,34.0
37586,none,66.0,34.0
37588,none,66.0,34.0
37590,none,66.0,34.0
37592,none,66.0,34.0
37594,none,66.0,34.0
37596,none,66.0,34.0
37598,none,66.0,34.0
37600,none,66.0,34.0
37602,none,66.0,34.0
37604,none,66.0,34.0
37606,none,66.0,34.0
37608,none,66.0,34.0
37610,none,66.0,34.0
37612,none,66.0,34.0
37614,none,66.0,34.0
37616,none,66.0,34.0
37618,none,66.0,34.0
37620,none,66.0,34.0
37622,none,66.0,34.0
37624,none,66.0,34.0
37626,none,66.0,34.0
37628,A,66.0,34.0
37630,A,66.0,34.0
37632,A,66.1,33.9
37634,A,66.1,33.9
37636,A,66.1,33.9
37638,none,66.1,33.9
37640,none,66.1,33.9
37642,none,66.1,33.9
37644,none,66.1,33.9
37646,none,66.1,33.9
37648,none,66.1,33.9
37650,none,66.1,33.9
37652,none,66.1,33.9
37654,none,66.1,33.9
37656,none,66.1,33.9
37658,none,66.1,33.9
37660,none,66.1,33.9
37662,A,66.1,33.9
37664,A,66.1,33.9
37666,A,66.1,33.9
37668,none,66.1,33.9
37670,none,66.1,33.9
37672,none,66.1,33.9
37674,none,66.1,33.9
37676,none,66.1,33.9
37678,none,66.1,33.9
37680,none,66.1,33.9
37682,none,66.1,33.9
37684,none,66.1,33.9
37686,none,66.1,33.9
37688,none,66.1,33.9
37690,none,66.1,33.9
37692,none,66.1,33.9
37694,B,66.1,33.9
37696,none,66.1,33.9
37698,B,66.1,33.9
37700,none,66.1,33.9
37702,none,66.1,33.9
37704,none,66.1,33.9
37706,A,66.1,33.9
37708,none,66.1,33.9
37710,A,66.1,33.9
37712,A,66.1,33.9
37714,none,66.1,33.9
37716,none,66.1,33.9
37718,B,66.1,33.9
37720,none,66.1,33.9
37722,none,66.1,33.9
37724,none,66.1,33.9
37726,A,66.1,33.9
37728,A,66.1,33.9
37730,none,66.1,33.9
37732,none,66.1,33.9
37734,none,66.1,33.9
37736,A,66.1,33.9
37738,A,66.1,33.9
37740,none,66.1,33.9
37742,none,66.1,33.9
37744,none,66.1,33.9
37746,none,66.1,33.9
37748,none,66.1,33.9
37750,none,66.1,33.9
37752,none,66.1,33.9
37754,B,66.1,33.9
37756,none,66.1,33.9
37758,A,66.1,33.9
37760,none,66.1,33.9
37762,none,66.1,33.9
37764,none,66.1,33.9
37766,none,66.1,33.9
37768,none,66.1,33.9
37770,none,66.1,33.9
37772,none,66.1,33.9
37774,none,66.1,33.9
37776,none,66.1,33.9
37778,none,66.1,33.9
37780,none,66.1,33.9
37782,none,66.1,33.9
37784,none,66.1,33.9
37786,none,66.1,33.9
37788,none,66.1,33.9
37790,none,66.1,33.9
37792,none,66.1,33.9
37794,none,66.1,33.9
37796,none,66.1,33.9
37798,none,66.1,33.9
37800,none,66.1,33.9
37802,none,66.1,33.9
37804,none,66.1,33.9
37806,none,66.1,33.9
37808,none,66.1,33.9
37810,none,66.1,33.9
37812,none,66.1,33.9
37814,none,66.1,33.9
37816,none,66.1,33.9
37818,none,66.1,33.9
37820,none,66.1,33.9
37822,none,66.1,33.9
37824,none,66.1,33.9
37826,none,66.1,33.9
37828,none,66.1,33.9
37830,none,66.1,33.9
37832,none,66.1,33.9
37834,A,66.1,33.9
37836,A,66.2,33.8
37838,A,66.2,33.8
37840,A,66.2,33.8
37842,none,66.2,33.8
37844,none,66.2,33.8
37846,none,66.2,33.8
37848,none,66.2,33.8
37850,none,66.2,33.8
37852,none,66.2,33.8
37854,none,66.2,33.8
37856,none,66.2,33.8
37858,B,66.2,33.8
37860,none,66.2,33.8
37862,A,66.2,33.8
37864,none,66.2,33.8
37866,none,66.2,33.8
37868,none,66.2,33.8
37870,none,66.2,33.8
37872,none,66.2,33.8
37874,A,66.2,33.8
37876,A,66.2,33.8
37878,none,66.2,33.8
37880,none,66.2,33.8
37882,none,66.2,33.8
37884,none,66.2,33.8
37886,none,66.2,33.8
37888,none,66.2,33.8
37890,none,66.2,33.8
37892,none,66.2,33.8
37894,none,66.2,33.8
37896,none,66.2,33.8
37898,none,66.2,33.8
37900,none,66.2,33.8
37902,none,66.2,33.8
37904,none,66.2,33.8
37906,none,66.2,33.8
37908,none,66.2,33.8
37910,none,66.2,33.8
37912,none,66.2,33.8
37914,A,66.2,33.8
37916,none,66.2,33.8
37918,none,66.2,33.8
37920,none,66.2,33.8
37922,none,66.2,33.8
37924,none,66.2,33.8
37926,none,66.2,33.8
37928,none,66.2,33.8
37930,none,66.2,33.8
37932,none,66.2,33.8
37934,none,66.2,33.8
37936,none,66.2,33.8
37938,none,66.2,33.8
37940,none,66.2,33.8
37942,none,66.2,33.8
37944,none,66.2,33.8
37946,none,66.2,33.8
37948,none,66.2,33.8
37950,none,66.2,33.8
37952,none,66.2,33.8
37954,none,66.2,33.8
37956,none,66.2,33.8
37958,none,66.2,33.8
37960,none,66.2,33.8
37962,none,66.2,33.8
37964,none,66.2,33.8
37966,none,66.2,33.8
37968,none,66.2,33.8
37970,none,66.2,33.8
37972,none,66.2,33.8
37974,none,66.2,33.8
37976,none,66.2,33.8
37978,none,66.2,33.8
37980,none,66.2,33.8
37982,none,66.2,33.8
37984,none,66.2,33.8
37986,none,66.2,33.8
37988,none,66.2,33.8
37990,none,66.2,33.8
37992,none,66.2,33.8
37994,none,66.2,33.8
37996,none,66.2,33.8
37998,none,66.2,33.8
38000,none,66.2,33.8
38002,none,66.2,33.8
38004,none,66.2,33.8
38006,none,66.2,33.8
38008,none,66.2,33.8
38010,none,66.2,33.8
38012,none,66.2,33.8
38014,none,66.2,33.8
38016,none,66.2,33.8
38018,none,66.2,33.8
38020,none,66.2,33.8
38022,none,66.2,33.8
38024,none,66.2,33.8
38026,none,66.2,33.8
38028,none,66.2,33.8
38030,none,66.2,33.8
38032,none,66.2,33.8
38034,none,66.2,33.8
38036,none,66.2,33.8
38038,none,66.2,33.8
38040,none,66.2,33.8
38042,A,66.2,33.8
38044,none,66.2,33.8
38046,none,66.2,33.8
38048,none,66.2,33.8
38050,none,66.2,33.8
38052,none,66.2,33.8
38054,none,66.2,33.8
38056,none,66.2,33.8
38058,none,66.2,33.8
38060,none,66.2,33.8
38062,none,66.2,33.8
38064,none,66.2,33.8
38066,none,66.2,33.8
38068,none,66.2,33.8
38070,none,66.2,33.8
38072,none,66.2,33.8
38074,none,66.2,33.8
38076,none,66.2,33.8
38078,none,66.2,33.8
38080,none,66.2,33.8
38082,none,66.2,33.8
38084,none,66.2,33.8
38086,none,66.2,33.8
38088,none,66.2,33.8
38090,none,66.2,33.8
38092,none,66.2,33.8
38094,none,66.2,33.8
38096,none,66.2,33.8
38098,none,66.2,33.8
38100,none,66.2,33.8
38102,none,66.2,33.8
38104,none,66.2,33.8
38106,none,66.2,33.8
38108,none,66.2,33.8
38110,none,66.2,33.8
38112,none,66.2,33.8
38114,none,66.2,33.8
38116,none,66.2,33.8
38118,none,66.2,33.8
38120,none,66.2,33.8
38122,none,66.2,33.8
38124,none,66.2,33.8
38126,none,66.2,33.8
38128,none,66.2,33.8
38130,none,66.2,33.8
38132,none,66.2,33.8
38134,none,66.2,33.8
38136,none,66.2,33.8
38138,none,66.2,33.8
38140,none,66.2,33.8
38142,none,66.2,33.8
38144,none,66.2,33.8
38146,none,66.2,33.8
38148,none,66.2,33.8
38150,none,66.2,33.8
38152,none,66.2,33.8
38154,none,66.2,33.8
38156,none,66.2,33.8
38158,none,66.2,33.8
38160,none,66.2,33.8
38162,none,66.2,33.8
38164,none,66.2,33.8
38166,none,66.2,33.8
38168,none,66.2,33.8
38170,none,66.2,33.8
38172,none,66.2,33.8
38174,none,66.2,33.8
38176,none,66.2,33.8
38178,none,66.2,33.8
38180,none,66.2,33.8
38182,none,66.2,33.8
38184,none,66.2,33.8
38186,none,66.2,33.8
38188,none,66.2,33.8
38190,none,66.2,33.8
38192,none,66.2,33.8
38194,none,66.2,33.8
38196,none,66.2,33.8
38198,none,66.2,33.8
38200,none,66.2,33.8
38202,none,66.2,33.8
38204,none,66.2,33.8
38206,none,66.2,33.8
38208,none,66.2,33.8
38210,none,66.2,33.8
38212,none,66.2,33.8
38214,none,66.2,33.8
38216,none,66.2,33.8
38218,none,66.2,33.8
38220,none,66.2,33.8
38222,none,66.2,33.8
38224,none,66.2,33.8
38226,none,66.2,33.8
38228,none,66.2,33.8
38230,none,66.2,33.8
38232,none,66.2,33.8
38234,none,66.2,33.8
38236,none,66.2,33.8
38238,none,66.2,33.8
38240,none,66.2,33.8
38242,none,66.2,33.8
38244,none,66.2,33.8
38246,none,66.2,33.8
38248,none,66.2,33.8
38250,none,66.2,33.8
38252,none,66.2,33.8
38254,none,66.2,33.8
38256,none,66.2,33.8
38258,none,66.2,33.8
38260,none,66.2,33.8
38262,none,66.2,33.8
38264,none,66.2,33.8
38266,none,66.2,33.8
38268,none,66.2,33.8
38270,none,66.2,33.8
38272,none,66.2,33.8
38274,none,66.2,33.8
38276,none,66.2,33.8
38278,none,66.2,33.8
38280,none,66.2,33.8
38282,none,66.2,33.8
38284,none,66.2,33.8
38286,none,66.2,33.8
38288,none,66.2,33.8
38290,none,66.2,33.8
38292,none,66.2,33.8
38294,none,66.2,33.8
38296,none,66.2,33.8
38298,none,66.2,33.8
38300,none,66.2,33.8
38302,none,66.2,33.8
38304,none,66.2,33.8
38306,none,66.2,33.8
38308,none,66.2,33.8
38310,none,66.2,33.8
38312,none,66.2,33.8
38314,none,66.2,33.8
38316,none,66.2,33.8
38318,none,66.2,33.8
38320,none,66.2,33.8
38322,none,66.2,33.8
38324,none,66.2,33.8
38326,none,66.2,33.8
38328,none,66.2,33.8
38330,none,66.2,33.8
38332,none,66.2,33.8
38334,none,66.2,33.8
38336,none,66.2,33.8
38338,none,66.2,33.8
38340,none,66.2,33.8
38342,none,66.2,33.8
38344,none,66.2,33.8
38346,none,66.2,33.8
38348,none,66.2,33.8
38350,none,66.2,33.8
38352,none,66.2,33.8
38354,B,66.2,33.8
38356,B,66.2,33.8
38358,none,66.2,33.8
38360,none,66.2,33.8
38362,none,66.2,33.8
38364,none,66.2,33.8
38366,none,66.2,33.8
38368,none,66.2,33.8
38370,B,66.2,33.8
38372,none,66.2,33.8
38374,none,66.2,33.8
38376,none,66.2,33.8
38378,none,66.2,33.8
38380,none,66.2,33.8
38382,none,66.2,33.8
38384,none,66.2,33.8
38386,none,66.2,33.8
38388,A,66.2,33.8
38390,none,66.2,33.8
38392,none,66.2,33.8
38394,none,66.2,33.8
38396,none,66.2,33.8
38398,none,66.2,33.8
38400,none,66.2,33.8
38402,A,66.2,33.8
38404,A,66.2,33.8
38406,none,66.2,33.8
38408,none,66.2,33.8
38410,A,66.2,33.8
38412,none,66.2,33.8
38414,none,66.2,33.8
38416,none,66.2,33.8
38418,A,66.2,33.8
38420,A,66.2,33.8
38422,A,66.3,33.7
38424,none,66.3,33.7
38426,A,66.3,33.7
38428,A,66.3,33.7
38430,none,66.3,33.7
38432,none,66.3,33.7
38434,none,66.3,33.7
38436,A,66.3,33.7
38438,none,66.3,33.7
38440,none,66.3,33.7
38442,none,66.3,33.7
38444,none,66.3,33.7
38446,none,66.3,33.7
38448,none,66.3,33.7
38450,none,66.3,33.7
38452,none,66.3,33.7
38454,A,66.3,33.7
38456,none,66.3,33.7
38458,none,66.3,33.7
38460,none,66.3,33.7
38462,none,66.3,33.7
38464,none,66.3,33.7
38466,none,66.3,33.7
38468,none,66.3,33.7
38470,none,66.3,33.7
38472,none,66.3,33.7
38474,none,66.3,33.7
38476,none,66.3,33.7
38478,A,66.3,33.7
38480,none,66.3,33.7
38482,none,66.3,33.7
38484,none,66.3,33.7
38486,A,66.3,33.7
38488,none,66.3,33.7
38490,none,66.3,33.7
38492,none,66.3,33.7
38494,none,66.3,33.7
38496,none,66.3,33.7
38498,none,66.3,33.7
38500,none,66.3,33.7
38502,none,66.3,33.7
38504,none,66.3,33.7
38506,none,66.3,33.7
38508,none,66.3,33.7
38510,none,66.3,33.7
38512,none,66.3,33.7
38514,none,66.3,33.7
38516,none,66.3,33.7
38518,none,66.3,33.7
38520,none,66.3,33.7
38522,none,66.3,33.7
38524,none,66.3,33.7
38526,none,66.3,33.7
38528,none,66.3,33.7
38530,none,66.3,33.7
38532,none,66.3,33.7
38534,none,66.3,33.7
38536,none,66.3,33.7
38538,none,66.3,33.7
38540,none,66.3,33.7
38542,none,66.3,33.7
38544,none,66.3,33.7
38546,none,66.3,33.7
38548,none,66.3,33.7
38550,none,66.3,33.7
38552,none,66.3,33.7
38554,none,66.3,33.7
38556,none,66.3,33.7
38558,none,66.3,33.7
38560,none,66.3,33.7
38562,none,66.3,33.7
38564,none,66.3,33.7
38566,none,66.3,33.7
38568,none,66.3,33.7
38570,none,66.3,33.7
38572,none,66.3,33.7
38574,none,66.3,33.7
38576,none,66.3,33.7
38578,none,66.3,33.7
38580,none,66.3,33.7
38582,none,66.3,33.7
38584,none,66.3,33.7
38586,none,66.3,33.7
38588,none,66.3,33.7
38590,none,66.3,33.7
38592,none,66.3,33.7
38594,none,66.3,33.7
38596,none,66.3,33.7
38598,none,66.3,33.7
38600,none,66.3,33.7
38602,none,66.3,33.7
38604,none,66.3,33.7
38606,none,66.3,33.7
38608,none,66.3,33.7
38610,none,66.3,33.7
38612,none,66.3,33.7
38614,none,66.3,33.7
38616,none,66.3,33.7
38618,none,66.3,33.7
38620,none,66.3,33.7
38622,none,66.3,33.7
38624,none,66.3,33.7
38626,none,66.3,33.7
38628,none,66.3,33.7
38630,none,66.3,33.7
38632,none,66.3,33.7
38634,none,66.3,33.7
38636,none,66.3,33.7
38638,none,66.3,33.7
38640,none,66.3,33.7
38642,none,66.3,33.7
38644,none,66.3,33.7
38646,none,66.3,33.7
38648,none,66.3,33.7
38650,none,66.3,33.7
38652,none,66.3,33.7
38654,none,66.3,33.7
38656,none,66.3,33.7
38658,none,66.3,33.7
38660,none,66.3,33.7
38662,none,66.3,33.7
38664,none,66.3,33.7
38666,none,66.3,33.7
38668,none,66.3,33.7
38670,none,66.3,33.7
38672,none,66.3,33.7
38674,none,66.3,33.7
38676,none,66.3,33.7
38678,none,66.3,33.7
38680,none,66.3,33.7
38682,B,66.3,33.7
38684,none,66.3,33.7
38686,none,66.3,33.7
38688,none,66.3,33.7
38690,none,66.3,33.7
38692,none,66.3,33.7
38694,none,66.3,33.7
38696,none,66.3,33.7
38698,none,66.3,33.7
38700,none,66.3,33.7
38702,none,66.3,33.7
38704,none,66.3,33.7
38706,none,66.3,33.7
38708,none,66.3,33.7
38710,none,66.3,33.7
38712,none,66.3,33.7
38714,none,66.3,33.7
38716,none,66.3,33.7
38718,none,66.3,33.7
38720,none,66.3,33.7
38722,none,66.3,33.7
38724,none,66.3,33.7
38726,none,66.3,33.7
38728,B,66.3,33.7
38730,B,66.3,33.7
38732,none,66.3,33.7
38734,B,66.2,33.8
38736,B,66.2,33.8
38738,none,66.2,33.8
38740,none,66.2,33.8
38742,none,66.2,33.8
38744,none,66.2,33.8
38746,none,66.2,33.8
38748,none,66.2,33.8
38750,none,66.2,33.8
38752,none,66.2,33.8
38754,none,66.2,33.8
38756,none,66.2,33.8
38758,none,66.2,33.8
38760,none,66.2,33.8
38762,none,66.2,33.8
38764,none,66.2,33.8
38766,none,66.2,33.8
38768,none,66.2,33.8
38770,none,66.2,33.8
38772,none,66.2,33.8
38774,none,66.2,33.8
38776,none,66.2,33.8
38778,none,66.2,33.8
38780,none,66.2,33.8
38782,none,66.2,33.8
38784,none,66.2,33.8
38786,none,66.2,33.8
38788,none,66.2,33.8
38790,none,66.2,33.8
38792,none,66.2,33.8
38794,none,66.2,33.8
38796,none,66.2,33.8
38798,none,66.2,33.8
38800,none,66.2,33.8
38802,none,66.2,33.8
38804,none,66.2,33.8
38806,none,66.2,33.8
38808,none,66.2,33.8
38810,none,66.2,33.8
38812,none,66.2,33.8
38814,none,66.2,33.8
38816,none,66.2,33.8
38818,none,66.2,33.8
38820,none,66.2,33.8
38822,none,66.2,33.8
38824,none,66.2,33.8
38826,A,66.2,33.8
38828,none,66.2,33.8
38830,none,66.2,33.8
38832,none,66.2,33.8
38834,none,66.2,33.8
38836,none,66.2,33.8
38838,none,66.2,33.8
38840,none,66.2,33.8
38842,none,66.2,33.8
38844,none,66.2,33.8
38846,none,66.2,33.8
38848,none,66.2,33.8
38850,none,66.2,33.8
38852,none,66.2,33.8
38854,none,66.2,33.8
38856,none,66.2,33.8
38858,none,66.2,33.8
38860,none,66.2,33.8
38862,none,66.2,33.8
38864,none,66.2,33.8
38866,none,66.2,33.8
38868,none,66.2,33.8
38870,none,66.2,33.8
38872,none,66.2,33.8
38874,none,66.2,33.8
38876,none,66.2,33.8
38878,none,66.2,33.8
38880,none,66.2,33.8
38882,B,66.2,33.8
38884,A,66.2,33.8
38886,B,66.2,33.8
38888,B,66.1,33.9
38890,none,66.1,33.9
38892,none,66.1,33.9
38894,none,66.1,33.9
38896,none,66.1,33.9
38898,none,66.1,33.9
38900,none,66.1,33.9
38902,none,66.1,33.9
38904,none,66.1,33.9
38906,none,66.1,33.9
38908,none,66.1,33.9
38910,none,66.1,33.9
38912,none,66.1,33.9
38914,none,66.1,33.9
38916,none,66.1,33.9
38918,none,66.1,33.9
38920,none,66.1,33.9
38922,none,66.1,33.9
38924,none,66.1,33.9
38926,none,66.1,33.9
38928,none,66.1,33.9
38930,none,66.1,33.9
38932,B,66.1,33.9
38934,none,66.1,33.9
38936,none,66.1,33.9
38938,none,66.1,33.9
38940,none,66.1,33.9
38942,none,66.1,33.9
38944,none,66.1,33.9
38946,none,66.1,33.9
38948,A,66.1,33.9
38950,none,66.1,33.9
38952,none,66.1,33.9
38954,B,66.1,33.9
38956,none,66.1,33.9
38958,none,66.1,33.9
38960,none,66.1,33.9
38962,none,66.1,33.9
38964,none,66.1,33.9
38966,none,66.1,33.9
38968,B,66.1,33.9
38970,B,66.0,34.0
38972,A,66.1,33.9
38974,none,66.1,33.9
38976,none,66.1,33.9
38978,none,66.1,33.9
38980,none,66.1,33.9
38982,A,66.1,33.9
38984,A,66.1,33.9
38986,A,66.1,33.9
38988,none,66.1,33.9
38990,none,66.1,33.9
38992,none,66.1,33.9
38994,none,66.1,33.9
38996,none,66.1,33.9
38998,none,66.1,33.9
39000,none,66.1,33.9
39002,none,66.1,33.9
39004,none,66.1,33.9
39006,none,66.1,33.9
39008,none,66.1,33.9
39010,none,66.1,33.9
39012,none,66.1,33.9
39014,none,66.1,33.9
39016,none,66.1,33.9
39018,none,66.1,33.9
39020,none,66.1,33.9
39022,none,66.1,33.9
39024,none,66.1,33.9
39026,none,66.1,33.9
39028,none,66.1,33.9
39030,none,66.1,33.9
39032,none,66.1,33.9
39034,A,66.1,33.9
39036,none,66.1,33.9
39038,none,66.1,33.9
39040,none,66.1,33.9
39042,none,66.1,33.9
39044,none,66.1,33.9
39046,none,66.1,33.9
39048,none,66.1,33.9
39050,none,66.1,33.9
39052,none,66.1,33.9
39054,none,66.1,33.9
39056,none,66.1,33.9
39058,A,66.1,33.9
39060,none,66.1,33.9
39062,none,66.1,33.9
39064,none,66.1,33.9
39066,none,66.1,33.9
39068,none,66.1,33.9
39070,none,66.1,33.9
39072,none,66.1,33.9
39074,none,66.1,33.9
39076,none,66.1,33.9
39078,none,66.1,33.9
39080,none,66.1,33.9
39082,none,66.1,33.9
39084,none,66.1,33.9
39086,none,66.1,33.9
39088,none,66.1,33.9
39090,none,66.1,33.9
39092,none,66.1,33.9
39094,none,66.1,33.9
39096,none,66.1,33.9
39098,none,66.1,33.9
39100,none,66.1,33.9
39102,none,66.1,33.9
39104,A,66.1,33.9
39106,none,66.1,33.9
39108,none,66.1,33.9
39110,none,66.1,33.9
39112,none,66.1,33.9
39114,none,66.1,33.9
39116,none,66.1,33.9
39118,none,66.1,33.9
39120,none,66.1,33.9
39122,none,66.1,33.9
39124,none,66.1,33.9
39126,none,66.1,33.9
39128,none,66.1,33.9
39130,none,66.1,33.9
39132,none,66.1,33.9
39134,none,66.1,33.9
39136,none,66.1,33.9
39138,none,66.1,33.9
39140,none,66.1,33.9
39142,none,66.1,33.9
39144,none,66.1,33.9
39146,none,66.1,33.9
39148,none,66.1,33.9
39150,none,66.1,33.9
39152,none,66.1,33.9
39154,none,66.1,33.9
39156,none,66.1,33.9
39158,none,66.1,33.9
39160,none,66.1,33.9
39162,none,66.1,33.9
39164,none,66.1,33.9
39166,none,66.1,33.9
39168,none,66.1,33.9
39170,none,66.1,33.9
39172,none,66.1,33.9
39174,none,66.1,33.9
39176,none,66.1,33.9
39178,none,66.1,33.9
39180,none,66.1,33.9
39182,none,66.1,33.9
39184,none,66.1,33.9
39186,none,66.1,33.9
39188,none,66.1,33.9
39190,none,66.1,33.9
39192,none,66.1,33.9
39194,none,66.1,33.9
39196,none,66.1,33.9
39198,none,66.1,33.9
39200,B,66.1,33.9
39202,B,66.1,33.9
39204,none,66.1,33.9
39206,none,66.1,33.9
39208,none,66.1,33.9
39210,none,66.1,33.9
39212,none,66.1,33.9
39214,none,66.1,33.9
39216,none,66.1,33.9
39218,none,66.1,33.9
39220,none,66.1,33.9
39222,none,66.1,33.9
39224,none,66.1,33.9
39226,none,66.1,33.9
39228,none,66.1,33.9
39230,none,66.1,33.9
39232,none,66.1,33.9
39234,none,66.1,33.9
39236,none,66.1,33.9
39238,none,66.1,33.9
39240,none,66.1,33.9
39242,none,66.1,33.9
39244,none,66.1,33.9
39246,none,66.1,33.9
39248,none,66.1,33.9
39250,none,66.1,33.9
39252,none,66.1,33.9
39254,none,66.1,33.9
39256,A,66.1,33.9
39258,A,66.1,33.9
39260,none,66.1,33.9
39262,none,66.1,33.9
39264,none,66.1,33.9
39266,none,66.1,33.9
39268,none,66.1,33.9
39270,none,66.1,33.9
39272,none,66.1,33.9
39274,none,66.1,33.9
39276,none,66.1,33.9
39278,none,66.1,33.9
39280,none,66.1,33.9
39282,none,66.1,33.9
39284,none,66.1,33.9
39286,none,66.1,33.9
39288,none,66.1,33.9
39290,none,66.1,33.9
39292,none,66.1,33.9
39294,none,66.1,33.9
39296,none,66.1,33.9
39298,none,66.1,33.9
39300,none,66.1,33.9
39302,none,66.1,33.9
39304,none,66.1,33.9
39306,none,66.1,33.9
39308,B,66.1,33.9
39310,A,66.1,33.9
39312,A,66.1,33.9
39314,none,66.1,33.9
39316,A,66.1,33.9
39318,A,66.1,33.9
39320,none,66.1,33.9
39322,none,66.1,33.9
39324,none,66.1,33.9
39326,none,66.1,33.9
39328,none,66.1,33.9
39330,none,66.1,33.9
39332,none,66.1,33.9
39334,none,66.1,33.9
39336,none,66.1,33.9
39338,none,66.1,33.9
39340,none,66.1,33.9
39342,none,66.1,33.9
39344,none,66.1,33.9
39346,none,66.1,33.9
39348,none,66.1,33.9
39350,none,66.1,33.9
39352,none,66.1,33.9
39354,none,66.1,33.9
39356,none,66.1,33.9
39358,none,66.1,33.9
39360,none,66.1,33.9
39362,none,66.1,33.9
39364,none,66.1,33.9
39366,none,66.1,33.9
39368,none,66.1,33.9
39370,none,66.1,33.9
39372,none,66.1,33.9
39374,none,66.1,33.9
39376,none,66.1,33.9
39378,none,66.1,33.9
39380,none,66.1,33.9
39382,none,66.1,33.9
39384,none,66.1,33.9
39386,none,66.1,33.9
39388,none,66.1,33.9
39390,none,66.1,33.9
39392,none,66.1,33.9
39394,none,66.1,33.9
39396,none,66.1,33.9
39398,none,66.1,33.9
39400,none,66.1,33.9
39402,none,66.1,33.9
39404,none,66.1,33.9
39406,none,66.1,33.9
39408,none,66.1,33.9
39410,none,66.1,33.9
39412,none,66.1,33.9
39414,none,66.1,33.9
39416,none,66.1,33.9
39418,none,66.1,33.9
39420,none,66.1,33.9
39422,none,66.1,33.9
39424,none,66.1,33.9
39426,none,66.1,33.9
39428,none,66.1,33.9
39430,none,66.1,33.9
39432,none,66.1,33.9
39434,none,66.1,33.9
39436,none,66.1,33.9
39438,none,66.1,33.9
39440,none,66.1,33.9
39442,none,66.1,33.9
39444,none,66.1,33.9
39446,none,66.1,33.9
39448,none,66.1,33.9
39450,none,66.1,33.9
39452,none,66.1,33.9
39454,none,66.1,33.9
39456,none,66.1,33.9
39458,A,66.2,33.8
39460,none,66.2,33.8
39462,A,66.2,33.8
39464,A,66.2,33.8
39466,A,66.2,33.8
39468,A,66.2,33.8
39470,none,66.2,33.8
39472,none,66.2,33.8
39474,A,66.2,33.8
39476,A,66.2,33.8
39478,A,66.3,33.7
39480,A,66.3,33.7
39482,none,66.3,33.7
39484,none,66.3,33.7
39486,none,66.3,33.7
39488,A,66.3,33.7
39490,A,66.3,33.7
39492,none,66.3,33.7
39494,none,66.3,33.7
39496,none,66.3,33.7
39498,none,66.3,33.7
39500,none,66.3,33.7
39502,A,66.3,33.7
39504,A,66.3,33.7
39506,A,66.3,33.7
39508,A,66.4,33.6
39510,A,66.4,33.6
39512,none,66.4,33.6
39514,none,66.4,33.6
39516,none,66.4,33.6
39518,none,66.4,33.6
39520,none,66.4,33.6
39522,none,66.4,33.6
39524,none,66.4,33.6
39526,none,66.4,33.6
39528,none,66.4,33.6
39530,none,66.4,33.6
39532,none,66.4,33.6
39534,none,66.4,33.6
39536,none,66.4,33.6
39538,none,66.4,33.6
39540,none,66.4,33.6
39542,none,66.4,33.6
39544,none,66.4,33.6
39546,none,66.4,33.6
39548,none,66.4,33.6
39550,none,66.4,33.6
39552,none,66.4,33.6
39554,none,66.4,33.6
39556,none,66.4,33.6
39558,none,66.4,33.6
39560,B,66.3,33.7
39562,none,66.3,33.7
39564,B,66.3,33.7
39566,B,66.3,33.7
39568,B,66.3,33.7
39570,B,66.2,33.8
39572,none,66.2,33.8
39574,A,66.2,33.8
39576,B,66.2,33.8
39578,B,66.2,33.8
39580,B,66.2,33.8
39582,none,66.2,33.8
39584,none,66.2,33.8
39586,none,66.2,33.8
39588,none,66.2,33.8
39590,none,66.2,33.8
39592,none,66.2,33.8
39594,none,66.2,33.8
39596,B,66.1,33.9
39598,B,66.1,33.9
39600,none,66.1,33.9
39602,none,66.1,33.9
39604,none,66.1,33.9
39606,none,66.1,33.9
39608,none,66.1,33.9
39610,none,66.1,33.9
39612,none,66.1,33.9
39614,none,66.1,33.9
39616,none,66.1,33.9
39618,none,66.1,33.9
39620,none,66.1,33.9
39622,none,66.1,33.9
39624,A,66.1,33.9
39626,A,66.1,33.9
39628,B,66.1,33.9
39630,B,66.1,33.9
39632,A,66.1,33.9
39634,A,66.1,33.9
39636,B,66.1,33.9
39638,B,66.1,33.9
39640,B,66.0,34.0
39642,B,66.0,34.0
39644,B,66.0,34.0
39646,B,66.0,34.0
39648,none,66.0,34.0
39650,none,66.0,34.0
39652,none,66.0,34.0
39654,none,66.0,34.0
39656,none,66.0,34.0
39658,none,66.0,34.0
39660,none,66.0,34.0
39662,none,66.0,34.0
39664,none,66.0,34.0
39666,none,66.0,34.0
39668,none,66.0,34.0
39670,none,66.0,34.0
39672,none,66.0,34.0
39674,none,66.0,34.0
39676,B,65.9,34.1
39678,none,65.9,34.1
39680,none,65.9,34.1
39682,none,65.9,34.1
39684,none,65.9,34.1
39686,none,65.9,34.1
39688,none,65.9,34.1
39690,none,65.9,34.1
39692,none,65.9,34.1
39694,none,65.9,34.1
39696,none,65.9,34.1
39698,none,65.9,34.1
39700,none,65.9,34.1
39702,none,65.9,34.1
39704,none,65.9,34.1
39706,none,65.9,34.1
39708,none,65.9,34.1
39710,none,65.9,34.1
39712,none,65.9,34.1
39714,none,65.9,34.1
39716,none,65.9,34.1
39718,none,65.9,34.1
39720,none,65.9,34.1
39722,none,65.9,34.1
39724,none,65.9,34.1
39726,none,65.9,34.1
39728,none,65.9,34.1
39730,none,65.9,34.1
39732,none,65.9,34.1
39734,none,65.9,34.1
39736,none,65.9,34.1
39738,none,65.9,34.1
39740,none,65.9,34.1
39742,none,65.9,34.1
39744,none,65.9,34.1
39746,none,65.9,34.1
39748,none,65.9,34.1
39750,none,65.9,34.1
39752,none,65.9,34.1
39754,none,65.9,34.1
39756,none,65.9,34.1
39758,none,65.9,34.1
39760,none,65.9,34.1
39762,none,65.9,34.1
39764,none,65.9,34.1
39766,none,65.9,34.1
39768,none,65.9,34.1
39770,none,65.9,34.1
39772,none,65.9,34.1
39774,none,65.9,34.1
39776,none,65.9,34.1
39778,none,65.9,34.1
39780,none,65.9,34.1
39782,none,65.9,34.1
39784,none,65.9,34.1
39786,none,65.9,34.1
39788,none,65.9,34.1
39790,none,65.9,34.1
39792,none,65.9,34.1
39794,none,65.9,34.1
39796,none,65.9,34.1
39798,none,65.9,34.1
39800,none,65.9,34.1
39802,none,65.9,34.1
39804,none,65.9,34.1
39806,none,65.9,34.1
39808,none,65.9,34.1
39810,none,65.9,34.1
39812,none,65.9,34.1
39814,none,65.9,34.1
39816,none,65.9,34.1
39818,none,65.9,34.1
39820,none,65.9,34.1
39822,none,65.9,34.1
39824,none,65.9,34.1
39826,none,65.9,34.1
39828,none,65.9,34.1
39830,none,65.9,34.1
39832,none,65.9,34.1
39834,none,65.9,34.1
39836,none,65.9,34.1
39838,none,65.9,34.1
39840,none,65.9,34.1
39842,none,65.9,34.1
39844,none,65.9,34.1
39846,A,65.9,34.1
39848,none,65.9,34.1
39850,none,65.9,34.1
39852,none,65.9,34.1
39854,none,65.9,34.1
39856,none,65.9,34.1
39858,none,65.9,34.1
39860,none,65.9,34.1
39862,none,65.9,34.1
39864,none,65.9,34.1
39866,none,65.9,34.1
39868,none,65.9,34.1
39870,none,65.9,34.1
39872,none,65.9,34.1
39874,none,65.9,34.1
39876,none,65.9,34.1
39878,none,65.9,34.1
39880,none,65.9,34.1
39882,A,66.0,34.0
39884,none,66.0,34.0
39886,B,65.9,34.1
39888,B,65.9,34.1
39890,none,65.9,34.1
39892,none,65.9,34.1
39894,B,65.9,34.1
39896,B,65.8,34.2
39898,B,65.8,34.2
39900,none,65.8,34.2
39902,none,65.8,34.2
39904,none,65.8,34.2
39906,B,65.8,34.2
39908,none,65.8,34.2
39910,none,65.8,34.2
39912,none,65.8,34.2
39914,none,65.8,34.2
39916,none,65.8,34.2
39918,none,65.8,34.2
39920,none,65.8,34.2
39922,none,65.8,34.2
39924,none,65.8,34.2
39926,none,65.8,34.2
39928,none,65.8,34.2
39930,none,65.8,34.2
39932,none,65.8,34.2
39934,none,65.8,34.2
39936,none,65.8,34.2
39938,none,65.8,34.2
39940,none,65.8,34.2
39942,none,65.8,34.2
39944,none,65.8,34.2
39946,none,65.8,34.2
39948,none,65.8,34.2
39950,none,65.8,34.2
39952,none,65.8,34.2
39954,none,65.8,34.2
39956,none,65.8,34.2
39958,none,65.8,34.2
39960,none,65.8,34.2
39962,none,65.8,34.2
39964,none,65.8,34.2
39966,none,65.8,34.2
39968,none,65.8,34.2
39970,none,65.8,34.2
39972,none,65.8,34.2
39974,none,65.8,34.2
39976,none,65.8,34.2
39978,none,65.8,34.2
39980,none,65.8,34.2
39982,none,65.8,34.2
39984,none,65.8,34.2
39986,none,65.8,34.2
39988,none,65.8,34.2
39990,none,65.8,34.2
39992,none,65.8,34.2
39994,none,65.8,34.2
39996,none,65.8,34.2
39998,none,65.8,34.2
40000,none,65.8,34.2
40002,none,65.8,34.2
40004,none,65.8,34.2
40006,none,65.8,34.2
40008,none,65.8,34.2
40010,none,65.8,34.2
40012,none,65.8,34.2
40014,none,65.8,34.2
40016,none,65.8,34.2
40018,none,65.8,34.2
40020,none,65.8,34.2
40022,none,65.8,34.2
40024,none,65.8,34.2
40026,none,65.8,34.2
40028,none,65.8,34.2
40030,none,65.8,34.2
40032,none,65.8,34.2
40034,none,65.8,34.2
40036,none,65.8,34.2
40038,none,65.8,34.2
40040,none,65.8,34.2
40042,none,65.8,34.2
40044,none,65.8,34.2
40046,none,65.8,34.2
40048,none,65.8,34.2
40050,none,65.8,34.2
40052,none,65.8,34.2
40054,none,65.8,34.2
40056,none,65.8,34.2
40058,none,65.8,34.2
40060,none,65.8,34.2
40062,none,65.8,34.2
40064,none,65.8,34.2
40066,none,65.8,34.2
40068,none,65.8,34.2
40070,none,65.8,34.2
40072,none,65.8,34.2
40074,none,65.8,34.2
40076,A,65.8,34.2
40078,none,65.8,34.2
40080,none,65.8,34.2
40082,none,65.8,34.2
40084,A,65.8,34.2
40086,none,65.8,34.2
40088,none,65.8,34.2
40090,A,65.8,34.2
40092,A,65.9,34.1
40094,A,65.9,34.1
40096,A,65.9,34.1
40098,B,65.9,34.1
40100,B,65.8,34.2
40102,B,65.8,34.2
40104,none,65.8,34.2
40106,none,65.8,34.2
40108,none,65.8,34.2
40110,none,65.8,34.2
40112,none,65.8,34.2
40114,none,65.8,34.2
40116,none,65.8,34.2
40118,none,65.8,34.2
40120,none,65.8,34.2
40122,none,65.8,34.2
40124,none,65.8,34.2
40126,none,65.8,34.2
40128,none,65.8,34.2
40130,none,65.8,34.2
40132,none,65.8,34.2
40134,none,65.8,34.2
40136,B,65.8,34.2
40138,B,65.7,34.3
40140,none,65.7,34.3
40142,none,65.7,34.3
40144,none,65.7,34.3
40146,none,65.7,34.3
40148,none,65.7,34.3
40150,none,65.7,34.3
40152,none,65.7,34.3
40154,none,65.7,34.3
40156,none,65.7,34.3
40158,none,65.7,34.3
40160,none,65.7,34.3
40162,none,65.7,34.3
40164,none,65.7,34.3
40166,none,65.7,34.3
40168,none,65.7,34.3
40170,none,65.7,34.3
40172,none,65.7,34.3
40174,none,65.7,34.3
40176,none,65.7,34.3
40178,none,65.7,34.3
40180,none,65.7,34.3
40182,none,65.7,34.3
40184,none,65.7,34.3
40186,none,65.7,34.3
40188,A,65.8,34.2
40190,B,65.7,34.3
40192,none,65.7,34.3
40194,B,65.7,34.3
40196,B,65.7,34.3
40198,none,65.7,34.3
40200,B,65.7,34.3
40202,B,65.6,34.4
40204,B,65.6,34.4
40206,B,65.6,34.4
40208,B,65.6,34.4
40210,B,65.5,34.5
40212,B,65.5,34.5
40214,B,65.5,34.5
40216,none,65.5,34.5
40218,none,65.5,34.5
40220,none,65.5,34.5
40222,A,65.5,34.5
40224,A,65.5,34.5
40226,none,65.5,34.5
40228,none,65.5,34.5
40230,none,65.5,34.5
40232,none,65.5,34.5
40234,none,65.5,34.5
40236,none,65.5,34.5
40238,none,65.5,34.5
40240,none,65.5,34.5
40242,none,65.5,34.5
40244,none,65.5,34.5
40246,none,65.5,34.5
40248,none,65.5,34.5
40250,none,65.5,34.5
40252,none,65.5,34.5
40254,none,65.5,34.5
40256,none,65.5,34.5
40258,none,65.5,34.5
40260,none,65.5,34.5
40262,none,65.5,34.5
40264,none,65.5,34.5
40266,none,65.5,34.5
40268,none,65.5,34.5
40270,none,65.5,34.5
40272,none,65.5,34.5
40274,none,65.5,34.5
40276,none,65.5,34.5
40278,none,65.5,34.5
40280,none,65.5,34.5
40282,none,65.5,34.5
40284,none,65.5,34.5
40286,none,65.5,34.5
40288,none,65.5,34.5
40290,none,65.5,34.5
40292,none,65.5,34.5
40294,none,65.5,34.5
40296,none,65.5,34.5
40298,none,65.5,34.5
40300,none,65.5,34.5
40302,none,65.5,34.5
40304,none,65.5,34.5
40306,none,65.5,34.5
40308,none,65.5,34.5
40310,none,65.5,34.5
40312,none,65.5,34.5
40314,none,65.5,34.5
40316,none,65.5,34.5
40318,none,65.5,34.5
40320,none,65.5,34.5
40322,none,65.5,34.5
40324,none,65.5,34.5
40326,none,65.5,34.5
40328,B,65.5,34.5
40330,none,65.5,34.5
40332,A,65.5,34.5
40334,none,65.5,34.5
40336,none,65.5,34.5
40338,none,65.5,34.5
40340,none,65.5,34.5
40342,A,65.5,34.5
40344,A,65.5,34.5
40346,none,65.5,34.5
40348,none,65.5,34.5
40350,none,65.5,34.5
40352,none,65.5,34.5
40354,none,65.5,34.5
40356,none,65.5,34.5
40358,none,65.5,34.5
40360,none,65.5,34.5
40362,none,65.5,34.5
40364,none,65.5,34.5
40366,none,65.5,34.5
40368,none,65.5,34.5
40370,none,65.5,34.5
40372,none,65.5,34.5
40374,none,65.5,34.5
40376,none,65.5,34.5
40378,none,65.5,34.5
40380,none,65.5,34.5
40382,none,65.5,34.5
40384,none,65.5,34.5
40386,none,65.5,34.5
40388,none,65.5,34.5
40390,none,65.5,34.5
40392,none,65.5,34.5
40394,none,65.5,34.5
40396,none,65.5,34.5
40398,none,65.5,34.5
40400,none,65.5,34.5
40402,none,65.5,34.5
40404,none,65.5,34.5
40406,none,65.5,34.5
40408,none,65.5,34.5
40410,none,65.5,34.5
40412,none,65.5,34.5
40414,none,65.5,34.5
40416,none,65.5,34.5
40418,none,65.5,34.5
40420,none,65.5,34.5
40422,none,65.5,34.5
40424,none,65.5,34.5
40426,none,65.5,34.5
40428,none,65.5,34.5
40430,none,65.5,34.5
40432,none,65.5,34.5
40434,none,65.5,34.5
40436,none,65.5,34.5
40438,none,65.5,34.5
40440,none,65.5,34.5
40442,none,65.5,34.5
40444,none,65.5,34.5
40446,none,65.5,34.5
40448,none,65.5,34.5
40450,none,65.5,34.5
40452,none,65.5,34.5
40454,none,65.5,34.5
40456,none,65.5,34.5
40458,none,65.5,34.5
40460,none,65.5,34.5
40462,none,65.5,34.5
40464,none,65.5,34.5
40466,none,65.5,34.5
40468,none,65.5,34.5
40470,none,65.5,34.5
40472,none,65.5,34.5
40474,none,65.5,34.5
40476,none,65.5,34.5
40478,none,65.5,34.5
40480,none,65.5,34.5
40482,none,65.5,34.5
40484,none,65.5,34.5
40486,none,65.5,34.5
40488,none,65.5,34.5
40490,none,65.5,34.5
40492,none,65.5,34.5
40494,none,65.5,34.5
40496,none,65.5,34.5
40498,none,65.5,34.5
40500,none,65.5,34.5
40502,none,65.5,34.5
40504,none,65.5,34.5
40506,none,65.5,34.5
40508,none,65.5,34.5
40510,none,65.5,34.5
40512,none,65.5,34.5
40514,none,65.5,34.5
40516,none,65.5,34.5
40518,none,65.5,34.5
40520,none,65.5,34.5
40522,none,65.5,34.5
40524,none,65.5,34.5
40526,none,65.5,34.5
40528,none,65.5,34.5
40530,none,65.5,34.5
40532,none,65.5,34.5
40534,none,65.5,34.5
40536,none,65.5,34.5
40538,none,65.5,34.5
40540,none,65.5,34.5
40542,none,65.5,34.5
40544,none,65.5,34.5
40546,none,65.5,34.5
40548,none,65.5,34.5
40550,none,65.5,34.5
40552,none,65.5,34.5
40554,none,65.5,34.5
40556,none,65.5,34.5
40558,none,65.5,34.5
40560,none,65.5,34.5
40562,none,65.5,34.5
40564,none,65.5,34.5
40566,none,65.5,34.5
40568,none,65.5,34.5
40570,none,65.5,34.5
40572,none,65.5,34.5
40574,none,65.5,34.5
40576,none,65.5,34.5
40578,none,65.5,34.5
40580,none,65.5,34.5
40582,none,65.5,34.5
40584,none,65.5,34.5
40586,none,65.5,34.5
40588,none,65.5,34.5
40590,none,65.5,34.5
40592,none,65.5,34.5
40594,none,65.5,34.5
40596,none,65.5,34.5
40598,none,65.5,34.5
40600,none,65.5,34.5
40602,none,65.5,34.5
40604,none,65.5,34.5
40606,none,65.5,34.5
40608,none,65.5,34.5
40610,none,65.5,34.5
40612,none,65.5,34.5
40614,none,65.5,34.5
40616,none,65.5,34.5
40618,none,65.5,34.5
40620,none,65.5,34.5
40622,none,65.5,34.5
40624,none,65.5,34.5
40626,none,65.5,34.5
40628,none,65.5,34.5
40630,none,65.5,34.5
40632,none,65.5,34.5
40634,none,65.5,34.5
40636,none,65.5,34.5
40638,none,65.5,34.5
40640,none,65.5,34.5
40642,none,65.5,34.5
40644,none,65.5,34.5
40646,none,65.5,34.5
40648,none,65.5,34.5
40650,none,65.5,34.5
40652,none,65.5,34.5
40654,none,65.5,34.5
40656,none,65.5,34.5
40658,none,65.5,34.5
40660,none,65.5,34.5
40662,none,65.5,34.5
40664,none,65.5,34.5
40666,none,65.5,34.5
40668,none,65.5,34.5
40670,none,65.5,34.5
40672,none,65.5,34.5
40674,none,65.5,34.5
40676,none,65.5,34.5
40678,none,65.5,34.5
40680,none,65.5,34.5
40682,none,65.5,34.5
40684,none,65.5,34.5
40686,none,65.5,34.5
40688,none,65.5,34.5
40690,none,65.5,34.5
40692,none,65.5,34.5
40694,none,65.5,34.5
40696,none,65.5,34.5
40698,none,65.5,34.5
40700,none,65.5,34.5
40702,none,65.5,34.5
40704,none,65.5,34.5
40706,none,65.5,34.5
40708,none,65.5,34.5
40710,none,65.5,34.5
40712,none,65.5,34.5
40714,none,65.5,34.5
40716,none,65.5,34.5
40718,none,65.5,34.5
40720,none,65.5,34.5
40722,none,65.5,34.5
40724,none,65.5,34.5
40726,none,65.5,34.5
40728,none,65.5,34.5
40730,none,65.5,34.5
40732,none,65.5,34.5
40734,none,65.5,34.5
40736,none,65.5,34.5
40738,none,65.5,34.5
40740,none,65.5,34.5
40742,none,65.5,34.5
40744,none,65.5,34.5
40746,none,65.5,34.5
40748,none,65.5,34.5
40750,none,65.5,34.5
40752,none,65.5,34.5
40754,none,65.5,34.5
40756,none,65.5,34.5
40758,none,65.5,34.5
40760,none,65.5,34.5
40762,none,65.5,34.5
40764,none,65.5,34.5
40766,none,65.5,34.5
40768,none,65.5,34.5
40770,none,65.5,34.5
40772,none,65.5,34.5
40774,none,65.5,34.5
40776,none,65.5,34.5
40778,none,65.5,34.5
40780,none,65.5,34.5
40782,none,65.5,34.5
40784,none,65.5,34.5
40786,none,65.5,34.5
40788,none,65.5,34.5
40790,none,65.5,34.5
40792,none,65.5,34.5
40794,none,65.5,34.5
40796,none,65.5,34.5
40798,none,65.5,34.5
40800,none,65.5,34.5
40802,none,65.5,34.5
40804,none,65.5,34.5
40806,none,65.5,34.5
40808,none,65.5,34.5
40810,none,65.5,34.5
40812,none,65.5,34.5
40814,none,65.5,34.5
40816,none,65.5,34.5
40818,none,65.5,34.5
40820,none,65.5,34.5
40822,none,65.5,34.5
40824,none,65.5,34.5
40826,none,65.5,34.5
40828,none,65.5,34.5
40830,none,65.5,34.5
40832,none,65.5,34.5
40834,none,65.5,34.5
40836,B,65.5,34.5
40838,none,65.5,34.5
40840,A,65.5,34.5
40842,none,65.5,34.5
40844,none,65.5,34.5
40846,A,65.5,34.5
40848,none,65.5,34.5
40850,none,65.5,34.5
40852,none,65.5,34.5
40854,none,65.5,34.5
40856,none,65.5,34.5
40858,none,65.5,34.5
40860,none,65.5,34.5
40862,none,65.5,34.5
40864,none,65.5,34.5
40866,none,65.5,34.5
40868,none,65.5,34.5
40870,none,65.5,34.5
40872,none,65.5,34.5
40874,none,65.5,34.5
40876,none,65.5,34.5
40878,none,65.5,34.5
40880,none,65.5,34.5
40882,none,65.5,34.5
40884,none,65.5,34.5
40886,none,65.5,34.5
40888,none,65.5,34.5
40890,none,65.5,34.5
40892,none,65.5,34.5
40894,none,65.5,34.5
40896,none,65.5,34.5
40898,none,65.5,34.5
40900,B,65.5,34.5
40902,none,65.5,34.5
40904,none,65.5,34.5
40906,none,65.5,34.5
40908,none,65.5,34.5
40910,none,65.5,34.5
40912,none,65.5,34.5
40914,none,65.5,34.5
40916,none,65.5,34.5
40918,none,65.5,34.5
40920,none,65.5,34.5
40922,none,65.5,34.5
40924,none,65.5,34.5
40926,none,65.5,34.5
40928,B,65.5,34.5
40930,none,65.5,34.5
40932,none,65.5,34.5
40934,none,65.5,34.5
40936,none,65.5,34.5
40938,none,65.5,34.5
40940,none,65.5,34.5
40942,none,65.5,34.5
40944,none,65.5,34.5
40946,none,65.5,34.5
40948,none,65.5,34.5
40950,none,65.5,34.5
40952,none,65.5,34.5
40954,none,65.5,34.5
40956,none,65.5,34.5
40958,none,65.5,34.5
40960,none,65.5,34.5
40962,none,65.5,34.5
40964,none,65.5,34.5
40966,none,65.5,34.5
40968,none,65.5,34.5
40970,none,65.5,34.5
40972,none,65.5,34.5
40974,none,65.5,34.5
40976,none,65.5,34.5
40978,none,65.5,34.5
40980,none,65.5,34.5
40982,none,65.5,34.5
40984,none,65.5,34.5
40986,none,65.5,34.5
40988,none,65.5,34.5
40990,none,65.5,34.5
40992,none,65.5,34.5
40994,none,65.5,34.5
40996,none,65.5,34.5
40998,none,65.5,34.5
41000,none,65.5,34.5
41002,none,65.5,34.5
41004,none,65.5,34.5
41006,none,65.5,34.5
41008,none,65.5,34.5
41010,none,65.5,34.5
41012,none,65.5,34.5
41014,none,65.5,34.5
41016,none,65.5,34.5
41018,none,65.5,34.5
41020,none,65.5,34.5
41022,none,65.5,34.5
41024,none,65.5,34.5
41026,none,65.5,34.5
41028,none,65.5,34.5
41030,none,65.5,34.5
41032,none,65.5,34.5
41034,none,65.5,34.5
41036,none,65.5,34.5
41038,none,65.5,34.5
41040,none,65.5,34.5
41042,none,65.5,34.5
41044,none,65.5,34.5
41046,none,65.5,34.5
41048,none,65.5,34.5
41050,none,65.5,34.5
41052,none,65.5,34.5
41054,none,65.5,34.5
41056,none,65.5,34.5
41058,none,65.5,34.5
41060,none,65.5,34.5
41062,none,65.5,34.5
41064,none,65.5,34.5
41066,none,65.5,34.5
41068,none,65.5,34.5
41070,none,65.5,34.5
41072,none,65.5,34.5
41074,none,65.5,34.5
41076,none,65.5,34.5
41078,none,65.5,34.5
41080,none,65.5,34.5
41082,none,65.5,34.5
41084,none,65.5,34.5
41086,none,65.5,34.5
41088,none,65.5,34.5
41090,none,65.5,34.5
41092,none,65.5,34.5
41094,none,65.5,34.5
41096,none,65.5,34.5
41098,none,65.5,34.5
41100,none,65.5,34.5
41102,none,65.5,34.5
41104,none,65.5,34.5
41106,none,65.5,34.5
41108,none,65.5,34.5
41110,none,65.5,34.5
41112,none,65.5,34.5
41114,none,65.5,34.5
41116,none,65.5,34.5
41118,none,65.5,34.5
41120,none,65.5,34.5
41122,B,65.4,34.6
41124,none,65.4,34.6
41126,none,65.4,34.6
41128,none,65.4,34.6
41130,none,65.4,34.6
41132,none,65.4,34.6
41134,none,65.4,34.6
41136,none,65.4,34.6
41138,none,65.4,34.6
41140,none,65.4,34.6
41142,none,65.4,34.6
41144,none,65.4,34.6
41146,none,65.4,34.6
41148,A,65.5,34.5
41150,none,65.5,34.5
41152,none,65.5,34.5
41154,none,65.5,34.5
41156,B,65.4,34.6
41158,none,65.4,34.6
41160,none,65.4,34.6
41162,B,65.4,34.6
41164,none,65.4,34.6
41166,none,65.4,34.6
41168,none,65.4,34.6
41170,none,65.4,34.6
41172,none,65.4,34.6
41174,none,65.4,34.6
41176,none,65.4,34.6
41178,none,65.4,34.6
41180,none,65.4,34.6
41182,none,65.4,34.6
41184,none,65.4,34.6
41186,none,65.4,34.6
41188,none,65.4,34.6
41190,none,65.4,34.6
41192,none,65.4,34.6
41194,none,65.4,34.6
41196,none,65.4,34.6
41198,none,65.4,34.6
41200,none,65.4,34.6
41202,none,65.4,34.6
41204,none,65.4,34.6
41206,none,65.4,34.6
41208,none,65.4,34.6
41210,none,65.4,34.6
41212,none,65.4,34.6
41214,none,65.4,34.6
41216,B,65.4,34.6
41218,none,65.4,34.6
41220,none,65.4,34.6
41222,none,65.4,34.6
41224,none,65.4,34.6
41226,none,65.4,34.6
41228,none,65.4,34.6
41230,none,65.4,34.6
41232,none,65.4,34.6
41234,none,65.4,34.6
41236,none,65.4,34.6
41238,none,65.4,34.6
41240,none,65.4,34.6
41242,none,65.4,34.6
41244,none,65.4,34.6
41246,none,65.4,34.6
41248,none,65.4,34.6
41250,none,65.4,34.6
41252,none,65.4,34.6
41254,none,65.4,34.6
41256,none,65.4,34.6
41258,none,65.4,34.6
41260,none,65.4,34.6
41262,none,65.4,34.6
41264,none,65.4,34.6
41266,none,65.4,34.6
41268,none,65.4,34.6
41270,none,65.4,34.6
41272,none,65.4,34.6
41274,none,65.4,34.6
41276,none,65.4,34.6
41278,none,65.4,34.6
41280,none,65.4,34.6
41282,none,65.4,34.6
41284,none,65.4,34.6
41286,none,65.4,34.6
41288,none,65.4,34.6
41290,none,65.4,34.6
41292,none,65.4,34.6
41294,none,65.4,34.6
41296,none,65.4,34.6
41298,B,65.3,34.7
41300,none,65.3,34.7
41302,A,65.4,34.6
41304,A,65.4,34.6
41306,none,65.4,34.6
41308,none,65.4,34.6
41310,none,65.4,34.6
41312,none,65.4,34.6
41314,none,65.4,34.6
41316,none,65.4,34.6
41318,none,65.4,34.6
41320,none,65.4,34.6
41322,none,65.4,34.6
41324,none,65.4,34.6
41326,none,65.4,34.6
41328,none,65.4,34.6
41330,none,65.4,34.6
41332,none,65.4,34.6
41334,none,65.4,34.6
41336,none,65.4,34.6
41338,none,65.4,34.6
41340,none,65.4,34.6
41342,none,65.4,34.6
41344,none,65.4,34.6
41346,none,65.4,34.6
41348,none,65.4,34.6
41350,none,65.4,34.6
41352,none,65.4,34.6
41354,none,65.4,34.6
41356,none,65.4,34.6
41358,none,65.4,34.6
41360,none,65.4,34.6
41362,none,65.4,34.6
41364,none,65.4,34.6
41366,none,65.4,34.6
41368,none,65.4,34.6
41370,none,65.4,34.6
41372,none,65.4,34.6
41374,none,65.4,34.6
41376,none,65.4,34.6
41378,none,65.4,34.6
41380,none,65.4,34.6
41382,none,65.4,34.6
41384,none,65.4,34.6
41386,none,65.4,34.6
41388,none,65.4,34.6
41390,none,65.4,34.6
41392,A,65.4,34.6
41394,B,65.4,34.6
41396,none,65.4,34.6
41398,none,65.4,34.6
41400,none,65.4,34.6
41402,none,65.4,34.6
41404,none,65.4,34.6
41406,none,65.4,34.6
41408,none,65.4,34.6
41410,none,65.4,34.6
41412,none,65.4,34.6
41414,none,65.4,34.6
41416,none,65.4,34.6
41418,none,65.4,34.6
41420,none,65.4,34.6
41422,none,65.4,34.6
41424,none,65.4,34.6
41426,none,65.4,34.6
41428,none,65.4,34.6
41430,none,65.4,34.6
41432,none,65.4,34.6
41434,none,65.4,34.6
41436,none,65.4,34.6
41438,none,65.4,34.6
41440,none,65.4,34.6
41442,A,65.4,34.6
41444,none,65.4,34.6
41446,none,65.4,34.6
41448,A,65.4,34.6
41450,B,65.4,34.6
41452,A,65.4,34.6
41454,A,65.4,34.6
41456,A,65.4,34.6
41458,A,65.4,34.6
41460,none,65.4,34.6
41462,A,65.4,34.6
41464,none,65.4,34.6
41466,none,65.4,34.6
41468,A,65.4,34.6
41470,A,65.5,34.5
41472,none,65.5,34.5
41474,none,65.5,34.5
41476,A,65.5,34.5
41478,none,65.5,34.5
41480,none,65.5,34.5
41482,none,65.5,34.5
41484,none,65.5,34.5
41486,none,65.5,34.5
41488,none,65.5,34.5
41490,none,65.5,34.5
41492,none,65.5,34.5
41494,none,65.5,34.5
41496,none,65.5,34.5
41498,none,65.5,34.5
41500,none,65.5,34.5
41502,none,65.5,34.5
41504,none,65.5,34.5
41506,none,65.5,34.5
41508,none,65.5,34.5
41510,none,65.5,34.5
41512,none,65.5,34.5
41514,none,65.5,34.5
41516,none,65.5,34.5
41518,none,65.5,34.5
41520,none,65.5,34.5
41522,none,65.5,34.5
41524,none,65.5,34.5
41526,none,65.5,34.5
41528,none,65.5,34.5
41530,none,65.5,34.5
41532,none,65.5,34.5
41534,none,65.5,34.5
41536,none,65.5,34.5
41538,none,65.5,34.5
41540,none,65.5,34.5
41542,none,65.5,34.5
41544,none,65.5,34.5
41546,none,65.5,34.5
41548,none,65.5,34.5
41550,none,65.5,34.5
41552,none,65.5,34.5
41554,none,65.5,34.5
41556,none,65.5,34.5
41558,none,65.5,34.5
41560,none,65.5,34.5
41562,none,65.5,34.5
41564,none,65.5,34.5
41566,none,65.5,34.5
41568,none,65.5,34.5
41570,none,65.5,34.5
41572,none,65.5,34.5
41574,none,65.5,34.5
41576,none,65.5,34.5
41578,none,65.5,34.5
41580,none,65.5,34.5
41582,none,65.5,34.5
41584,none,65.5,34.5
41586,none,65.5,34.5
41588,none,65.5,34.5
41590,none,65.5,34.5
41592,none,65.5,34.5
41594,none,65.5,34.5
41596,none,65.5,34.5
41598,none,65.5,34.5
41600,none,65.5,34.5
41602,none,65.5,34.5
41604,none,65.5,34.5
41606,none,65.5,34.5
41608,none,65.5,34.5
41610,none,65.5,34.5
41612,none,65.5,34.5
41614,none,65.5,34.5
41616,none,65.5,34.5
41618,none,65.5,34.5
41620,none,65.5,34.5
41622,none,65.5,34.5
41624,none,65.5,34.5
41626,none,65.5,34.5
41628,none,65.5,34.5
41630,none,65.5,34.5
41632,none,65.5,34.5
41634,none,65.5,34.5
41636,none,65.5,34.5
41638,none,65.5,34.5
41640,none,65.5,34.5
41642,none,65.5,34.5
41644,none,65.5,34.5
41646,none,65.5,34.5
41648,none,65.5,34.5
41650,none,65.5,34.5
41652,none,65.5,34.5
41654,none,65.5,34.5
41656,none,65.5,34.5
41658,none,65.5,34.5
41660,none,65.5,34.5
41662,none,65.5,34.5
41664,none,65.5,34.5
41666,none,65.5,34.5
41668,none,65.5,34.5
41670,none,65.5,34.5
41672,A,65.5,34.5
41674,none,65.5,34.5
41676,none,65.5,34.5
41678,none,65.5,34.5
41680,none,65.5,34.5
41682,A,65.5,34.5
41684,none,65.5,34.5
41686,none,65.5,34.5
41688,none,65.5,34.5
41690,none,65.5,34.5
41692,none,65.5,34.5
41694,none,65.5,34.5
41696,B,65.5,34.5
41698,none,65.5,34.5
41700,none,65.5,34.5
41702,none,65.5,34.5
41704,none,65.5,34.5
41706,none,65.5,34.5
41708,none,65.5,34.5
41710,none,65.5,34.5
41712,none,65.5,34.5
41714,none,65.5,34.5
41716,none,65.5,34.5
41718,none,65.5,34.5
41720,none,65.5,34.5
41722,none,65.5,34.5
41724,none,65.5,34.5
41726,none,65.5,34.5
41728,none,65.5,34.5
41730,none,65.5,34.5
41732,none,65.5,34.5
41734,none,65.5,34.5
41736,none,65.5,34.5
41738,A,65.5,34.5
41740,none,65.5,34.5
41742,A,65.5,34.5
41744,none,65.5,34.5
41746,none,65.5,34.5
41748,none,65.5,34.5
41750,none,65.5,34.5
41752,none,65.5,34.5
41754,A,65.5,34.5
41756,A,65.5,34.5
41758,none,65.5,34.5
41760,none,65.5,34.5
41762,none,65.5,34.5
41764,none,65.5,34.5
41766,none,65.5,34.5
41768,none,65.5,34.5
41770,none,65.5,34.5
41772,none,65.5,34.5
41774,none,65.5,34.5
41776,none,65.5,34.5
41778,none,65.5,34.5
41780,none,65.5,34.5
41782,none,65.5,34.5
41784,none,65.5,34.5
41786,none,65.5,34.5
41788,none,65.5,34.5
41790,A,65.5,34.5
41792,none,65.5,34.5
41794,none,65.5,34.5
41796,none,65.5,34.5
41798,none,65.5,34.5
41800,none,65.5,34.5
41802,none,65.5,34.5
41804,A,65.6,34.4
41806,A,65.6,34.4
41808,A,65.6,34.4
41810,A,65.6,34.4
41812,A,65.6,34.4
41814,A,65.6,34.4
41816,A,65.6,34.4
41818,none,65.6,34.4
41820,none,65.6,34.4
41822,none,65.6,34.4
41824,none,65.6,34.4
41826,none,65.6,34.4
41828,none,65.6,34.4
41830,none,65.6,34.4
41832,none,65.6,34.4
41834,none,65.6,34.4
41836,A,65.7,34.3
41838,B,65.6,34.4
41840,A,65.6,34.4
41842,A,65.7,34.3
41844,none,65.7,34.3
41846,none,65.7,34.3
41848,none,65.7,34.3
41850,A,65.7,34.3
41852,none,65.7,34.3
41854,A,65.7,34.3
41856,none,65.7,34.3
41858,A,65.7,34.3
41860,A,65.7,34.3
41862,A,65.7,34.3
41864,A,65.7,34.3
41866,A,65.7,34.3
41868,none,65.7,34.3
41870,A,65.8,34.2
41872,none,65.8,34.2
41874,none,65.8,34.2
41876,none,65.8,34.2
41878,A,65.8,34.2
41880,none,65.8,34.2
41882,none,65.8,34.2
41884,none,65.8,34.2
41886,none,65.8,34.2
41888,none,65.8,34.2
41890,none,65.8,34.2
41892,none,65.8,34.2
41894,none,65.8,34.2
41896,none,65.8,34.2
41898,none,65.8,34.2
41900,none,65.8,34.2
41902,none,65.8,34.2
41904,none,65.8,34.2
41906,none,65.8,34.2
41908,none,65.8,34.2
41910,none,65.8,34.2
41912,none,65.8,34.2
41914,none,65.8,34.2
41916,none,65.8,34.2
41918,none,65.8,34.2
41920,none,65.8,34.2
41922,none,65.8,34.2
41924,none,65.8,34.2
41926,none,65.8,34.2
41928,none,65.8,34.2
41930,none,65.8,34.2
41932,none,65.8,34.2
41934,none,65.8,34.2
41936,none,65.8,34.2
41938,none,65.8,34.2
41940,A,65.8,34.2
41942,B,65.8,34.2
41944,A,65.8,34.2
41946,none,65.8,34.2
41948,A,65.8,34.2
41950,none,65.8,34.2
41952,none,65.8,34.2
41954,none,65.8,34.2
41956,none,65.8,34.2
41958,none,65.8,34.2
41960,none,65.8,34.2
41962,none,65.8,34.2
41964,none,65.8,34.2
41966,none,65.8,34.2
41968,none,65.8,34.2
41970,none,65.8,34.2
41972,none,65.8,34.2
41974,none,65.8,34.2
41976,none,65.8,34.2
41978,none,65.8,34.2
41980,none,65.8,34.2
41982,none,65.8,34.2
41984,none,65.8,34.2
41986,none,65.8,34.2
41988,none,65.8,34.2
41990,B,65.8,34.2
41992,none,65.8,34.2
41994,none,65.8,34.2
41996,none,65.8,34.2
41998,none,65.8,34.2
42000,B,65.7,34.3
42002,none,65.7,34.3
42004,none,65.7,34.3
42006,none,65.7,34.3
42008,none,65.7,34.3
42010,B,65.7,34.3
42012,none,65.7,34.3
42014,B,65.7,34.3
42016,A,65.7,34.3
42018,A,65.7,34.3
42020,B,65.7,34.3
42022,B,65.7,34.3
42024,A,65.7,34.3
42026,B,65.6,34.4
42028,B,65.6,34.4
42030,A,65.6,34.4
42032,none,65.6,34.4
42034,A,65.7,34.3
42036,none,65.7,34.3
42038,none,65.7,34.3
42040,A,65.7,34.3
42042,none,65.7,34.3
42044,none,65.7,34.3
42046,none,65.7,34.3
42048,none,65.7,34.3
42050,B,65.6,34.4
42052,none,65.6,34.4
42054,none,65.6,34.4
42056,none,65.6,34.4
42058,none,65.6,34.4
42060,none,65.6,34.4
42062,none,65.6,34.4
42064,none,65.6,34.4
42066,none,65.6,34.4
42068,none,65.6,34.4
42070,none,65.6,34.4
42072,none,65.6,34.4
42074,none,65.6,34.4
42076,none,65.6,34.4
42078,none,65.6,34.4
42080,none,65.6,34.4
42082,none,65.6,34.4
42084,none,65.6,34.4
42086,none,65.6,34.4
42088,none,65.6,34.4
42090,none,65.6,34.4
42092,none,65.6,34.4
42094,none,65.6,34.4
42096,none,65.6,34.4
42098,none,65.6,34.4
42100,none,65.6,34.4
42102,none,65.6,34.4
42104,none,65.6,34.4
42106,none,65.6,34.4
42108,none,65.6,34.4
42110,none,65.6,34.4
42112,none,65.6,34.4
42114,none,65.6,34.4
42116,none,65.6,34.4
42118,none,65.6,34.4
42120,none,65.6,34.4
42122,none,65.6,34.4
42124,none,65.6,34.4
42126,none,65.6,34.4
42128,none,65.6,34.4
42130,none,65.6,34.4
42132,B,65.6,34.4
42134,none,65.6,34.4
42136,none,65.6,34.4
42138,none,65.6,34.4
42140,none,65.6,34.4
42142,none,65.6,34.4
42144,B,65.6,34.4
42146,none,65.6,34.4
42148,none,65.6,34.4
42150,none,65.6,34.4
42152,none,65.6,34.4
42154,none,65.6,34.4
42156,none,65.6,34.4
42158,none,65.6,34.4
42160,none,65.6,34.4
42162,none,65.6,34.4
42164,none,65.6,34.4
42166,none,65.6,34.4
42168,none,65.6,34.4
42170,none,65.6,34.4
42172,none,65.6,34.4
42174,none,65.6,34.4
42176,none,65.6,34.4
42178,none,65.6,34.4
42180,none,65.6,34.4
42182,B,65.6,34.4
42184,none,65.6,34.4
42186,none,65.6,34.4
42188,none,65.6,34.4
42190,none,65.6,34.4
42192,B,65.5,34.5
42194,none,65.5,34.5
42196,none,65.5,34.5
42198,none,65.5,34.5
42200,none,65.5,34.5
42202,none,65.5,34.5
42204,none,65.5,34.5
42206,none,65.5,34.5
42208,none,65.5,34.5
42210,none,65.5,34.5
42212,none,65.5,34.5
42214,none,65.5,34.5
42216,none,65.5,34.5
42218,none,65.5,34.5
42220,none,65.5,34.5
42222,none,65.5,34.5
42224,none,65.5,34.5
42226,none,65.5,34.5
42228,none,65.5,34.5
42230,none,65.5,34.5
42232,none,65.5,34.5
42234,none,65.5,34.5
42236,none,65.5,34.5
42238,B,65.5,34.5
42240,B,65.5,34.5
42242,B,65.5,34.5
42244,B,65.4,34.6
42246,none,65.4,34.6
42248,none,65.4,34.6
42250,none,65.4,34.6
42252,B,65.4,34.6
42254,B,65.4,34.6
42256,B,65.4,34.6
42258,B,65.3,34.7
42260,B,65.3,34.7
42262,none,65.3,34.7
42264,B,65.3,34.7
42266,B,65.3,34.7
42268,B,65.2,34.8
42270,none,65.2,34.8
42272,B,65.2,34.8
42274,B,65.2,34.8
42276,none,65.2,34.8
42278,none,65.2,34.8
42280,B,65.2,34.8
42282,B,65.1,34.9
42284,B,65.1,34.9
42286,B,65.1,34.9
42288,B,65.1,34.9
42290,B,65.0,35.0
42292,B,65.0,35.0
42294,B,65.0,35.0
42296,none,65.0,35.0
42298,B,65.0,35.0
42300,B,64.9,35.1
42302,B,64.9,35.1
42304,none,64.9,35.1
42306,none,64.9,35.1
42308,none,64.9,35.1
42310,B,64.9,35.1
42312,B,64.9,35.1
42314,none,64.9,35.1
42316,B,64.8,35.2
42318,B,64.8,35.2
42320,B,64.8,35.2
42322,B,64.8,35.2
42324,B,64.7,35.3
42326,B,64.7,35.3
42328,none,64.7,35.3
42330,none,64.7,35.3
42332,none,64.7,35.3
42334,B,64.7,35.3
42336,none,64.7,35.3
42338,none,64.7,35.3
42340,none,64.7,35.3
42342,none,64.7,35.3
42344,none,64.7,35.3
42346,none,64.7,35.3
42348,none,64.7,35.3
42350,none,64.7,35.3
42352,none,64.7,35.3
42354,none,64.7,35.3
42356,none,64.7,35.3
42358,none,64.7,35.3
42360,none,64.7,35.3
42362,none,64.7,35.3
42364,none,64.7,35.3
42366,none,64.7,35.3
42368,none,64.7,35.3
42370,none,64.7,35.3
42372,none,64.7,35.3
42374,none,64.7,35.3
42376,none,64.7,35.3
42378,none,64.7,35.3
42380,none,64.7,35.3
42382,none,64.7,35.3
42384,none,64.7,35.3
42386,none,64.7,35.3
42388,none,64.7,35.3
42390,none,64.7,35.3
42392,none,64.7,35.3
42394,none,64.7,35.3
42396,none,64.7,35.3
42398,none,64.7,35.3
42400,none,64.7,35.3
42402,none,64.7,35.3
42404,none,64.7,35.3
42406,none,64.7,35.3
42408,none,64.7,35.3
42410,none,64.7,35.3
42412,none,64.7,35.3
42414,none,64.7,35.3
42416,none,64.7,35.3
42418,none,64.7,35.3
42420,none,64.7,35.3
42422,none,64.7,35.3
42424,none,64.7,35.3
42426,none,64.7,35.3
42428,none,64.7,35.3
42430,none,64.7,35.3
42432,none,64.7,35.3
42434,none,64.7,35.3
42436,none,64.7,35.3
42438,none,64.7,35.3
42440,none,64.7,35.3
42442,none,64.7,35.3
42444,none,64.7,35.3
42446,none,64.7,35.3
42448,none,64.7,35.3
42450,none,64.7,35.3
42452,none,64.7,35.3
42454,none,64.7,35.3
42456,none,64.7,35.3
42458,none,64.7,35.3
42460,none,64.7,35.3
42462,none,64.7,35.3
42464,none,64.7,35.3
42466,none,64.7,35.3
42468,none,64.7,35.3
42470,none,64.7,35.3
42472,none,64.7,35.3
42474,none,64.7,35.3
42476,none,64.7,35.3
42478,none,64.7,35.3
42480,none,64.7,35.3
42482,none,64.7,35.3
42484,none,64.7,35.3
42486,none,64.7,35.3
42488,none,64.7,35.3
42490,none,64.7,35.3
42492,none,64.7,35.3
42494,none,64.7,35.3
42496,none,64.7,35.3
42498,none,64.7,35.3
42500,none,64.7,35.3
42502,none,64.7,35.3
42504,none,64.7,35.3
42506,none,64.7,35.3
42508,none,64.7,35.3
42510,none,64.7,35.3
42512,none,64.7,35.3
42514,none,64.7,35.3
42516,none,64.7,35.3
42518,none,64.7,35.3
42520,none,64.7,35.3
42522,none,64.7,35.3
42524,none,64.7,35.3
42526,none,64.7,35.3
42528,none,64.7,35.3
42530,none,64.7,35.3
42532,none,64.7,35.3
42534,none,64.7,35.3
42536,none,64.7,35.3
42538,none,64.7,35.3
42540,none,64.7,35.3
42542,none,64.7,35.3
42544,none,64.7,35.3
42546,none,64.7,35.3
42548,none,64.7,35.3
42550,none,64.7,35.3
42552,none,64.7,35.3
42554,none,64.7,35.3
42556,none,64.7,35.3
42558,none,64.7,35.3
42560,none,64.7,35.3
42562,none,64.7,35.3
42564,none,64.7,35.3
42566,none,64.7,35.3
42568,none,64.7,35.3
42570,none,64.7,35.3
42572,none,64.7,35.3
42574,none,64.7,35.3
42576,none,64.7,35.3
42578,none,64.7,35.3
42580,none,64.7,35.3
42582,none,64.7,35.3
42584,none,64.7,35.3
42586,none,64.7,35.3
42588,none,64.7,35.3
42590,none,64.7,35.3
42592,none,64.7,35.3
42594,none,64.7,35.3
42596,none,64.7,35.3
42598,none,64.7,35.3
42600,none,64.7,35.3
42602,none,64.7,35.3
42604,none,64.7,35.3
42606,none,64.7,35.3
42608,none,64.7,35.3
42610,none,64.7,35.3
42612,none,64.7,35.3
42614,none,64.7,35.3
42616,none,64.7,35.3
42618,none,64.7,35.3
42620,none,64.7,35.3
42622,none,64.7,35.3
42624,none,64.7,35.3
42626,none,64.7,35.3
42628,none,64.7,35.3
42630,none,64.7,35.3
42632,none,64.7,35.3
42634,none,64.7,35.3
42636,none,64.7,35.3
42638,none,64.7,35.3
42640,none,64.7,35.3
42642,none,64.7,35.3
42644,none,64.7,35.3
42646,none,64.7,35.3
42648,none,64.7,35.3
42650,none,64.7,35.3
42652,none,64.7,35.3
42654,none,64.7,35.3
42656,none,64.7,35.3
42658,none,64.7,35.3
42660,none,64.7,35.3
42662,none,64.7,35.3
42664,none,64.7,35.3
42666,none,64.7,35.3
42668,none,64.7,35.3
42670,none,64.7,35.3
42672,none,64.7,35.3
42674,none,64.7,35.3
42676,none,64.7,35.3
42678,none,64.7,35.3
42680,none,64.7,35.3
42682,none,64.7,35.3
42684,none,64.7,35.3
42686,none,64.7,35.3
42688,none,64.7,35.3
42690,none,64.7,35.3
42692,none,64.7,35.3
42694,none,64.7,35.3
42696,none,64.7,35.3
42698,none,64.7,35.3
42700,none,64.7,35.3
42702,none,64.7,35.3
42704,none,64.7,35.3
42706,none,64.7,35.3
42708,none,64.7,35.3
42710,none,64.7,35.3
42712,none,64.7,35.3
42714,none,64.7,35.3
42716,none,64.7,35.3
42718,none,64.7,35.3
42720,none,64.7,35.3
42722,A,64.7,35.3
42724,A,64.7,35.3
42726,A,64.7,35.3
42728,A,64.7,35.3
42730,A,64.8,35.2
42732,A,64.8,35.2
42734,none,64.8,35.2
42736,none,64.8,35.2
42738,none,64.8,35.2
42740,none,64.8,35.2
42742,none,64.8,35.2
42744,none,64.8,35.2
42746,none,64.8,35.2
42748,none,64.8,35.2
42750,none,64.8,35.2
42752,none,64.8,35.2
42754,none,64.8,35.2
42756,none,64.8,35.2
42758,none,64.8,35.2
42760,none,64.8,35.2
42762,none,64.8,35.2
42764,none,64.8,35.2
42766,none,64.8,35.2
42768,none,64.8,35.2
42770,none,64.8,35.2
42772,none,64.8,35.2
42774,none,64.8,35.2
42776,none,64.8,35.2
42778,none,64.8,35.2
42780,none,64.8,35.2
42782,none,64.8,35.2
42784,none,64.8,35.2
42786,none,64.8,35.2
42788,none,64.8,35.2
42790,none,64.8,35.2
42792,none,64.8,35.2
42794,none,64.8,35.2
42796,none,64.8,35.2
42798,none,64.8,35.2
42800,none,64.8,35.2
42802,none,64.8,35.2
42804,none,64.8,35.2
42806,none,64.8,35.2
42808,none,64.8,35.2
42810,none,64.8,35.2
42812,none,64.8,35.2
42814,none,64.8,35.2
42816,none,64.8,35.2
42818,none,64.8,35.2
42820,none,64.8,35.2
42822,none,64.8,35.2
42824,none,64.8,35.2
42826,none,64.8,35.2
42828,none,64.8,35.2
42830,none,64.8,35.2
42832,none,64.8,35.2
42834,none,64.8,35.2
42836,none,64.8,35.2
42838,none,64.8,35.2
42840,none,64.8,35.2
42842,none,64.8,35.2
42844,none,64.8,35.2
42846,none,64.8,35.2
42848,none,64.8,35.2
42850,none,64.8,35.2
42852,none,64.8,35.2
42854,none,64.8,35.2
42856,none,64.8,35.2
42858,none,64.8,35.2
42860,none,64.8,35.2
42862,none,64.8,35.2
42864,none,64.8,35.2
42866,none,64.8,35.2
42868,none,64.8,35.2
42870,none,64.8,35.2
42872,none,64.8,35.2
42874,none,64.8,35.2
42876,none,64.8,35.2
42878,none,64.8,35.2
42880,none,64.8,35.2
42882,none,64.8,35.2
42884,none,64.8,35.2
42886,none,64.8,35.2
42888,none,64.8,35.2
42890,none,64.8,35.2
42892,none,64.8,35.2
42894,none,64.8,35.2
42896,none,64.8,35.2
42898,none,64.8,35.2
42900,none,64.8,35.2
42902,none,64.8,35.2
42904,none,64.8,35.2
42906,none,64.8,35.2
42908,none,64.8,35.2
42910,none,64.8,35.2
42912,none,64.8,35.2
42914,none,64.8,35.2
42916,none,64.8,35.2
42918,none,64.8,35.2
42920,none,64.8,35.2
42922,none,64.8,35.2
42924,none,64.8,35.2
42926,none,64.8,35.2
42928,none,64.8,35.2
42930,none,64.8,35.2
42932,none,64.8,35.2
42934,none,64.8,35.2
42936,none,64.8,35.2
42938,none,64.8,35.2
42940,none,64.8,35.2
42942,none,64.8,35.2
42944,none,64.8,35.2
42946,none,64.8,35.2
42948,none,64.8,35.2
42950,none,64.8,35.2
42952,none,64.8,35.2
42954,none,64.8,35.2
42956,none,64.8,35.2
42958,none,64.8,35.2
42960,none,64.8,35.2
42962,none,64.8,35.2
42964,none,64.8,35.2
42966,none,64.8,35.2
42968,none,64.8,35.2
42970,none,64.8,35.2
42972,none,64.8,35.2
42974,none,64.8,35.2
42976,none,64.8,35.2
42978,none,64.8,35.2
42980,none,64.8,35.2
42982,none,64.8,35.2
42984,none,64.8,35.2
42986,none,64.8,35.2
42988,none,64.8,35.2
42990,none,64.8,35.2
42992,none,64.8,35.2
42994,none,64.8,35.2
42996,none,64.8,35.2
42998,none,64.8,35.2
43000,none,64.8,35.2
43002,none,64.8,35.2
43004,none,64.8,35.2
43006,none,64.8,35.2
43008,none,64.8,35.2
43010,none,64.8,35.2
43012,none,64.8,35.2
43014,none,64.8,35.2
43016,none,64.8,35.2
43018,none,64.8,35.2
43020,none,64.8,35.2
43022,none,64.8,35.2
43024,none,64.8,35.2
43026,none,64.8,35.2
43028,none,64.8,35.2
43030,none,64.8,35.2
43032,none,64.8,35.2
43034,none,64.8,35.2
43036,none,64.8,35.2
43038,none,64.8,35.2
43040,none,64.8,35.2
43042,none,64.8,35.2
43044,none,64.8,35.2
43046,none,64.8,35.2
43048,none,64.8,35.2
43050,none,64.8,35.2
43052,none,64.8,35.2
43054,none,64.8,35.2
43056,none,64.8,35.2
43058,none,64.8,35.2
43060,none,64.8,35.2
43062,none,64.8,35.2
43064,none,64.8,35.2
43066,none,64.8,35.2
43068,none,64.8,35.2
43070,none,64.8,35.2
43072,none,64.8,35.2
43074,none,64.8,35.2
43076,none,64.8,35.2
43078,A,64.8,35.2
43080,none,64.8,35.2
43082,none,64.8,35.2
43084,none,64.8,35.2
43086,none,64.8,35.2
43088,none,64.8,35.2
43090,none,64.8,35.2
43092,none,64.8,35.2
43094,none,64.8,35.2
43096,none,64.8,35.2
43098,none,64.8,35.2
43100,none,64.8,35.2
43102,none,64.8,35.2
43104,none,64.8,35.2
43106,none,64.8,35.2
43108,none,64.8,35.2
43110,none,64.8,35.2
43112,none,64.8,35.2
43114,none,64.8,35.2
43116,none,64.8,35.2
43118,none,64.8,35.2
43120,none,64.8,35.2
43122,none,64.8,35.2
43124,none,64.8,35.2
43126,none,64.8,35.2
43128,none,64.8,35.2
43130,none,64.8,35.2
43132,none,64.8,35.2
43134,none,64.8,35.2
43136,none,64.8,35.2
43138,none,64.8,35.2
43140,none,64.8,35.2
43142,none,64.8,35.2
43144,none,64.8,35.2
43146,none,64.8,35.2
43148,none,64.8,35.2
43150,none,64.8,35.2
43152,none,64.8,35.2
43154,none,64.8,35.2
43156,none,64.8,35.2
43158,none,64.8,35.2
43160,none,64.8,35.2
43162,none,64.8,35.2
43164,none,64.8,35.2
43166,none,64.8,35.2
43168,none,64.8,35.2
43170,none,64.8,35.2
43172,none,64.8,35.2
43174,none,64.8,35.2
43176,none,64.8,35.2
43178,none,64.8,35.2
43180,none,64.8,35.2
43182,none,64.8,35.2
43184,none,64.8,35.2
43186,none,64.8,35.2
43188,none,64.8,35.2
43190,none,64.8,35.2
43192,none,64.8,35.2
43194,none,64.8,35.2
43196,none,64.8,35.2
43198,none,64.8,35.2
43200,none,64.8,35.2
43202,none,64.8,35.2
43204,none,64.8,35.2
43206,none,64.8,35.2
43208,none,64.8,35.2
43210,none,64.8,35.2
43212,none,64.8,35.2
43214,none,64.8,35.2
43216,none,64.8,35.2
43218,none,64.8,35.2
43220,none,64.8,35.2
43222,none,64.8,35.2
43224,none,64.8,35.2
43226,none,64.8,35.2
43228,none,64.8,35.2
43230,none,64.8,35.2
43232,none,64.8,35.2
43234,none,64.8,35.2
43236,none,64.8,35.2
43238,B,64.8,35.2
43240,B,64.7,35.3
43242,B,64.7,35.3
43244,B,64.7,35.3
43246,A,64.7,35.3
43248,none,64.7,35.3
43250,none,64.7,35.3
43252,A,64.7,35.3
43254,none,64.7,35.3
43256,none,64.7,35.3
43258,none,64.7,35.3
43260,none,64.7,35.3
43262,none,64.7,35.3
43264,none,64.7,35.3
43266,none,64.7,35.3
43268,none,64.7,35.3
43270,none,64.7,35.3
43272,none,64.7,35.3
43274,none,64.7,35.3
43276,none,64.7,35.3
43278,none,64.7,35.3
43280,none,64.7,35.3
43282,none,64.7,35.3
43284,none,64.7,35.3
43286,none,64.7,35.3
43288,none,64.7,35.3
43290,none,64.7,35.3
43292,none,64.7,35.3
43294,none,64.7,35.3
43296,B,64.7,35.3
43298,B,64.7,35.3
43300,A,64.7,35.3
43302,none,64.7,35.3
43304,B,64.7,35.3
43306,none,64.7,35.3
43308,none,64.7,35.3
43310,none,64.7,35.3
43312,none,64.7,35.3
43314,none,64.7,35.3
43316,none,64.7,35.3
43318,none,64.7,35.3
43320,none,64.7,35.3
43322,A,64.7,35.3
43324,none,64.7,35.3
43326,none,64.7,35.3
43328,none,64.7,35.3
43330,none,64.7,35.3
43332,none,64.7,35.3
43334,none,64.7,35.3
43336,none,64.7,35.3
43338,B,64.6,35.4
43340,A,64.7,35.3
43342,none,64.7,35.3
43344,none,64.7,35.3
43346,none,64.7,35.3
43348,none,64.7,35.3
43350,none,64.7,35.3
43352,none,64.7,35.3
43354,B,64.6,35.4
43356,B,64.6,35.4
43358,A,64.6,35.4
43360,B,64.6,35.4
43362,B,64.6,35.4
43364,none,64.6,35.4
43366,B,64.5,35.5
43368,none,64.5,35.5
43370,B,64.5,35.5
43372,none,64.5,35.5
43374,none,64.5,35.5
43376,none,64.5,35.5
43378,none,64.5,35.5
43380,none,64.5,35.5
43382,none,64.5,35.5
43384,none,64.5,35.5
43386,none,64.5,35.5
43388,B,64.5,35.5
43390,none,64.5,35.5
43392,B,64.5,35.5
43394,B,64.4,35.6
43396,B,64.4,35.6
43398,B,64.4,35.6
43400,B,64.4,35.6
43402,B,64.4,35.6
43404,B,64.3,35.7
43406,B,64.3,35.7
43408,B,64.3,35.7
43410,B,64.3,35.7
43412,B,64.2,35.8
43414,B,64.2,35.8
43416,B,64.2,35.8
43418,B,64.2,35.8
43420,none,64.2,35.8
43422,A,64.2,35.8
43424,none,64.2,35.8
43426,none,64.2,35.8
43428,B,64.1,35.9
43430,B,64.1,35.9
43432,B,64.1,35.9
43434,B,64.1,35.9
43436,B,64.1,35.9
43438,B,64.0,36.0
43440,B,64.0,36.0
43442,B,64.0,36.0
43444,B,64.0,36.0
43446,B,63.9,36.1
43448,none,63.9,36.1
43450,none,63.9,36.1
43452,none,63.9,36.1
43454,none,63.9,36.1
43456,none,63.9,36.1
43458,none,63.9,36.1
43460,none,63.9,36.1
43462,none,63.9,36.1
43464,none,63.9,36.1
43466,none,63.9,36.1
43468,none,63.9,36.1
43470,none,63.9,36.1
43472,none,63.9,36.1
43474,none,63.9,36.1
43476,none,63.9,36.1
43478,none,63.9,36.1
43480,none,63.9,36.1
43482,none,63.9,36.1
43484,none,63.9,36.1
43486,none,63.9,36.1
43488,none,63.9,36.1
43490,none,63.9,36.1
43492,none,63.9,36.1
43494,none,63.9,36.1
43496,none,63.9,36.1
43498,none,63.9,36.1
43500,none,63.9,36.1
43502,none,63.9,36.1
43504,none,63.9,36.1
43506,none,63.9,36.1
43508,none,63.9,36.1
43510,none,63.9,36.1
43512,none,63.9,36.1
43514,none,63.9,36.1
43516,none,63.9,36.1
43518,none,63.9,36.1
43520,none,63.9,36.1
43522,none,63.9,36.1
43524,B,63.9,36.1
43526,B,63.9,36.1
43528,none,63.9,36.1
43530,none,63.9,36.1
43532,none,63.9,36.1
43534,none,63.9,36.1
43536,none,63.9,36.1
43538,none,63.9,36.1
43540,none,63.9,36.1
43542,none,63.9,36.1
43544,none,63.9,36.1
43546,none,63.9,36.1
43548,none,63.9,36.1
43550,none,63.9,36.1
43552,none,63.9,36.1
43554,none,63.9,36.1
43556,none,63.9,36.1
43558,none,63.9,36.1
43560,none,63.9,36.1
43562,none,63.9,36.1
43564,none,63.9,36.1
43566,none,63.9,36.1
43568,none,63.9,36.1
43570,none,63.9,36.1
43572,none,63.9,36.1
43574,none,63.9,36.1
43576,none,63.9,36.1
43578,none,63.9,36.1
43580,none,63.9,36.1
43582,none,63.9,36.1
43584,none,63.9,36.1
43586,A,63.9,36.1
43588,A,63.9,36.1
43590,A,63.9,36.1
43592,A,63.9,36.1
43594,A,64.0,36.0
43596,none,64.0,36.0
43598,none,64.0,36.0
43600,none,64.0,36.0
43602,A,64.0,36.0
43604,A,64.0,36.0
43606,A,64.0,36.0
43608,none,64.0,36.0
43610,none,64.0,36.0
43612,none,64.0,36.0
43614,none,64.0,36.0
43616,A,64.0,36.0
43618,none,64.0,36.0
43620,none,64.0,36.0
43622,B,64.0,36.0
43624,A,64.0,36.0
43626,none,64.0,36.0
43628,none,64.0,36.0
43630,none,64.0,36.0
43632,none,64.0,36.0
43634,none,64.0,36.0
43636,none,64.0,36.0
43638,none,64.0,36.0
43640,none,64.0,36.0
43642,none,64.0,36.0
43644,none,64.0,36.0
43646,none,64.0,36.0
43648,none,64.0,36.0
43650,none,64.0,36.0
43652,none,64.0,36.0
43654,none,64.0,36.0
43656,none,64.0,36.0
43658,none,64.0,36.0
43660,none,64.0,36.0
43662,none,64.0,36.0
43664,none,64.0,36.0
43666,none,64.0,36.0
43668,none,64.0,36.0
43670,none,64.0,36.0
43672,none,64.0,36.0
43674,none,64.0,36.0
43676,none,64.0,36.0
43678,none,64.0,36.0
43680,none,64.0,36.0
43682,B,64.0,36.0
43684,B,63.9,36.1
43686,B,63.9,36.1
43688,none,63.9,36.1
43690,B,63.9,36.1
43692,none,63.9,36.1
43694,B,63.9,36.1
43696,B,63.9,36.1
43698,B,63.8,36.2
43700,none,63.8,36.2
43702,none,63.8,36.2
43704,none,63.8,36.2
43706,none,63.8,36.2
43708,none,63.8,36.2
43710,none,63.8,36.2
43712,none,63.8,36.2
43714,none,63.8,36.2
43716,none,63.8,36.2
43718,none,63.8,36.2
43720,B,63.8,36.2
43722,none,63.8,36.2
43724,B,63.8,36.2
43726,A,63.8,36.2
43728,A,63.8,36.2
43730,none,63.8,36.2
43732,B,63.8,36.2
43734,B,63.8,36.2
43736,B,63.7,36.3
43738,B,63.7,36.3
43740,none,63.7,36.3
43742,none,63.7,36.3
43744,none,63.7,36.3
43746,none,63.7,36.3
43748,none,63.7,36.3
43750,none,63.7,36.3
43752,none,63.7,36.3
43754,none,63.7,36.3
43756,none,63.7,36.3
43758,none,63.7,36.3
43760,none,63.7,36.3
43762,none,63.7,36.3
43764,none,63.7,36.3
43766,none,63.7,36.3
43768,none,63.7,36.3
43770,none,63.7,36.3
43772,none,63.7,36.3
43774,none,63.7,36.3
43776,none,63.7,36.3
43778,none,63.7,36.3
43780,none,63.7,36.3
43782,none,63.7,36.3
43784,none,63.7,36.3
43786,none,63.7,36.3
43788,none,63.7,36.3
43790,none,63.7,36.3
43792,none,63.7,36.3
43794,none,63.7,36.3
43796,none,63.7,36.3
43798,none,63.7,36.3
43800,none,63.7,36.3
43802,none,63.7,36.3
43804,none,63.7,36.3
43806,none,63.7,36.3
43808,none,63.7,36.3
43810,none,63.7,36.3
43812,none,63.7,36.3
43814,none,63.7,36.3
43816,none,63.7,36.3
43818,none,63.7,36.3
43820,none,63.7,36.3
43822,none,63.7,36.3
43824,none,63.7,36.3
43826,none,63.7,36.3
43828,none,63.7,36.3
43830,none,63.7,36.3
43832,none,63.7,36.3
43834,none,63.7,36.3
43836,A,63.7,36.3
43838,A,63.7,36.3
43840,A,63.8,36.2
43842,A,63.8,36.2
43844,A,63.8,36.2
43846,A,63.8,36.2
43848,A,63.8,36.2
43850,A,63.8,36.2
43852,A,63.8,36.2
43854,A,63.9,36.1
43856,A,63.9,36.1
43858,A,63.9,36.1
43860,A,63.9,36.1
43862,A,63.9,36.1
43864,A,63.9,36.1
43866,A,63.9,36.1
43868,A,63.9,36.1
43870,none,63.9,36.1
43872,none,63.9,36.1
43874,none,63.9,36.1
43876,A,64.0,36.0
43878,A,64.0,36.0
43880,A,64.0,36.0
43882,A,64.0,36.0
43884,A,64.0,36.0
43886,A,64.0,36.0
43888,A,64.0,36.0
43890,A,64.0,36.0
43892,A,64.1,35.9
43894,A,64.1,35.9
43896,none,64.1,35.9
43898,none,64.1,35.9
43900,A,64.1,35.9
43902,A,64.1,35.9
43904,A,64.1,35.9
43906,A,64.1,35.9
43908,A,64.1,35.9
43910,A,64.2,35.8
43912,A,64.2,35.8
43914,A,64.2,35.8
43916,A,64.2,35.8
43918,A,64.2,35.8
43920,A,64.2,35.8
43922,none,64.2,35.8
43924,none,64.2,35.8
43926,A,64.2,35.8
43928,A,64.2,35.8
43930,A,64.3,35.7
43932,A,64.3,35.7
43934,A,64.3,35.7
43936,A,64.3,35.7
43938,A,64.3,35.7
43940,A,64.3,35.7
43942,A,64.3,35.7
43944,A,64.3,35.7
43946,A,64.4,35.6
43948,A,64.4,35.6
43950,A,64.4,35.6
43952,A,64.4,35.6
43954,A,64.4,35.6
43956,A,64.4,35.6
43958,A,64.4,35.6
43960,none,64.4,35.6
43962,A,64.5,35.5
43964,B,64.4,35.6
43966,B,64.4,35.6
43968,B,64.4,35.6
43970,B,64.4,35.6
43972,B,64.3,35.7
43974,B,64.3,35.7
43976,B,64.3,35.7
43978,A,64.3,35.7
43980,A,64.3,35.7
43982,none,64.3,35.7
43984,none,64.3,35.7
43986,none,64.3,35.7
43988,none,64.3,35.7
43990,none,64.3,35.7
43992,none,64.3,35.7
43994,none,64.3,35.7
43996,none,64.3,35.7
43998,none,64.3,35.7
44000,none,64.3,35.7
44002,none,64.3,35.7
44004,none,64.3,35.7
44006,none,64.3,35.7
44008,none,64.3,35.7
44010,none,64.3,35.7
44012,none,64.3,35.7
44014,none,64.3,35.7
44016,none,64.3,35.7
44018,none,64.3,35.7
44020,none,64.3,35.7
44022,none,64.3,35.7
44024,none,64.3,35.7
44026,none,64.3,35.7
44028,none,64.3,35.7
44030,none,64.3,35.7
44032,none,64.3,35.7
44034,none,64.3,35.7
44036,none,64.3,35.7
44038,none,64.3,35.7
44040,none,64.3,35.7
44042,none,64.3,35.7
44044,none,64.3,35.7
44046,none,64.3,35.7
44048,none,64.3,35.7
44050,none,64.3,35.7
44052,none,64.3,35.7
44054,none,64.3,35.7
44056,none,64.3,35.7
44058,none,64.3,35.7
44060,none,64.3,35.7
44062,none,64.3,35.7
44064,none,64.3,35.7
44066,none,64.3,35.7
44068,none,64.3,35.7
44070,none,64.3,35.7
44072,none,64.3,35.7
44074,none,64.3,35.7
44076,none,64.3,35.7
44078,none,64.3,35.7
44080,none,64.3,35.7
44082,none,64.3,35.7
44084,none,64.3,35.7
44086,none,64.3,35.7
44088,none,64.3,35.7
44090,none,64.3,35.7
44092,none,64.3,35.7
44094,none,64.3,35.7
44096,none,64.3,35.7
44098,none,64.3,35.7
44100,none,64.3,35.7
44102,none,64.3,35.7
44104,none,64.3,35.7
44106,none,64.3,35.7
44108,none,64.3,35.7
44110,none,64.3,35.7
44112,none,64.3,35.7
44114,none,64.3,35.7
44116,none,64.3,35.7
44118,none,64.3,35.7
44120,none,64.3,35.7
44122,none,64.3,35.7
44124,none,64.3,35.7
44126,none,64.3,35.7
44128,none,64.3,35.7
44130,none,64.3,35.7
44132,none,64.3,35.7
44134,none,64.3,35.7
44136,none,64.3,35.7
44138,none,64.3,35.7
44140,none,64.3,35.7
44142,none,64.3,35.7
44144,none,64.3,35.7
44146,none,64.3,35.7
44148,none,64.3,35.7
44150,none,64.3,35.7
44152,none,64.3,35.7
44154,none,64.3,35.7
44156,none,64.3,35.7
44158,none,64.3,35.7
44160,none,64.3,35.7
44162,none,64.3,35.7
44164,none,64.3,35.7
44166,none,64.3,35.7
44168,none,64.3,35.7
44170,B,64.3,35.7
44172,B,64.3,35.7
44174,B,64.2,35.8
44176,none,64.2,35.8
44178,none,64.2,35.8
44180,none,64.2,35.8
44182,none,64.2,35.8
44184,none,64.2,35.8
44186,none,64.2,35.8
44188,none,64.2,35.8
44190,none,64.2,35.8
44192,none,64.2,35.8
44194,none,64.2,35.8
44196,none,64.2,35.8
44198,none,64.2,35.8
44200,none,64.2,35.8
44202,none,64.2,35.8
44204,none,64.2,35.8
44206,none,64.2,35.8
44208,none,64.2,35.8
44210,none,64.2,35.8
44212,none,64.2,35.8
44214,none,64.2,35.8
44216,none,64.2,35.8
44218,none,64.2,35.8
44220,none,64.2,35.8
44222,none,64.2,35.8
44224,none,64.2,35.8
44226,none,64.2,35.8
44228,none,64.2,35.8
44230,none,64.2,35.8
44232,none,64.2,35.8
44234,none,64.2,35.8
44236,none,64.2,35.8
44238,none,64.2,35.8
44240,none,64.2,35.8
44242,none,64.2,35.8
44244,none,64.2,35.8
44246,none,64.2,35.8
44248,none,64.2,35.8
44250,none,64.2,35.8
44252,none,64.2,35.8
44254,none,64.2,35.8
44256,B,64.2,35.8
44258,none,64.2,35.8
44260,none,64.2,35.8
44262,none,64.2,35.8
44264,none,64.2,35.8
44266,none,64.2,35.8
44268,none,64.2,35.8
44270,none,64.2,35.8
44272,A,64.2,35.8
44274,none,64.2,35.8
44276,none,64.2,35.8
44278,A,64.2,35.8
44280,none,64.2,35.8
44282,none,64.2,35.8
44284,none,64.2,35.8
44286,none,64.2,35.8
44288,none,64.2,35.8
44290,none,64.2,35.8
44292,none,64.2,35.8
44294,none,64.2,35.8
44296,none,64.2,35.8
44298,none,64.2,35.8
44300,none,64.2,35.8
44302,none,64.2,35.8
44304,none,64.2,35.8
44306,none,64.2,35.8
44308,none,64.2,35.8
44310,none,64.2,35.8
44312,none,64.2,35.8
44314,none,64.2,35.8
44316,none,64.2,35.8
44318,none,64.2,35.8
44320,none,64.2,35.8
44322,none,64.2,35.8
44324,none,64.2,35.8
44326,none,64.2,35.8
44328,none,64.2,35.8
44330,none,64.2,35.8
44332,none,64.2,35.8
44334,none,64.2,35.8
44336,none,64.2,35.8
44338,none,64.2,35.8
44340,none,64.2,35.8
44342,none,64.2,35.8
44344,none,64.2,35.8
44346,none,64.2,35.8
44348,none,64.2,35.8
44350,none,64.2,35.8
44352,none,64.2,35.8
44354,none,64.2,35.8
44356,none,64.2,35.8
44358,none,64.2,35.8
44360,none,64.2,35.8
44362,none,64.2,35.8
44364,none,64.2,35.8
44366,none,64.2,35.8
44368,none,64.2,35.8
44370,none,64.2,35.8
44372,none,64.2,35.8
44374,none,64.2,35.8
44376,none,64.2,35.8
44378,none,64.2,35.8
44380,none,64.2,35.8
44382,none,64.2,35.8
44384,none,64.2,35.8
44386,none,64.2,35.8
44388,none,64.2,35.8
44390,none,64.2,35.8
44392,none,64.2,35.8
44394,none,64.2,35.8
44396,none,64.2,35.8
44398,none,64.2,35.8
44400,none,64.2,35.8
44402,none,64.2,35.8
44404,none,64.2,35.8
44406,none,64.2,35.8
44408,none,64.2,35.8
44410,none,64.2,35.8
44412,none,64.2,35.8
44414,none,64.2,35.8
44416,none,64.2,35.8
44418,none,64.2,35.8
44420,none,64.2,35.8
44422,none,64.2,35.8
44424,none,64.2,35.8
44426,none,64.2,35.8
44428,none,64.2,35.8
44430,none,64.2,35.8
44432,none,64.2,35.8
44434,none,64.2,35.8
44436,none,64.2,35.8
44438,none,64.2,35.8
44440,none,64.2,35.8
44442,none,64.2,35.8
44444,none,64.2,35.8
44446,none,64.2,35.8
44448,none,64.2,35.8
44450,none,64.2,35.8
44452,none,64.2,35.8
44454,none,64.2,35.8
44456,none,64.2,35.8
44458,none,64.2,35.8
44460,none,64.2,35.8
44462,none,64.2,35.8
44464,none,64.2,35.8
44466,none,64.2,35.8
44468,none,64.2,35.8
44470,none,64.2,35.8
44472,none,64.2,35.8
44474,none,64.2,35.8
44476,none,64.2,35.8
44478,none,64.2,35.8
44480,none,64.2,35.8
44482,none,64.2,35.8
44484,none,64.2,35.8
44486,none,64.2,35.8
44488,none,64.2,35.8
44490,none,64.2,35.8
44492,none,64.2,35.8
44494,none,64.2,35.8
44496,none,64.2,35.8
44498,none,64.2,35.8
44500,none,64.2,35.8
44502,none,64.2,35.8
44504,none,64.2,35.8
44506,none,64.2,35.8
44508,none,64.2,35.8
44510,none,64.2,35.8
44512,none,64.2,35.8
44514,none,64.2,35.8
44516,none,64.2,35.8
44518,none,64.2,35.8
44520,none,64.2,35.8
44522,none,64.2,35.8
44524,none,64.2,35.8
44526,none,64.2,35.8
44528,none,64.2,35.8
44530,none,64.2,35.8
44532,none,64.2,35.8
44534,none,64.2,35.8
44536,none,64.2,35.8
44538,none,64.2,35.8
44540,none,64.2,35.8
44542,none,64.2,35.8
44544,none,64.2,35.8
44546,none,64.2,35.8
44548,none,64.2,35.8
44550,none,64.2,35.8
44552,none,64.2,35.8
44554,none,64.2,35.8
44556,none,64.2,35.8
44558,none,64.2,35.8
44560,none,64.2,35.8
44562,none,64.2,35.8
44564,none,64.2,35.8
44566,none,64.2,35.8
44568,none,64.2,35.8
44570,none,64.2,35.8
44572,none,64.2,35.8
44574,none,64.2,35.8
44576,none,64.2,35.8
44578,none,64.2,35.8
44580,none,64.2,35.8
44582,none,64.2,35.8
44584,none,64.2,35.8
44586,none,64.2,35.8
44588,none,64.2,35.8
44590,none,64.2,35.8
44592,none,64.2,35.8
44594,none,64.2,35.8
44596,none,64.2,35.8
44598,none,64.2,35.8
44600,none,64.2,35.8
44602,none,64.2,35.8
44604,none,64.2,35.8
44606,none,64.2,35.8
44608,none,64.2,35.8
44610,none,64.2,35.8
44612,none,64.2,35.8
44614,none,64.2,35.8
44616,none,64.2,35.8
44618,none,64.2,35.8
44620,none,64.2,35.8
44622,none,64.2,35.8
44624,none,64.2,35.8
44626,none,64.2,35.8
44628,none,64.2,35.8
44630,none,64.2,35.8
44632,none,64.2,35.8
44634,none,64.2,35.8
44636,none,64.2,35.8
44638,none,64.2,35.8
44640,none,64.2,35.8
44642,none,64.2,35.8
44644,none,64.2,35.8
44646,none,64.2,35.8
44648,none,64.2,35.8
44650,none,64.2,35.8
44652,none,64.2,35.8
44654,none,64.2,35.8
44656,none,64.2,35.8
44658,none,64.2,35.8
44660,none,64.2,35.8
44662,none,64.2,35.8
44664,none,64.2,35.8
44666,none,64.2,35.8
44668,none,64.2,35.8
44670,none,64.2,35.8
44672,none,64.2,35.8
44674,none,64.2,35.8
44676,none,64.2,35.8
44678,none,64.2,35.8
44680,none,64.2,35.8
44682,none,64.2,35.8
44684,none,64.2,35.8
44686,none,64.2,35.8
44688,none,64.2,35.8
44690,none,64.2,35.8
44692,none,64.2,35.8
44694,none,64.2,35.8
44696,none,64.2,35.8
44698,none,64.2,35.8
44700,none,64.2,35.8
44702,none,64.2,35.8
44704,none,64.2,35.8
44706,none,64.2,35.8
44708,none,64.2,35.8
44710,none,64.2,35.8
44712,none,64.2,35.8
44714,none,64.2,35.8
44716,none,64.2,35.8
44718,none,64.2,35.8
44720,none,64.2,35.8
44722,none,64.2,35.8
44724,none,64.2,35.8
44726,none,64.2,35.8
44728,none,64.2,35.8
44730,none,64.2,35.8
44732,none,64.2,35.8
44734,none,64.2,35.8
44736,none,64.2,35.8
44738,none,64.2,35.8
44740,none,64.2,35.8
44742,none,64.2,35.8
44744,none,64.2,35.8
44746,none,64.2,35.8
44748,none,64.2,35.8
44750,none,64.2,35.8
44752,none,64.2,35.8
44754,none,64.2,35.8
44756,none,64.2,35.8
44758,none,64.2,35.8
44760,none,64.2,35.8
44762,none,64.2,35.8
44764,none,64.2,35.8
44766,none,64.2,35.8
44768,none,64.2,35.8
44770,none,64.2,35.8
44772,none,64.2,35.8
44774,none,64.2,35.8
44776,none,64.2,35.8
44778,none,64.2,35.8
44780,none,64.2,35.8
44782,none,64.2,35.8
44784,none,64.2,35.8
44786,none,64.2,35.8
44788,none,64.2,35.8
44790,none,64.2,35.8
44792,none,64.2,35.8
44794,none,64.2,35.8
44796,none,64.2,35.8
44798,none,64.2,35.8
44800,none,64.2,35.8
44802,none,64.2,35.8
44804,none,64.2,35.8
44806,none,64.2,35.8
44808,none,64.2,35.8
44810,none,64.2,35.8
44812,none,64.2,35.8
44814,none,64.2,35.8
44816,none,64.2,35.8
44818,none,64.2,35.8
44820,none,64.2,35.8
44822,A,64.3,35.7
44824,A,64.3,35.7
44826,B,64.2,35.8
44828,A,64.3,35.7
44830,none,64.3,35.7
44832,none,64.3,35.7
44834,none,64.3,35.7
44836,none,64.3,35.7
44838,none,64.3,35.7
44840,B,64.2,35.8
44842,B,64.2,35.8
44844,B,64.2,35.8
44846,B,64.2,35.8
44848,B,64.1,35.9
44850,B,64.1,35.9
44852,B,64.1,35.9
44854,none,64.1,35.9
44856,none,64.1,35.9
44858,B,64.1,35.9
44860,B,64.1,35.9
44862,A,64.1,35.9
44864,B,64.0,36.0
44866,none,64.0,36.0
44868,B,64.0,36.0
44870,B,64.0,36.0
44872,B,64.0,36.0
44874,none,64.0,36.0
44876,B,64.0,36.0
44878,A,64.0,36.0
44880,none,64.0,36.0
44882,A,64.0,36.0
44884,A,64.0,36.0
44886,B,64.0,36.0
44888,B,63.9,36.1
44890,none,63.9,36.1
44892,none,63.9,36.1
44894,none,63.9,36.1
44896,none,63.9,36.1
44898,none,63.9,36.1
44900,B,63.9,36.1
44902,B,63.9,36.1
44904,none,63.9,36.1
44906,none,63.9,36.1
44908,none,63.9,36.1
44910,none,63.9,36.1
44912,none,63.9,36.1
44914,none,63.9,36.1
44916,none,63.9,36.1
44918,none,63.9,36.1
44920,none,63.9,36.1
44922,none,63.9,36.1
44924,none,63.9,36.1
44926,none,63.9,36.1
44928,none,63.9,36.1
44930,none,63.9,36.1
44932,none,63.9,36.1
44934,none,63.9,36.1
44936,none,63.9,36.1
44938,none,63.9,36.1
44940,none,63.9,36.1
44942,none,63.9,36.1
44944,none,63.9,36.1
44946,none,63.9,36.1
44948,none,63.9,36.1
44950,none,63.9,36.1
44952,none,63.9,36.1
44954,none,63.9,36.1
44956,none,63.9,36.1
44958,none,63.9,36.1
44960,none,63.9,36.1
44962,none,63.9,36.1
44964,none,63.9,36.1
44966,none,63.9,36.1
44968,none,63.9,36.1
44970,none,63.9,36.1
44972,none,63.9,36.1
44974,none,63.9,36.1
44976,A,63.9,36.1
44978,none,63.9,36.1
44980,none,63.9,36.1
44982,none,63.9,36.1
44984,none,63.9,36.1
44986,none,63.9,36.1
44988,none,63.9,36.1
44990,none,63.9,36.1
44992,none,63.9,36.1
44994,none,63.9,36.1
44996,none,63.9,36.1
44998,none,63.9,36.1
45000,none,63.9,36.1
45002,none,63.9,36.1
45004,none,63.9,36.1
45006,none,63.9,36.1
45008,none,63.9,36.1
45010,none,63.9,36.1
45012,none,63.9,36.1
45014,none,63.9,36.1
45016,none,63.9,36.1
45018,none,63.9,36.1
45020,none,63.9,36.1
45022,none,63.9,36.1
45024,none,63.9,36.1
45026,none,63.9,36.1
45028,none,63.9,36.1
45030,none,63.9,36.1
45032,none,63.9,36.1
45034,none,63.9,36.1
45036,none,63.9,36.1
45038,none,63.9,36.1
45040,none,63.9,36.1
45042,none,63.9,36.1
45044,none,63.9,36.1
45046,none,63.9,36.1
45048,A,63.9,36.1
45050,A,63.9,36.1
45052,A,64.0,36.0
45054,none,64.0,36.0
45056,none,64.0,36.0
45058,none,64.0,36.0
45060,none,64.0,36.0
45062,none,64.0,36.0
45064,none,64.0,36.0
45066,none,64.0,36.0
45068,none,64.0,36.0
45070,none,64.0,36.0
45072,none,64.0,36.0
45074,none,64.0,36.0
45076,none,64.0,36.0
45078,none,64.0,36.0
45080,B,63.9,36.1
45082,B,63.9,36.1
45084,none,63.9,36.1
45086,none,63.9,36.1
45088,none,63.9,36.1
45090,A,63.9,36.1
45092,B,63.9,36.1
45094,B,63.9,36.1
45096,none,63.9,36.1
45098,none,63.9,36.1
45100,B,63.9,36.1
45102,A,63.9,36.1
45104,none,63.9,36.1
45106,none,63.9,36.1
45108,none,63.9,36.1
45110,none,63.9,36.1
45112,A,63.9,36.1
45114,none,63.9,36.1
45116,none,63.9,36.1
45118,none,63.9,36.1
45120,none,63.9,36.1
45122,none,63.9,36.1
45124,none,63.9,36.1
45126,none,63.9,36.1
45128,none,63.9,36.1
45130,none,63.9,36.1
45132,none,63.9,36.1
45134,none,63.9,36.1
45136,none,63.9,36.1
45138,none,63.9,36.1
45140,none,63.9,36.1
45142,none,63.9,36.1
45144,none,63.9,36.1
45146,none,63.9,36.1
45148,none,63.9,36.1
45150,none,63.9,36.1
45152,none,63.9,36.1
45154,none,63.9,36.1
45156,none,63.9,36.1
45158,none,63.9,36.1
45160,none,63.9,36.1
45162,none,63.9,36.1
45164,none,63.9,36.1
45166,none,63.9,36.1
45168,none,63.9,36.1
45170,A,63.9,36.1
45172,none,63.9,36.1
45174,none,63.9,36.1
45176,none,63.9,36.1
45178,none,63.9,36.1
45180,none,63.9,36.1
45182,none,63.9,36.1
45184,none,63.9,36.1
45186,none,63.9,36.1
45188,none,63.9,36.1
45190,none,63.9,36.1
45192,none,63.9,36.1
45194,none,63.9,36.1
45196,none,63.9,36.1
45198,none,63.9,36.1
45200,none,63.9,36.1
45202,none,63.9,36.1
45204,none,63.9,36.1
45206,none,63.9,36.1
45208,none,63.9,36.1
45210,none,63.9,36.1
45212,none,63.9,36.1
45214,none,63.9,36.1
45216,none,63.9,36.1
45218,none,63.9,36.1
45220,none,63.9,36.1
45222,none,63.9,36.1
45224,none,63.9,36.1
45226,none,63.9,36.1
45228,none,63.9,36.1
45230,none,63.9,36.1
45232,none,63.9,36.1
45234,none,63.9,36.1
45236,none,63.9,36.1
45238,none,63.9,36.1
45240,none,63.9,36.1
45242,none,63.9,36.1
45244,none,63.9,36.1
45246,none,63.9,36.1
45248,none,63.9,36.1
45250,none,63.9,36.1
45252,none,63.9,36.1
45254,none,63.9,36.1
45256,none,63.9,36.1
45258,none,63.9,36.1
45260,none,63.9,36.1
45262,none,63.9,36.1
45264,none,63.9,36.1
45266,none,63.9,36.1
45268,none,63.9,36.1
45270,none,63.9,36.1
45272,none,63.9,36.1
45274,none,63.9,36.1
45276,none,63.9,36.1
45278,none,63.9,36.1
45280,none,63.9,36.1
45282,none,63.9,36.1
45284,none,63.9,36.1
45286,none,63.9,36.1
45288,none,63.9,36.1
45290,none,63.9,36.1
45292,none,63.9,36.1
45294,none,63.9,36.1
45296,none,63.9,36.1
45298,none,63.9,36.1
45300,none,63.9,36.1
45302,none,63.9,36.1
45304,none,63.9,36.1
45306,none,63.9,36.1
45308,none,63.9,36.1
45310,none,63.9,36.1
45312,none,63.9,36.1
45314,none,63.9,36.1
45316,none,63.9,36.1
45318,none,63.9,36.1
45320,none,63.9,36.1
45322,none,63.9,36.1
45324,none,63.9,36.1
45326,none,63.9,36.1
45328,none,63.9,36.1
45330,none,63.9,36.1
45332,none,63.9,36.1
45334,none,63.9,36.1
45336,none,63.9,36.1
45338,none,63.9,36.1
45340,none,63.9,36.1
45342,none,63.9,36.1
45344,none,63.9,36.1
45346,none,63.9,36.1
45348,none,63.9,36.1
45350,none,63.9,36.1
45352,none,63.9,36.1
45354,none,63.9,36.1
45356,none,63.9,36.1
45358,none,63.9,36.1
45360,none,63.9,36.1
45362,none,63.9,36.1
45364,none,63.9,36.1
45366,none,63.9,36.1
45368,none,63.9,36.1
45370,none,63.9,36.1
45372,none,63.9,36.1
45374,none,63.9,36.1
45376,none,63.9,36.1
45378,none,63.9,36.1
45380,none,63.9,36.1
45382,none,63.9,36.1
45384,none,63.9,36.1
45386,none,63.9,36.1
45388,none,63.9,36.1
45390,none,63.9,36.1
45392,none,63.9,36.1
45394,none,63.9,36.1
45396,none,63.9,36.1
45398,none,63.9,36.1
45400,none,63.9,36.1
45402,none,63.9,36.1
45404,none,63.9,36.1
45406,none,63.9,36.1
45408,none,63.9,36.1
45410,none,63.9,36.1
45412,none,63.9,36.1
45414,none,63.9,36.1
45416,none,63.9,36.1
45418,none,63.9,36.1
45420,none,63.9,36.1
45422,none,63.9,36.1
45424,none,63.9,36.1
45426,none,63.9,36.1
45428,none,63.9,36.1
45430,none,63.9,36.1
45432,none,63.9,36.1
45434,none,63.9,36.1
45436,none,63.9,36.1
45438,none,63.9,36.1
45440,none,63.9,36.1
45442,none,63.9,36.1
45444,none,63.9,36.1
45446,none,63.9,36.1
45448,none,63.9,36.1
45450,none,63.9,36.1
45452,none,63.9,36.1
45454,none,63.9,36.1
45456,none,63.9,36.1
45458,none,63.9,36.1
45460,none,63.9,36.1
45462,none,63.9,36.1
45464,none,63.9,36.1
45466,none,63.9,36.1
45468,none,63.9,36.1
45470,none,63.9,36.1
45472,none,63.9,36.1
45474,none,63.9,36.1
45476,none,63.9,36.1
45478,none,63.9,36.1
45480,none,63.9,36.1
45482,none,63.9,36.1
45484,none,63.9,36.1
45486,none,63.9,36.1
45488,none,63.9,36.1
45490,none,63.9,36.1
45492,none,63.9,36.1
45494,none,63.9,36.1
45496,none,63.9,36.1
45498,none,63.9,36.1
45500,none,63.9,36.1
45502,none,63.9,36.1
45504,none,63.9,36.1
45506,none,63.9,36.1
45508,none,63.9,36.1
45510,none,63.9,36.1
45512,none,63.9,36.1
45514,none,63.9,36.1
45516,none,63.9,36.1
45518,none,63.9,36.1
45520,none,63.9,36.1
45522,none,63.9,36.1
45524,none,63.9,36.1
45526,none,63.9,36.1
45528,none,63.9,36.1
45530,none,63.9,36.1
45532,none,63.9,36.1
45534,none,63.9,36.1
45536,none,63.9,36.1
45538,none,63.9,36.1
45540,none,63.9,36.1
45542,none,63.9,36.1
45544,none,63.9,36.1
45546,none,63.9,36.1
45548,none,63.9,36.1
45550,none,63.9,36.1
45552,none,63.9,36.1
45554,none,63.9,36.1
45556,none,63.9,36.1
45558,none,63.9,36.1
45560,none,63.9,36.1
45562,none,63.9,36.1
45564,none,63.9,36.1
45566,none,63.9,36.1
45568,none,63.9,36.1
45570,none,63.9,36.1
45572,none,63.9,36.1
45574,none,63.9,36.1
45576,none,63.9,36.1
45578,none,63.9,36.1
45580,none,63.9,36.1
45582,none,63.9,36.1
45584,none,63.9,36.1
45586,none,63.9,36.1
45588,none,63.9,36.1
45590,none,63.9,36.1
45592,none,63.9,36.1
45594,none,63.9,36.1
45596,none,63.9,36.1
45598,none,63.9,36.1
45600,none,63.9,36.1
45602,none,63.9,36.1
45604,none,63.9,36.1
45606,none,63.9,36.1
45608,none,63.9,36.1
45610,none,63.9,36.1
45612,none,63.9,36.1
45614,none,63.9,36.1
45616,none,63.9,36.1
45618,none,63.9,36.1
45620,none,63.9,36.1
45622,none,63.9,36.1
45624,none,63.9,36.1
45626,none,63.9,36.1
45628,none,63.9,36.1
45630,none,63.9,36.1
45632,none,63.9,36.1
45634,none,63.9,36.1
45636,none,63.9,36.1
45638,none,63.9,36.1
45640,none,63.9,36.1
45642,none,63.9,36.1
45644,none,63.9,36.1
45646,none,63.9,36.1
45648,none,63.9,36.1
45650,none,63.9,36.1
45652,none,63.9,36.1
45654,none,63.9,36.1
45656,none,63.9,36.1
45658,none,63.9,36.1
45660,none,63.9,36.1
45662,none,63.9,36.1
45664,none,63.9,36.1
45666,none,63.9,36.1
45668,none,63.9,36.1
45670,none,63.9,36.1
45672,none,63.9,36.1
45674,none,63.9,36.1
45676,none,63.9,36.1
45678,none,63.9,36.1
45680,none,63.9,36.1
45682,none,63.9,36.1
45684,none,63.9,36.1
45686,none,63.9,36.1
45688,none,63.9,36.1
45690,none,63.9,36.1
45692,none,63.9,36.1
45694,none,63.9,36.1
45696,none,63.9,36.1
45698,none,63.9,36.1
45700,none,63.9,36.1
45702,none,63.9,36.1
45704,none,63.9,36.1
45706,none,63.9,36.1
45708,none,63.9,36.1
45710,none,63.9,36.1
45712,A,63.9,36.1
45714,none,63.9,36.1
45716,none,63.9,36.1
45718,none,63.9,36.1
45720,none,63.9,36.1
45722,none,63.9,36.1
45724,none,63.9,36.1
45726,none,63.9,36.1
45728,none,63.9,36.1
45730,none,63.9,36.1
45732,none,63.9,36.1
45734,none,63.9,36.1
45736,none,63.9,36.1
45738,none,63.9,36.1
45740,none,63.9,36.1
45742,none,63.9,36.1
45744,none,63.9,36.1
45746,none,63.9,36.1
45748,none,63.9,36.1
45750,none,63.9,36.1
45752,none,63.9,36.1
45754,none,63.9,36.1
45756,none,63.9,36.1
45758,none,63.9,36.1
45760,none,63.9,36.1
45762,none,63.9,36.1
45764,none,63.9,36.1
45766,none,63.9,36.1
45768,none,63.9,36.1
45770,none,63.9,36.1
45772,none,63.9,36.1
45774,none,63.9,36.1
45776,none,63.9,36.1
45778,none,63.9,36.1
45780,none,63.9,36.1
45782,none,63.9,36.1
45784,none,63.9,36.1
45786,none,63.9,36.1
45788,none,63.9,36.1
45790,none,63.9,36.1
45792,none,63.9,36.1
45794,none,63.9,36.1
45796,none,63.9,36.1
45798,none,63.9,36.1
45800,none,63.9,36.1
45802,none,63.9,36.1
45804,none,63.9,36.1
45806,none,63.9,36.1
45808,none,63.9,36.1
45810,none,63.9,36.1
45812,none,63.9,36.1
45814,none,63.9,36.1
45816,none,63.9,36.1
45818,none,63.9,36.1
45820,none,63.9,36.1
45822,none,63.9,36.1
45824,none,63.9,36.1
45826,none,63.9,36.1
45828,none,63.9,36.1
45830,none,63.9,36.1
45832,none,63.9,36.1
45834,none,63.9,36.1
45836,none,63.9,36.1
45838,none,63.9,36.1
45840,none,63.9,36.1
45842,none,63.9,36.1
45844,none,63.9,36.1
45846,none,63.9,36.1
45848,none,63.9,36.1
45850,none,63.9,36.1
45852,none,63.9,36.1
45854,none,63.9,36.1
45856,none,63.9,36.1
45858,none,63.9,36.1
45860,none,63.9,36.1
45862,none,63.9,36.1
45864,none,63.9,36.1
45866,none,63.9,36.1
45868,none,63.9,36.1
45870,none,63.9,36.1
45872,A,63.9,36.1
45874,A,63.9,36.1
45876,A,63.9,36.1
45878,none,63.9,36.1
45880,none,63.9,36.1
45882,none,63.9,36.1
45884,none,63.9,36.1
45886,none,63.9,36.1
45888,none,63.9,36.1
45890,none,63.9,36.1
45892,none,63.9,36.1
45894,none,63.9,36.1
45896,A,64.0,36.0
45898,A,64.0,36.0
45900,A,64.0,36.0
45902,A,64.0,36.0
45904,A,64.0,36.0
45906,A,64.0,36.0
45908,none,64.0,36.0
45910,A,64.0,36.0
45912,none,64.0,36.0
45914,none,64.0,36.0
45916,none,64.0,36.0
45918,none,64.0,36.0
45920,none,64.0,36.0
45922,none,64.0,36.0
45924,none,64.0,36.0
45926,none,64.0,36.0
45928,none,64.0,36.0
45930,A,64.0,36.0
45932,A,64.1,35.9
45934,none,64.1,35.9
45936,none,64.1,35.9
45938,none,64.1,35.9
45940,none,64.1,35.9
45942,none,64.1,35.9
45944,B,64.0,36.0
45946,A,64.0,36.0
45948,A,64.1,35.9
45950,A,64.1,35.9
45952,none,64.1,35.9
45954,A,64.1,35.9
45956,none,64.1,35.9
45958,none,64.1,35.9
45960,none,64.1,35.9
45962,none,64.1,35.9
45964,none,64.1,35.9
45966,none,64.1,35.9
45968,none,64.1,35.9
45970,none,64.1,35.9
45972,none,64.1,35.9
45974,none,64.1,35.9
45976,none,64.1,35.9
45978,none,64.1,35.9
45980,none,64.1,35.9
45982,none,64.1,35.9
45984,none,64.1,35.9
45986,none,64.1,35.9
45988,none,64.1,35.9
45990,none,64.1,35.9
45992,none,64.1,35.9
45994,A,64.1,35.9
45996,none,64.1,35.9
45998,none,64.1,35.9
46000,none,64.1,35.9
46002,none,64.1,35.9
46004,none,64.1,35.9
46006,none,64.1,35.9
46008,none,64.1,35.9
46010,none,64.1,35.9
46012,none,64.1,35.9
46014,none,64.1,35.9
46016,none,64.1,35.9
46018,none,64.1,35.9
46020,none,64.1,35.9
46022,none,64.1,35.9
46024,none,64.1,35.9
46026,none,64.1,35.9
46028,B,64.1,35.9
46030,none,64.1,35.9
46032,none,64.1,35.9
46034,none,64.1,35.9
46036,B,64.1,35.9
46038,A,64.1,35.9
46040,none,64.1,35.9
46042,none,64.1,35.9
46044,none,64.1,35.9
46046,none,64.1,35.9
46048,none,64.1,35.9
46050,none,64.1,35.9
46052,none,64.1,35.9
46054,none,64.1,35.9
46056,none,64.1,35.9
46058,none,64.1,35.9
46060,none,64.1,35.9
46062,none,64.1,35.9
46064,none,64.1,35.9
46066,none,64.1,35.9
46068,none,64.1,35.9
46070,none,64.1,35.9
46072,none,64.1,35.9
46074,none,64.1,35.9
46076,none,64.1,35.9
46078,none,64.1,35.9
46080,none,64.1,35.9
46082,A,64.1,35.9
46084,none,64.1,35.9
46086,none,64.1,35.9
46088,none,64.1,35.9
46090,none,64.1,35.9
46092,none,64.1,35.9
46094,none,64.1,35.9
46096,none,64.1,35.9
46098,none,64.1,35.9
46100,none,64.1,35.9
46102,none,64.1,35.9
46104,B,64.1,35.9
46106,B,64.0,36.0
46108,B,64.0,36.0
46110,B,64.0,36.0
46112,none,64.0,36.0
46114,none,64.0,36.0
46116,none,64.0,36.0
46118,none,64.0,36.0
46120,none,64.0,36.0
46122,none,64.0,36.0
46124,none,64.0,36.0
46126,none,64.0,36.0
46128,none,64.0,36.0
46130,none,64.0,36.0
46132,none,64.0,36.0
46134,none,64.0,36.0
46136,none,64.0,36.0
46138,none,64.0,36.0
46140,none,64.0,36.0
46142,A,64.0,36.0
46144,none,64.0,36.0
46146,none,64.0,36.0
46148,none,64.0,36.0
46150,none,64.0,36.0
46152,none,64.0,36.0
46154,none,64.0,36.0
46156,none,64.0,36.0
46158,none,64.0,36.0
46160,none,64.0,36.0
46162,none,64.0,36.0
46164,none,64.0,36.0
46166,none,64.0,36.0
46168,none,64.0,36.0
46170,none,64.0,36.0
46172,none,64.0,36.0
46174,none,64.0,36.0
46176,none,64.0,36.0
46178,none,64.0,36.0
46180,none,64.0,36.0
46182,none,64.0,36.0
46184,none,64.0,36.0
46186,none,64.0,36.0
46188,none,64.0,36.0
46190,none,64.0,36.0
46192,none,64.0,36.0
46194,none,64.0,36.0
46196,none,64.0,36.0
46198,none,64.0,36.0
46200,none,64.0,36.0
46202,none,64.0,36.0
46204,none,64.0,36.0
46206,none,64.0,36.0
46208,none,64.0,36.0
46210,none,64.0,36.0
46212,none,64.0,36.0
46214,none,64.0,36.0
46216,none,64.0,36.0
46218,none,64.0,36.0
46220,none,64.0,36.0
46222,B,64.0,36.0
46224,none,64.0,36.0
46226,none,64.0,36.0
46228,none,64.0,36.0
46230,none,64.0,36.0
46232,none,64.0,36.0
46234,none,64.0,36.0
46236,none,64.0,36.0
46238,none,64.0,36.0
46240,none,64.0,36.0
46242,none,64.0,36.0
46244,none,64.0,36.0
46246,none,64.0,36.0
46248,none,64.0,36.0
46250,none,64.0,36.0
46252,none,64.0,36.0
46254,none,64.0,36.0
46256,none,64.0,36.0
46258,none,64.0,36.0
46260,none,64.0,36.0
46262,none,64.0,36.0
46264,none,64.0,36.0
46266,none,64.0,36.0
46268,none,64.0,36.0
46270,none,64.0,36.0
46272,none,64.0,36.0
46274,none,64.0,36.0
46276,none,64.0,36.0
46278,none,64.0,36.0
46280,none,64.0,36.0
46282,none,64.0,36.0
46284,none,64.0,36.0
46286,none,64.0,36.0
46288,none,64.0,36.0
46290,none,64.0,36.0
46292,none,64.0,36.0
46294,none,64.0,36.0
46296,none,64.0,36.0
46298,none,64.0,36.0
46300,none,64.0,36.0
46302,A,64.0,36.0
46304,none,64.0,36.0
46306,none,64.0,36.0
46308,none,64.0,36.0
46310,none,64.0,36.0
46312,none,64.0,36.0
46314,none,64.0,36.0
46316,none,64.0,36.0
46318,none,64.0,36.0
46320,none,64.0,36.0
46322,none,64.0,36.0
46324,none,64.0,36.0
46326,none,64.0,36.0
46328,none,64.0,36.0
46330,A,64.0,36.0
46332,none,64.0,36.0
46334,none,64.0,36.0
46336,none,64.0,36.0
46338,none,64.0,36.0
46340,none,64.0,36.0
46342,none,64.0,36.0
46344,A,64.0,36.0
46346,none,64.0,36.0
46348,none,64.0,36.0
46350,none,64.0,36.0
46352,none,64.0,36.0
46354,none,64.0,36.0
46356,none,64.0,36.0
46358,none,64.0,36.0
46360,none,64.0,36.0
46362,none,64.0,36.0
46364,none,64.0,36.0
46366,none,64.0,36.0
46368,none,64.0,36.0
46370,none,64.0,36.0
46372,none,64.0,36.0
46374,none,64.0,36.0
46376,none,64.0,36.0
46378,none,64.0,36.0
46380,none,64.0,36.0
46382,none,64.0,36.0
46384,none,64.0,36.0
46386,none,64.0,36.0
46388,none,64.0,36.0
46390,none,64.0,36.0
46392,none,64.0,36.0
46394,none,64.0,36.0
46396,none,64.0,36.0
46398,none,64.0,36.0
46400,none,64.0,36.0
46402,none,64.0,36.0
46404,none,64.0,36.0
46406,none,64.0,36.0
46408,none,64.0,36.0
46410,none,64.0,36.0
46412,none,64.0,36.0
46414,none,64.0,36.0
46416,none,64.0,36.0
46418,none,64.0,36.0
46420,none,64.0,36.0
46422,none,64.0,36.0
46424,none,64.0,36.0
46426,none,64.0,36.0
46428,none,64.0,36.0
46430,none,64.0,36.0
46432,none,64.0,36.0
46434,none,64.0,36.0
46436,none,64.0,36.0
46438,none,64.0,36.0
46440,none,64.0,36.0
46442,none,64.0,36.0
46444,none,64.0,36.0
46446,none,64.0,36.0
46448,none,64.0,36.0
46450,none,64.0,36.0
46452,none,64.0,36.0
46454,none,64.0,36.0
46456,none,64.0,36.0
46458,none,64.0,36.0
46460,none,64.0,36.0
46462,none,64.0,36.0
46464,none,64.0,36.0
46466,none,64.0,36.0
46468,none,64.0,36.0
46470,none,64.0,36.0
46472,none,64.0,36.0
46474,none,64.0,36.0
46476,none,64.0,36.0
46478,none,64.0,36.0
46480,none,64.0,36.0
46482,none,64.0,36.0
46484,none,64.0,36.0
46486,none,64.0,36.0
46488,none,64.0,36.0
46490,none,64.0,36.0
46492,none,64.0,36.0
46494,none,64.0,36.0
46496,none,64.0,36.0
46498,none,64.0,36.0
46500,none,64.0,36.0
46502,none,64.0,36.0
46504,none,64.0,36.0
46506,none,64.0,36.0
46508,none,64.0,36.0
46510,none,64.0,36.0
46512,none,64.0,36.0
46514,none,64.0,36.0
46516,none,64.0,36.0
46518,none,64.0,36.0
46520,none,64.0,36.0
46522,none,64.0,36.0
46524,none,64.0,36.0
46526,none,64.0,36.0
46528,none,64.0,36.0
46530,none,64.0,36.0
46532,none,64.0,36.0
46534,none,64.0,36.0
46536,none,64.0,36.0
46538,none,64.0,36.0
46540,none,64.0,36.0
46542,none,64.0,36.0
46544,none,64.0,36.0
46546,none,64.0,36.0
46548,none,64.0,36.0
46550,none,64.0,36.0
46552,none,64.0,36.0
46554,none,64.0,36.0
46556,none,64.0,36.0
46558,none,64.0,36.0
46560,none,64.0,36.0
46562,none,64.0,36.0
46564,none,64.0,36.0
46566,none,64.0,36.0
46568,none,64.0,36.0
46570,none,64.0,36.0
46572,none,64.0,36.0
46574,none,64.0,36.0
46576,none,64.0,36.0
46578,none,64.0,36.0
46580,none,64.0,36.0
46582,none,64.0,36.0
46584,none,64.0,36.0
46586,B,64.0,36.0
46588,none,64.0,36.0
46590,none,64.0,36.0
46592,none,64.0,36.0
46594,none,64.0,36.0
46596,none,64.0,36.0
46598,none,64.0,36.0
46600,none,64.0,36.0
46602,none,64.0,36.0
46604,none,64.0,36.0
46606,none,64.0,36.0
46608,none,64.0,36.0
46610,none,64.0,36.0
46612,none,64.0,36.0
46614,none,64.0,36.0
46616,none,64.0,36.0
46618,none,64.0,36.0
46620,none,64.0,36.0
46622,none,64.0,36.0
46624,none,64.0,36.0
46626,none,64.0,36.0
46628,none,64.0,36.0
46630,none,64.0,36.0
46632,none,64.0,36.0
46634,none,64.0,36.0
46636,none,64.0,36.0
46638,none,64.0,36.0
46640,none,64.0,36.0
46642,none,64.0,36.0
46644,none,64.0,36.0
46646,none,64.0,36.0
46648,none,64.0,36.0
46650,none,64.0,36.0
46652,none,64.0,36.0
46654,none,64.0,36.0
46656,none,64.0,36.0
46658,none,64.0,36.0
46660,none,64.0,36.0
46662,none,64.0,36.0
46664,none,64.0,36.0
46666,none,64.0,36.0
46668,B,64.0,36.0
46670,B,63.9,36.1
46672,none,63.9,36.1
46674,B,63.9,36.1
46676,none,63.9,36.1
46678,A,63.9,36.1
46680,none,63.9,36.1
46682,none,63.9,36.1
46684,none,63.9,36.1
46686,none,63.9,36.1
46688,none,63.9,36.1
46690,none,63.9,36.1
46692,none,63.9,36.1
46694,none,63.9,36.1
46696,none,63.9,36.1
46698,none,63.9,36.1
46700,A,64.0,36.0
46702,A,64.0,36.0
46704,A,64.0,36.0
46706,A,64.0,36.0
46708,none,64.0,36.0
46710,none,64.0,36.0
46712,A,64.0,36.0
46714,A,64.0,36.0
46716,A,64.0,36.0
46718,A,64.0,36.0
46720,A,64.1,35.9
46722,none,64.1,35.9
46724,A,64.1,35.9
46726,A,64.1,35.9
46728,A,64.1,35.9
46730,A,64.1,35.9
46732,A,64.1,35.9
46734,A,64.1,35.9
46736,A,64.1,35.9
46738,A,64.2,35.8
46740,none,64.2,35.8
46742,A,64.2,35.8
46744,none,64.2,35.8
46746,none,64.2,35.8
46748,none,64.2,35.8
46750,none,64.2,35.8
46752,none,64.2,35.8
46754,none,64.2,35.8
46756,none,64.2,35.8
46758,A,64.2,35.8
46760,A,64.2,35.8
46762,A,64.2,35.8
46764,A,64.2,35.8
46766,A,64.2,35.8
46768,A,64.2,35.8
46770,A,64.3,35.7
46772,none,64.3,35.7
46774,none,64.3,35.7
46776,none,64.3,35.7
46778,none,64.3,35.7
46780,none,64.3,35.7
46782,none,64.3,35.7
46784,none,64.3,35.7
46786,B,64.2,35.8
46788,B,64.2,35.8
46790,none,64.2,35.8
46792,none,64.2,35.8
46794,B,64.2,35.8
46796,B,64.2,35.8
46798,B,64.1,35.9
46800,A,64.2,35.8
46802,A,64.2,35.8
46804,B,64.1,35.9
46806,none,64.1,35.9
46808,B,64.1,35.9
46810,B,64.1,35.9
46812,A,64.1,35.9
46814,none,64.1,35.9
46816,none,64.1,35.9
46818,none,64.1,35.9
46820,A,64.1,35.9
46822,A,64.1,35.9
46824,none,64.1,35.9
46826,none,64.1,35.9
46828,none,64.1,35.9
46830,none,64.1,35.9
46832,none,64.1,35.9
46834,none,64.1,35.9
46836,none,64.1,35.9
46838,none,64.1,35.9
46840,none,64.1,35.9
46842,none,64.1,35.9
46844,none,64.1,35.9
46846,none,64.1,35.9
46848,none,64.1,35.9
46850,none,64.1,35.9
46852,none,64.1,35.9
46854,none,64.1,35.9
46856,none,64.1,35.9
46858,none,64.1,35.9
46860,none,64.1,35.9
46862,none,64.1,35.9
46864,none,64.1,35.9
46866,none,64.1,35.9
46868,none,64.1,35.9
46870,none,64.1,35.9
46872,none,64.1,35.9
46874,none,64.1,35.9
46876,none,64.1,35.9
46878,none,64.1,35.9
46880,none,64.1,35.9
46882,none,64.1,35.9
46884,none,64.1,35.9
46886,none,64.1,35.9
46888,none,64.1,35.9
46890,none,64.1,35.9
46892,none,64.1,35.9
46894,none,64.1,35.9
46896,none,64.1,35.9
46898,none,64.1,35.9
46900,none,64.1,35.9
46902,none,64.1,35.9
46904,none,64.1,35.9
46906,none,64.1,35.9
46908,none,64.1,35.9
46910,none,64.1,35.9
46912,none,64.1,35.9
46914,none,64.1,35.9
46916,none,64.1,35.9
46918,none,64.1,35.9
46920,none,64.1,35.9
46922,none,64.1,35.9
46924,A,64.1,35.9
46926,none,64.1,35.9
46928,none,64.1,35.9
46930,none,64.1,35.9
46932,none,64.1,35.9
46934,none,64.1,35.9
46936,none,64.1,35.9
46938,none,64.1,35.9
46940,none,64.1,35.9
46942,none,64.1,35.9
46944,none,64.1,35.9
46946,none,64.1,35.9
46948,none,64.1,35.9
46950,none,64.1,35.9
46952,none,64.1,35.9
46954,none,64.1,35.9
46956,none,64.1,35.9
46958,none,64.1,35.9
46960,none,64.1,35.9
46962,none,64.1,35.9
46964,none,64.1,35.9
46966,none,64.1,35.9
46968,none,64.1,35.9
46970,none,64.1,35.9
46972,none,64.1,35.9
46974,none,64.1,35.9
46976,none,64.1,35.9
46978,none,64.1,35.9
46980,none,64.1,35.9
46982,none,64.1,35.9
46984,none,64.1,35.9
46986,none,64.1,35.9
46988,none,64.1,35.9
46990,none,64.1,35.9
46992,none,64.1,35.9
46994,A,64.2,35.8
46996,none,64.2,35.8
46998,A,64.2,35.8
47000,none,64.2,35.8
47002,A,64.2,35.8
47004,A,64.2,35.8
47006,none,64.2,35.8
47008,A,64.2,35.8
47010,A,64.2,35.8
47012,A,64.2,35.8
47014,none,64.2,35.8
47016,A,64.2,35.8
47018,A,64.3,35.7
47020,A,64.3,35.7
47022,none,64.3,35.7
47024,none,64.3,35.7
47026,A,64.3,35.7
47028,none,64.3,35.7
47030,A,64.3,35.7
47032,A,64.3,35.7
47034,A,64.3,35.7
47036,A,64.3,35.7
47038,none,64.3,35.7
47040,none,64.3,35.7
47042,none,64.3,35.7
47044,none,64.3,35.7
47046,none,64.3,35.7
47048,none,64.3,35.7
47050,none,64.3,35.7
47052,none,64.3,35.7
47054,none,64.3,35.7
47056,none,64.3,35.7
47058,none,64.3,35.7
47060,none,64.3,35.7
47062,none,64.3,35.7
47064,none,64.3,35.7
47066,none,64.3,35.7
47068,none,64.3,35.7
47070,none,64.3,35.7
47072,A,64.3,35.7
47074,A,64.4,35.6
47076,A,64.4,35.6
47078,A,64.4,35.6
47080,A,64.4,35.6
47082,none,64.4,35.6
47084,none,64.4,35.6
47086,A,64.4,35.6
47088,A,64.4,35.6
47090,A,64.4,35.6
47092,A,64.4,35.6
47094,A,64.5,35.5
47096,A,64.5,35.5
47098,A,64.5,35.5
47100,A,64.5,35.5
47102,none,64.5,35.5
47104,B,64.5,35.5
47106,B,64.4,35.6
47108,A,64.5,35.5
47110,A,64.5,35.5
47112,none,64.5,35.5
47114,none,64.5,35.5
47116,A,64.5,35.5
47118,none,64.5,35.5
47120,none,64.5,35.5
47122,none,64.5,35.5
47124,none,64.5,35.5
47126,A,64.5,35.5
47128,none,64.5,35.5
47130,none,64.5,35.5
47132,none,64.5,35.5
47134,none,64.5,35.5
47136,none,64.5,35.5
47138,none,64.5,35.5
47140,none,64.5,35.5
47142,none,64.5,35.5
47144,none,64.5,35.5
47146,none,64.5,35.5
47148,none,64.5,35.5
47150,none,64.5,35.5
47152,none,64.5,35.5
47154,none,64.5,35.5
47156,none,64.5,35.5
47158,none,64.5,35.5
47160,none,64.5,35.5
47162,none,64.5,35.5
47164,none,64.5,35.5
47166,none,64.5,35.5
47168,none,64.5,35.5
47170,none,64.5,35.5
47172,none,64.5,35.5
47174,none,64.5,35.5
47176,none,64.5,35.5
47178,none,64.5,35.5
47180,none,64.5,35.5
47182,none,64.5,35.5
47184,none,64.5,35.5
47186,none,64.5,35.5
47188,none,64.5,35.5
47190,none,64.5,35.5
47192,none,64.5,35.5
47194,none,64.5,35.5
47196,none,64.5,35.5
47198,none,64.5,35.5
47200,none,64.5,35.5
47202,none,64.5,35.5
47204,none,64.5,35.5
47206,none,64.5,35.5
47208,none,64.5,35.5
47210,none,64.5,35.5
47212,none,64.5,35.5
47214,none,64.5,35.5
47216,none,64.5,35.5
47218,none,64.5,35.5
47220,none,64.5,35.5
47222,none,64.5,35.5
47224,none,64.5,35.5
47226,none,64.5,35.5
47228,none,64.5,35.5
47230,none,64.5,35.5
47232,none,64.5,35.5
47234,none,64.5,35.5
47236,none,64.5,35.5
47238,none,64.5,35.5
47240,none,64.5,35.5
47242,none,64.5,35.5
47244,none,64.5,35.5
47246,none,64.5,35.5
47248,none,64.5,35.5
47250,none,64.5,35.5
47252,none,64.5,35.5
47254,none,64.5,35.5
47256,none,64.5,35.5
47258,none,64.5,35.5
47260,none,64.5,35.5
47262,none,64.5,35.5
47264,none,64.5,35.5
47266,none,64.5,35.5
47268,none,64.5,35.5
47270,none,64.5,35.5
47272,none,64.5,35.5
47274,none,64.5,35.5
47276,none,64.5,35.5
47278,none,64.5,35.5
47280,none,64.5,35.5
47282,none,64.5,35.5
47284,none,64.5,35.5
47286,none,64.5,35.5
47288,none,64.5,35.5
47290,none,64.5,35.5
47292,none,64.5,35.5
47294,none,64.5,35.5
47296,none,64.5,35.5
47298,none,64.5,35.5
47300,none,64.5,35.5
47302,none,64.5,35.5
47304,none,64.5,35.5
47306,none,64.5,35.5
47308,none,64.5,35.5
47310,none,64.5,35.5
47312,none,64.5,35.5
47314,none,64.5,35.5
47316,none,64.5,35.5
47318,none,64.5,35.5
47320,none,64.5,35.5
47322,none,64.5,35.5
47324,none,64.5,35.5
47326,none,64.5,35.5
47328,none,64.5,35.5
47330,none,64.5,35.5
47332,none,64.5,35.5
47334,none,64.5,35.5
47336,none,64.5,35.5
47338,none,64.5,35.5
47340,none,64.5,35.5
47342,none,64.5,35.5
47344,none,64.5,35.5
47346,none,64.5,35.5
47348,none,64.5,35.5
47350,none,64.5,35.5
47352,B,64.5,35.5
47354,none,64.5,35.5
47356,none,64.5,35.5
47358,none,64.5,35.5
47360,none,64.5,35.5
47362,none,64.5,35.5
47364,B,64.5,35.5
47366,B,64.4,35.6
47368,B,64.4,35.6
47370,none,64.4,35.6
47372,none,64.4,35.6
47374,none,64.4,35.6
47376,none,64.4,35.6
47378,none,64.4,35.6
47380,none,64.4,35.6
47382,none,64.4,35.6
47384,none,64.4,35.6
47386,none,64.4,35.6
47388,none,64.4,35.6
47390,none,64.4,35.6
47392,none,64.4,35.6
47394,none,64.4,35.6
47396,none,64.4,35.6
47398,none,64.4,35.6
47400,none,64.4,35.6
47402,none,64.4,35.6
47404,none,64.4,35.6
47406,none,64.4,35.6
47408,none,64.4,35.6
47410,none,64.4,35.6
47412,none,64.4,35.6
47414,none,64.4,35.6
47416,none,64.4,35.6
47418,none,64.4,35.6
47420,none,64.4,35.6
47422,none,64.4,35.6
47424,none,64.4,35.6
47426,none,64.4,35.6
47428,none,64.4,35.6
47430,none,64.4,35.6
47432,none,64.4,35.6
47434,none,64.4,35.6
47436,none,64.4,35.6
47438,none,64.4,35.6
47440,none,64.4,35.6
47442,none,64.4,35.6
47444,none,64.4,35.6
47446,none,64.4,35.6
47448,none,64.4,35.6
47450,none,64.4,35.6
47452,none,64.4,35.6
47454,none,64.4,35.6
47456,none,64.4,35.6
47458,none,64.4,35.6
47460,none,64.4,35.6
47462,none,64.4,35.6
47464,none,64.4,35.6
47466,none,64.4,35.6
47468,none,64.4,35.6
47470,none,64.4,35.6
47472,none,64.4,35.6
47474,none,64.4,35.6
47476,none,64.4,35.6
47478,none,64.4,35.6
47480,none,64.4,35.6
47482,none,64.4,35.6
47484,none,64.4,35.6
47486,none,64.4,35.6
47488,none,64.4,35.6
47490,none,64.4,35.6
47492,none,64.4,35.6
47494,none,64.4,35.6
47496,none,64.4,35.6
47498,none,64.4,35.6
47500,none,64.4,35.6
47502,none,64.4,35.6
47504,none,64.4,35.6
47506,none,64.4,35.6
47508,none,64.4,35.6
47510,none,64.4,35.6
47512,none,64.4,35.6
47514,none,64.4,35.6
47516,none,64.4,35.6
47518,none,64.4,35.6
47520,none,64.4,35.6
47522,none,64.4,35.6
47524,none,64.4,35.6
47526,none,64.4,35.6
47528,none,64.4,35.6
47530,none,64.4,35.6
47532,none,64.4,35.6
47534,none,64.4,35.6
47536,none,64.4,35.6
47538,none,64.4,35.6
47540,none,64.4,35.6
47542,none,64.4,35.6
47544,none,64.4,35.6
47546,none,64.4,35.6
47548,none,64.4,35.6
47550,none,64.4,35.6
47552,none,64.4,35.6
47554,none,64.4,35.6
47556,none,64.4,35.6
47558,none,64.4,35.6
47560,none,64.4,35.6
47562,none,64.4,35.6
47564,none,64.4,35.6
47566,none,64.4,35.6
47568,none,64.4,35.6
47570,none,64.4,35.6
47572,none,64.4,35.6
47574,none,64.4,35.6
47576,none,64.4,35.6
47578,none,64.4,35.6
47580,none,64.4,35.6
47582,none,64.4,35.6
47584,none,64.4,35.6
47586,none,64.4,35.6
47588,none,64.4,35.6
47590,none,64.4,35.6
47592,none,64.4,35.6
47594,none,64.4,35.6
47596,none,64.4,35.6
47598,none,64.4,35.6
47600,none,64.4,35.6
47602,none,64.4,35.6
47604,none,64.4,35.6
47606,none,64.4,35.6
47608,none,64.4,35.6
47610,none,64.4,35.6
47612,none,64.4,35.6
47614,none,64.4,35.6
47616,none,64.4,35.6
47618,none,64.4,35.6
47620,none,64.4,35.6
47622,none,64.4,35.6
47624,A,64.4,35.6
47626,none,64.4,35.6
47628,none,64.4,35.6
47630,none,64.4,35.6
47632,none,64.4,35.6
47634,none,64.4,35.6
47636,none,64.4,35.6
47638,none,64.4,35.6
47640,none,64.4,35.6
47642,none,64.4,35.6
47644,none,64.4,35.6
47646,none,64.4,35.6
47648,none,64.4,35.6
47650,none,64.4,35.6
47652,none,64.4,35.6
47654,none,64.4,35.6
47656,none,64.4,35.6
47658,none,64.4,35.6
47660,none,64.4,35.6
47662,none,64.4,35.6
47664,none,64.4,35.6
47666,A,64.4,35.6
47668,none,64.4,35.6
47670,none,64.4,35.6
47672,none,64.4,35.6
47674,none,64.4,35.6
47676,none,64.4,35.6
47678,none,64.4,35.6
47680,none,64.4,35.6
47682,none,64.4,35.6
47684,none,64.4,35.6
47686,none,64.4,35.6
47688,none,64.4,35.6
47690,none,64.4,35.6
47692,none,64.4,35.6
47694,none,64.4,35.6
47696,none,64.4,35.6
47698,none,64.4,35.6
47700,none,64.4,35.6
47702,none,64.4,35.6
47704,none,64.4,35.6
47706,none,64.4,35.6
47708,none,64.4,35.6
47710,none,64.4,35.6
47712,B,64.4,35.6
47714,none,64.4,35.6
47716,none,64.4,35.6
47718,none,64.4,35.6
47720,none,64.4,35.6
47722,none,64.4,35.6
47724,none,64.4,35.6
47726,none,64.4,35.6
47728,none,64.4,35.6
47730,none,64.4,35.6
47732,none,64.4,35.6
47734,none,64.4,35.6
47736,none,64.4,35.6
47738,none,64.4,35.6
47740,none,64.4,35.6
47742,none,64.4,35.6
47744,none,64.4,35.6
47746,none,64.4,35.6
47748,none,64.4,35.6
47750,none,64.4,35.6
47752,none,64.4,35.6
47754,none,64.4,35.6
47756,none,64.4,35.6
47758,none,64.4,35.6
47760,none,64.4,35.6
47762,none,64.4,35.6
47764,none,64.4,35.6
47766,none,64.4,35.6
47768,none,64.4,35.6
47770,none,64.4,35.6
47772,none,64.4,35.6
47774,none,64.4,35.6
47776,none,64.4,35.6
47778,none,64.4,35.6
47780,none,64.4,35.6
47782,none,64.4,35.6
47784,none,64.4,35.6
47786,none,64.4,35.6
47788,none,64.4,35.6
47790,none,64.4,35.6
47792,none,64.4,35.6
47794,none,64.4,35.6
47796,none,64.4,35.6
47798,none,64.4,35.6
47800,none,64.4,35.6
47802,none,64.4,35.6
47804,none,64.4,35.6
47806,none,64.4,35.6
47808,none,64.4,35.6
47810,none,64.4,35.6
47812,none,64.4,35.6
47814,none,64.4,35.6
47816,none,64.4,35.6
47818,none,64.4,35.6
47820,none,64.4,35.6
47822,none,64.4,35.6
47824,none,64.4,35.6
47826,none,64.4,35.6
47828,none,64.4,35.6
47830,none,64.4,35.6
47832,none,64.4,35.6
47834,none,64.4,35.6
47836,none,64.4,35.6
47838,none,64.4,35.6
47840,none,64.4,35.6
47842,none,64.4,35.6
47844,none,64.4,35.6
47846,none,64.4,35.6
47848,none,64.4,35.6
47850,none,64.4,35.6
47852,none,64.4,35.6
47854,none,64.4,35.6
47856,none,64.4,35.6
47858,none,64.4,35.6
47860,none,64.4,35.6
47862,none,64.4,35.6
47864,none,64.4,35.6
47866,none,64.4,35.6
47868,none,64.4,35.6
47870,none,64.4,35.6
47872,none,64.4,35.6
47874,none,64.4,35.6
47876,none,64.4,35.6
47878,B,64.4,35.6
47880,B,64.4,35.6
47882,B,64.3,35.7
47884,none,64.3,35.7
47886,none,64.3,35.7
47888,none,64.3,35.7
47890,none,64.3,35.7
47892,none,64.3,35.7
47894,none,64.3,35.7
47896,none,64.3,35.7
47898,none,64.3,35.7
47900,none,64.3,35.7
47902,none,64.3,35.7
47904,none,64.3,35.7
47906,B,64.3,35.7
47908,B,64.3,35.7
47910,B,64.3,35.7
47912,none,64.3,35.7
47914,none,64.3,35.7
47916,none,64.3,35.7
47918,A,64.3,35.7
47920,A,64.3,35.7
47922,A,64.3,35.7
47924,A,64.3,35.7
47926,none,64.3,35.7
47928,none,64.3,35.7
47930,A,64.3,35.7
47932,A,64.4,35.6
47934,A,64.4,35.6
47936,A,64.4,35.6
47938,none,64.4,35.6
47940,A,64.4,35.6
47942,none,64.4,35.6
47944,none,64.4,35.6
47946,none,64.4,35.6
47948,none,64.4,35.6
47950,none,64.4,35.6
47952,none,64.4,35.6
47954,A,64.4,35.6
47956,A,64.4,35.6
47958,A,64.4,35.6
47960,A,64.4,35.6
47962,A,64.4,35.6
47964,A,64.5,35.5
47966,A,64.5,35.5
47968,none,64.5,35.5
47970,A,64.5,35.5
47972,A,64.5,35.5
47974,A,64.5,35.5
47976,A,64.5,35.5
47978,A,64.5,35.5
47980,A,64.5,35.5
47982,A,64.6,35.4
47984,A,64.6,35.4
47986,A,64.6,35.4
47988,A,64.6,35.4
47990,A,64.6,35.4
47992,none,64.6,35.4
47994,none,64.6,35.4
47996,A,64.6,35.4
47998,A,64.6,35.4
48000,A,64.6,35.4
48002,A,64.7,35.3
48004,A,64.7,35.3
48006,A,64.7,35.3
48008,A,64.7,35.3
48010,A,64.7,35.3
48012,A,64.7,35.3
48014,A,64.7,35.3
48016,none,64.7,35.3
48018,A,64.7,35.3
48020,none,64.7,35.3
48022,A,64.7,35.3
48024,A,64.8,35.2
48026,A,64.8,35.2
48028,A,64.8,35.2
48030,A,64.8,35.2
48032,A,64.8,35.2
48034,A,64.8,35.2
48036,A,64.8,35.2
48038,none,64.8,35.2
48040,none,64.8,35.2
48042,none,64.8,35.2
48044,A,64.8,35.2
48046,A,64.9,35.1
48048,none,64.9,35.1
48050,A,64.9,35.1
48052,A,64.9,35.1
48054,A,64.9,35.1
48056,A,64.9,35.1
48058,none,64.9,35.1
48060,A,64.9,35.1
48062,A,64.9,35.1
48064,none,64.9,35.1
48066,A,64.9,35.1
48068,A,64.9,35.1
48070,A,65.0,35.0
48072,A,65.0,35.0
48074,A,65.0,35.0
48076,none,65.0,35.0
48078,none,65.0,35.0
48080,none,65.0,35.0
48082,none,65.0,35.0
48084,none,65.0,35.0
48086,none,65.0,35.0
48088,none,65.0,35.0
48090,none,65.0,35.0
48092,none,65.0,35.0
48094,none,65.0,35.0
48096,none,65.0,35.0
48098,none,65.0,35.0
48100,none,65.0,35.0
48102,none,65.0,35.0
48104,none,65.0,35.0
48106,none,65.0,35.0
48108,none,65.0,35.0
48110,none,65.0,35.0
48112,none,65.0,35.0
48114,A,65.0,35.0
48116,A,65.0,35.0
48118,none,65.0,35.0
48120,none,65.0,35.0
48122,none,65.0,35.0
48124,none,65.0,35.0
48126,none,65.0,35.0
48128,none,65.0,35.0
48130,none,65.0,35.0
48132,A,65.0,35.0
48134,none,65.0,35.0
48136,none,65.0,35.0
48138,none,65.0,35.0
48140,none,65.0,35.0
48142,A,65.0,35.0
48144,B,65.0,35.0
48146,B,65.0,35.0
48148,B,65.0,35.0
48150,A,65.0,35.0
48152,B,65.0,35.0
48154,A,65.0,35.0
48156,A,65.0,35.0
48158,none,65.0,35.0
48160,none,65.0,35.0
48162,none,65.0,35.0
48164,none,65.0,35.0
48166,A,65.0,35.0
48168,A,65.0,35.0
48170,A,65.0,35.0
48172,none,65.0,35.0
48174,A,65.0,35.0
48176,A,65.0,35.0
48178,A,65.0,35.0
48180,A,65.1,34.9
48182,A,65.1,34.9
48184,A,65.1,34.9
48186,A,65.1,34.9
48188,A,65.1,34.9
48190,A,65.1,34.9
48192,A,65.1,34.9
48194,A,65.1,34.9
48196,A,65.1,34.9
48198,A,65.2,34.8
48200,A,65.2,34.8
48202,A,65.2,34.8
48204,none,65.2,34.8
48206,none,65.2,34.8
48208,none,65.2,34.8
48210,none,65.2,34.8
48212,none,65.2,34.8
48214,none,65.2,34.8
48216,none,65.2,34.8
48218,none,65.2,34.8
48220,none,65.2,34.8
48222,none,65.2,34.8
48224,none,65.2,34.8
48226,none,65.2,34.8
48228,none,65.2,34.8
48230,none,65.2,34.8
48232,none,65.2,34.8
48234,none,65.2,34.8
48236,none,65.2,34.8
48238,none,65.2,34.8
48240,A,65.2,34.8
48242,none,65.2,34.8
48244,none,65.2,34.8
48246,none,65.2,34.8
48248,none,65.2,34.8
48250,none,65.2,34.8
48252,none,65.2,34.8
48254,A,65.2,34.8
48256,none,65.2,34.8
48258,none,65.2,34.8
48260,none,65.2,34.8
48262,none,65.2,34.8
48264,none,65.2,34.8
48266,none,65.2,34.8
48268,none,65.2,34.8
48270,none,65.2,34.8
48272,none,65.2,34.8
48274,none,65.2,34.8
48276,none,65.2,34.8
48278,none,65.2,34.8
48280,A,65.2,34.8
48282,none,65.2,34.8
48284,none,65.2,34.8
48286,none,65.2,34.8
48288,none,65.2,34.8
48290,none,65.2,34.8
48292,none,65.2,34.8
48294,none,65.2,34.8
48296,none,65.2,34.8
48298,none,65.2,34.8
48300,none,65.2,34.8
48302,none,65.2,34.8
48304,none,65.2,34.8
48306,B,65.2,34.8
48308,none,65.2,34.8
48310,none,65.2,34.8
48312,none,65.2,34.8
48314,none,65.2,34.8
48316,none,65.2,34.8
48318,none,65.2,34.8
48320,none,65.2,34.8
48322,none,65.2,34.8
48324,none,65.2,34.8
48326,none,65.2,34.8
48328,none,65.2,34.8
48330,none,65.2,34.8
48332,none,65.2,34.8
48334,none,65.2,34.8
48336,none,65.2,34.8
48338,none,65.2,34.8
48340,none,65.2,34.8
48342,none,65.2,34.8
48344,none,65.2,34.8
48346,none,65.2,34.8
48348,none,65.2,34.8
48350,none,65.2,34.8
48352,none,65.2,34.8
48354,none,65.2,34.8
48356,none,65.2,34.8
48358,none,65.2,34.8
48360,none,65.2,34.8
48362,none,65.2,34.8
48364,none,65.2,34.8
48366,none,65.2,34.8
48368,none,65.2,34.8
48370,none,65.2,34.8
48372,none,65.2,34.8
48374,none,65.2,34.8
48376,none,65.2,34.8
48378,none,65.2,34.8
48380,none,65.2,34.8
48382,none,65.2,34.8
48384,none,65.2,34.8
48386,none,65.2,34.8
48388,none,65.2,34.8
48390,none,65.2,34.8
48392,none,65.2,34.8
48394,none,65.2,34.8
48396,none,65.2,34.8
48398,none,65.2,34.8
48400,none,65.2,34.8
48402,none,65.2,34.8
48404,none,65.2,34.8
48406,none,65.2,34.8
48408,none,65.2,34.8
48410,none,65.2,34.8
48412,none,65.2,34.8
48414,none,65.2,34.8
48416,none,65.2,34.8
48418,none,65.2,34.8
48420,none,65.2,34.8
48422,none,65.2,34.8
48424,none,65.2,34.8
48426,none,65.2,34.8
48428,none,65.2,34.8
48430,none,65.2,34.8
48432,none,65.2,34.8
48434,none,65.2,34.8
48436,none,65.2,34.8
48438,none,65.2,34.8
48440,none,65.2,34.8
48442,none,65.2,34.8
48444,none,65.2,34.8
48446,none,65.2,34.8
48448,none,65.2,34.8
48450,none,65.2,34.8
48452,none,65.2,34.8
48454,none,65.2,34.8
48456,none,65.2,34.8
48458,none,65.2,34.8
48460,none,65.2,34.8
48462,none,65.2,34.8
48464,none,65.2,34.8
48466,none,65.2,34.8
48468,none,65.2,34.8
48470,none,65.2,34.8
48472,none,65.2,34.8
48474,none,65.2,34.8
48476,none,65.2,34.8
48478,none,65.2,34.8
48480,none,65.2,34.8
48482,none,65.2,34.8
48484,none,65.2,34.8
48486,none,65.2,34.8
48488,none,65.2,34.8
48490,none,65.2,34.8
48492,none,65.2,34.8
48494,none,65.2,34.8
48496,none,65.2,34.8
48498,none,65.2,34.8
48500,none,65.2,34.8
48502,none,65.2,34.8
48504,none,65.2,34.8
48506,none,65.2,34.8
48508,none,65.2,34.8
48510,none,65.2,34.8
48512,none,65.2,34.8
48514,none,65.2,34.8
48516,A,65.2,34.8
48518,none,65.2,34.8
48520,none,65.2,34.8
48522,none,65.2,34.8
48524,none,65.2,34.8
48526,A,65.2,34.8
48528,A,65.2,34.8
48530,none,65.2,34.8
48532,none,65.2,34.8
48534,none,65.2,34.8
48536,none,65.2,34.8
48538,none,65.2,34.8
48540,none,65.2,34.8
48542,none,65.2,34.8
48544,A,65.2,34.8
48546,none,65.2,34.8
48548,none,65.2,34.8
48550,none,65.2,34.8
48552,none,65.2,34.8
48554,none,65.2,34.8
48556,none,65.2,34.8
48558,none,65.2,34.8
48560,none,65.2,34.8
48562,none,65.2,34.8
48564,none,65.2,34.8
48566,none,65.2,34.8
48568,none,65.2,34.8
48570,none,65.2,34.8
48572,none,65.2,34.8
48574,none,65.2,34.8
48576,none,65.2,34.8
48578,none,65.2,34.8
48580,none,65.2,34.8
48582,none,65.2,34.8
48584,none,65.2,34.8
48586,none,65.2,34.8
48588,none,65.2,34.8
48590,none,65.2,34.8
48592,none,65.2,34.8
48594,none,65.2,34.8
48596,none,65.2,34.8
48598,none,65.2,34.8
48600,none,65.2,34.8
48602,none,65.2,34.8
48604,none,65.2,34.8
48606,none,65.2,34.8
48608,none,65.2,34.8
48610,none,65.2,34.8
48612,none,65.2,34.8
48614,none,65.2,34.8
48616,none,65.2,34.8
48618,none,65.2,34.8
48620,none,65.2,34.8
48622,none,65.2,34.8
48624,none,65.2,34.8
48626,none,65.2,34.8
48628,none,65.2,34.8
48630,none,65.2,34.8
48632,none,65.2,34.8
48634,none,65.2,34.8
48636,none,65.2,34.8
48638,none,65.2,34.8
48640,none,65.2,34.8
48642,none,65.2,34.8
48644,none,65.2,34.8
48646,none,65.2,34.8
48648,none,65.2,34.8
48650,none,65.2,34.8
48652,none,65.2,34.8
48654,none,65.2,34.8
48656,none,65.2,34.8
48658,none,65.2,34.8
48660,none,65.2,34.8
48662,none,65.2,34.8
48664,none,65.2,34.8
48666,none,65.2,34.8
48668,none,65.2,34.8
48670,none,65.2,34.8
48672,none,65.2,34.8
48674,none,65.2,34.8
48676,none,65.2,34.8
48678,none,65.2,34.8
48680,none,65.2,34.8
48682,none,65.2,34.8
48684,none,65.2,34.8
48686,none,65.2,34.8
48688,none,65.2,34.8
48690,none,65.2,34.8
48692,none,65.2,34.8
48694,none,65.2,34.8
48696,none,65.2,34.8
48698,none,65.2,34.8
48700,none,65.2,34.8
48702,none,65.2,34.8
48704,none,65.2,34.8
48706,none,65.2,34.8
48708,none,65.2,34.8
48710,none,65.2,34.8
48712,none,65.2,34.8
48714,none,65.2,34.8
48716,none,65.2,34.8
48718,none,65.2,34.8
48720,none,65.2,34.8
48722,none,65.2,34.8
48724,none,65.2,34.8
48726,none,65.2,34.8
48728,none,65.2,34.8
48730,none,65.2,34.8
48732,none,65.2,34.8
48734,none,65.2,34.8
48736,none,65.2,34.8
48738,none,65.2,34.8
48740,none,65.2,34.8
48742,none,65.2,34.8
48744,none,65.2,34.8
48746,none,65.2,34.8
48748,none,65.2,34.8
48750,none,65.2,34.8
48752,none,65.2,34.8
48754,none,65.2,34.8
48756,none,65.2,34.8
48758,none,65.2,34.8
48760,none,65.2,34.8
48762,none,65.2,34.8
48764,none,65.2,34.8
48766,none,65.2,34.8
48768,none,65.2,34.8
48770,none,65.2,34.8
48772,none,65.2,34.8
48774,none,65.2,34.8
48776,none,65.2,34.8
48778,none,65.2,34.8
48780,none,65.2,34.8
48782,none,65.2,34.8
48784,none,65.2,34.8
48786,none,65.2,34.8
48788,none,65.2,34.8
48790,none,65.2,34.8
48792,none,65.2,34.8
48794,none,65.2,34.8
48796,none,65.2,34.8
48798,none,65.2,34.8
48800,none,65.2,34.8
48802,none,65.2,34.8
48804,B,65.2,34.8
48806,none,65.2,34.8
48808,none,65.2,34.8
48810,none,65.2,34.8
48812,none,65.2,34.8
48814,none,65.2,34.8
48816,none,65.2,34.8
48818,none,65.2,34.8
48820,none,65.2,34.8
48822,none,65.2,34.8
48824,none,65.2,34.8
48826,none,65.2,34.8
48828,none,65.2,34.8
48830,none,65.2,34.8
48832,none,65.2,34.8
48834,none,65.2,34.8
48836,none,65.2,34.8
48838,none,65.2,34.8
48840,none,65.2,34.8
48842,none,65.2,34.8
48844,none,65.2,34.8
48846,none,65.2,34.8
48848,none,65.2,34.8
48850,none,65.2,34.8
48852,none,65.2,34.8
48854,none,65.2,34.8
48856,none,65.2,34.8
48858,none,65.2,34.8
48860,none,65.2,34.8
48862,none,65.2,34.8
48864,none,65.2,34.8
48866,none,65.2,34.8
48868,none,65.2,34.8
48870,none,65.2,34.8
48872,none,65.2,34.8
48874,none,65.2,34.8
48876,none,65.2,34.8
48878,none,65.2,34.8
48880,none,65.2,34.8
48882,none,65.2,34.8
48884,none,65.2,34.8
48886,none,65.2,34.8
48888,none,65.2,34.8
48890,none,65.2,34.8
48892,none,65.2,34.8
48894,none,65.2,34.8
48896,none,65.2,34.8
48898,none,65.2,34.8
48900,none,65.2,34.8
48902,none,65.2,34.8
48904,none,65.2,34.8
48906,none,65.2,34.8
48908,none,65.2,34.8
48910,none,65.2,34.8
48912,none,65.2,34.8
48914,none,65.2,34.8
48916,none,65.2,34.8
48918,none,65.2,34.8
48920,none,65.2,34.8
48922,none,65.2,34.8
48924,none,65.2,34.8
48926,none,65.2,34.8
48928,none,65.2,34.8
48930,none,65.2,34.8
48932,none,65.2,34.8
48934,none,65.2,34.8
48936,none,65.2,34.8
48938,none,65.2,34.8
48940,none,65.2,34.8
48942,none,65.2,34.8
48944,none,65.2,34.8
48946,none,65.2,34.8
48948,none,65.2,34.8
48950,none,65.2,34.8
48952,none,65.2,34.8
48954,none,65.2,34.8
48956,none,65.2,34.8
48958,none,65.2,34.8
48960,none,65.2,34.8
48962,none,65.2,34.8
48964,none,65.2,34.8
48966,none,65.2,34.8
48968,none,65.2,34.8
48970,none,65.2,34.8
48972,none,65.2,34.8
48974,none,65.2,34.8
48976,none,65.2,34.8
48978,none,65.2,34.8
48980,none,65.2,34.8
48982,none,65.2,34.8
48984,none,65.2,34.8
48986,none,65.2,34.8
48988,none,65.2,34.8
48990,none,65.2,34.8
48992,none,65.2,34.8
48994,none,65.2,34.8
48996,none,65.2,34.8
48998,none,65.2,34.8
49000,none,65.2,34.8
49002,none,65.2,34.8
49004,none,65.2,34.8
49006,none,65.2,34.8
49008,none,65.2,34.8
49010,none,65.2,34.8
49012,none,65.2,34.8
49014,none,65.2,34.8
49016,none,65.2,34.8
49018,none,65.2,34.8
49020,none,65.2,34.8
49022,none,65.2,34.8
49024,none,65.2,34.8
49026,none,65.2,34.8
49028,none,65.2,34.8
49030,none,65.2,34.8
49032,none,65.2,34.8
49034,none,65.2,34.8
49036,none,65.2,34.8
49038,none,65.2,34.8
49040,none,65.2,34.8
49042,none,65.2,34.8
49044,none,65.2,34.8
49046,none,65.2,34.8
49048,none,65.2,34.8
49050,none,65.2,34.8
49052,none,65.2,34.8
49054,none,65.2,34.8
49056,none,65.2,34.8
49058,none,65.2,34.8
49060,none,65.2,34.8
49062,none,65.2,34.8
49064,A,65.2,34.8
49066,A,65.2,34.8
49068,none,65.2,34.8
49070,A,65.3,34.7
49072,none,65.3,34.7
49074,none,65.3,34.7
49076,A,65.3,34.7
49078,A,65.3,34.7
49080,A,65.3,34.7
49082,A,65.3,34.7
49084,A,65.3,34.7
49086,A,65.3,34.7
49088,A,65.3,34.7
49090,A,65.3,34.7
49092,none,65.3,34.7
49094,none,65.3,34.7
49096,A,65.4,34.6
49098,none,65.4,34.6
49100,none,65.4,34.6
49102,none,65.4,34.6
49104,none,65.4,34.6
49106,none,65.4,34.6
49108,none,65.4,34.6
49110,none,65.4,34.6
49112,none,65.4,34.6
49114,none,65.4,34.6
49116,none,65.4,34.6
49118,none,65.4,34.6
49120,none,65.4,34.6
49122,none,65.4,34.6
49124,none,65.4,34.6
49126,none,65.4,34.6
49128,none,65.4,34.6
49130,none,65.4,34.6
49132,none,65.4,34.6
49134,none,65.4,34.6
49136,A,65.4,34.6
49138,none,65.4,34.6
49140,A,65.4,34.6
49142,none,65.4,34.6
49144,none,65.4,34.6
49146,none,65.4,34.6
49148,none,65.4,34.6
49150,none,65.4,34.6
49152,none,65.4,34.6
49154,none,65.4,34.6
49156,none,65.4,34.6
49158,none,65.4,34.6
49160,none,65.4,34.6
49162,none,65.4,34.6
49164,none,65.4,34.6
49166,none,65.4,34.6
49168,none,65.4,34.6
49170,none,65.4,34.6
49172,none,65.4,34.6
49174,none,65.4,34.6
49176,none,65.4,34.6
49178,none,65.4,34.6
49180,none,65.4,34.6
49182,none,65.4,34.6
49184,none,65.4,34.6
49186,none,65.4,34.6
49188,none,65.4,34.6
49190,none,65.4,34.6
49192,none,65.4,34.6
49194,none,65.4,34.6
49196,none,65.4,34.6
49198,none,65.4,34.6
49200,none,65.4,34.6
49202,none,65.4,34.6
49204,none,65.4,34.6
49206,none,65.4,34.6
49208,none,65.4,34.6
49210,none,65.4,34.6
49212,none,65.4,34.6
49214,none,65.4,34.6
49216,none,65.4,34.6
49218,none,65.4,34.6
49220,none,65.4,34.6
49222,none,65.4,34.6
49224,none,65.4,34.6
49226,B,65.4,34.6
49228,none,65.4,34.6
49230,none,65.4,34.6
49232,none,65.4,34.6
49234,none,65.4,34.6
49236,none,65.4,34.6
49238,none,65.4,34.6
49240,none,65.4,34.6
49242,none,65.4,34.6
49244,none,65.4,34.6
49246,none,65.4,34.6
49248,none,65.4,34.6
49250,B,65.3,34.7
49252,none,65.3,34.7
49254,none,65.3,34.7
49256,none,65.3,34.7
49258,none,65.3,34.7
49260,none,65.3,34.7
49262,none,65.3,34.7
49264,none,65.3,34.7
49266,none,65.3,34.7
49268,none,65.3,34.7
49270,none,65.3,34.7
49272,none,65.3,34.7
49274,none,65.3,34.7
49276,none,65.3,34.7
49278,none,65.3,34.7
49280,none,65.3,34.7
49282,none,65.3,34.7
49284,none,65.3,34.7
49286,none,65.3,34.7
49288,none,65.3,34.7
49290,none,65.3,34.7
49292,none,65.3,34.7
49294,none,65.3,34.7
49296,none,65.3,34.7
49298,none,65.3,34.7
49300,none,65.3,34.7
49302,none,65.3,34.7
49304,none,65.3,34.7
49306,none,65.3,34.7
49308,none,65.3,34.7
49310,none,65.3,34.7
49312,none,65.3,34.7
49314,none,65.3,34.7
49316,none,65.3,34.7
49318,none,65.3,34.7
49320,none,65.3,34.7
49322,none,65.3,34.7
49324,none,65.3,34.7
49326,none,65.3,34.7
49328,none,65.3,34.7
49330,none,65.3,34.7
49332,none,65.3,34.7
49334,none,65.3,34.7
49336,none,65.3,34.7
49338,none,65.3,34.7
49340,none,65.3,34.7
49342,none,65.3,34.7
49344,none,65.3,34.7
49346,none,65.3,34.7
49348,none,65.3,34.7
49350,none,65.3,34.7
49352,none,65.3,34.7
49354,none,65.3,34.7
49356,none,65.3,34.7
49358,none,65.3,34.7
49360,none,65.3,34.7
49362,none,65.3,34.7
49364,none,65.3,34.7
49366,none,65.3,34.7
49368,none,65.3,34.7
49370,none,65.3,34.7
49372,none,65.3,34.7
49374,none,65.3,34.7
49376,none,65.3,34.7
49378,none,65.3,34.7
49380,none,65.3,34.7
49382,none,65.3,34.7
49384,none,65.3,34.7
49386,none,65.3,34.7
49388,none,65.3,34.7
49390,none,65.3,34.7
49392,none,65.3,34.7
49394,none,65.3,34.7
49396,none,65.3,34.7
49398,none,65.3,34.7
49400,none,65.3,34.7
49402,none,65.3,34.7
49404,none,65.3,34.7
49406,none,65.3,34.7
49408,none,65.3,34.7
49410,none,65.3,34.7
49412,none,65.3,34.7
49414,none,65.3,34.7
49416,none,65.3,34.7
49418,none,65.3,34.7
49420,none,65.3,34.7
49422,none,65.3,34.7
49424,none,65.3,34.7
49426,none,65.3,34.7
49428,none,65.3,34.7
49430,none,65.3,34.7
49432,none,65.3,34.7
49434,none,65.3,34.7
49436,none,65.3,34.7
49438,none,65.3,34.7
49440,none,65.3,34.7
49442,none,65.3,34.7
49444,none,65.3,34.7
49446,none,65.3,34.7
49448,none,65.3,34.7
49450,none,65.3,34.7
49452,none,65.3,34.7
49454,none,65.3,34.7
49456,none,65.3,34.7
49458,none,65.3,34.7
49460,none,65.3,34.7
49462,none,65.3,34.7
49464,none,65.3,34.7
49466,none,65.3,34.7
49468,none,65.3,34.7
49470,none,65.3,34.7
49472,none,65.3,34.7
49474,none,65.3,34.7
49476,none,65.3,34.7
49478,none,65.3,34.7
49480,none,65.3,34.7
49482,none,65.3,34.7
49484,none,65.3,34.7
49486,none,65.3,34.7
49488,none,65.3,34.7
49490,none,65.3,34.7
49492,none,65.3,34.7
49494,none,65.3,34.7
49496,none,65.3,34.7
49498,none,65.3,34.7
49500,none,65.3,34.7
49502,none,65.3,34.7
49504,none,65.3,34.7
49506,none,65.3,34.7
49508,none,65.3,34.7
49510,none,65.3,34.7
49512,none,65.3,34.7
49514,none,65.3,34.7
49516,none,65.3,34.7
49518,none,65.3,34.7
49520,none,65.3,34.7
49522,none,65.3,34.7
49524,none,65.3,34.7
49526,none,65.3,34.7
49528,none,65.3,34.7
49530,none,65.3,34.7
49532,none,65.3,34.7
49534,none,65.3,34.7
49536,none,65.3,34.7
49538,none,65.3,34.7
49540,none,65.3,34.7
49542,none,65.3,34.7
49544,none,65.3,34.7
49546,none,65.3,34.7
49548,none,65.3,34.7
49550,none,65.3,34.7
49552,none,65.3,34.7
49554,none,65.3,34.7
49556,none,65.3,34.7
49558,none,65.3,34.7
49560,none,65.3,34.7
49562,none,65.3,34.7
49564,none,65.3,34.7
49566,none,65.3,34.7
49568,none,65.3,34.7
49570,none,65.3,34.7
49572,none,65.3,34.7
49574,none,65.3,34.7
49576,none,65.3,34.7
49578,none,65.3,34.7
49580,none,65.3,34.7
49582,none,65.3,34.7
49584,none,65.3,34.7
49586,none,65.3,34.7
49588,none,65.3,34.7
49590,none,65.3,34.7
49592,none,65.3,34.7
49594,none,65.3,34.7
49596,none,65.3,34.7
49598,none,65.3,34.7
49600,none,65.3,34.7
49602,none,65.3,34.7
49604,none,65.3,34.7
49606,none,65.3,34.7
49608,none,65.3,34.7
49610,none,65.3,34.7
49612,none,65.3,34.7
49614,none,65.3,34.7
49616,none,65.3,34.7
49618,none,65.3,34.7
49620,none,65.3,34.7
49622,none,65.3,34.7
49624,none,65.3,34.7
49626,none,65.3,34.7
49628,none,65.3,34.7
49630,none,65.3,34.7
49632,none,65.3,34.7
49634,none,65.3,34.7
49636,none,65.3,34.7
49638,none,65.3,34.7
49640,none,65.3,34.7
49642,none,65.3,34.7
49644,none,65.3,34.7
49646,none,65.3,34.7
49648,none,65.3,34.7
49650,none,65.3,34.7
49652,none,65.3,34.7
49654,none,65.3,34.7
49656,none,65.3,34.7
49658,none,65.3,34.7
49660,none,65.3,34.7
49662,none,65.3,34.7
49664,none,65.3,34.7
49666,none,65.3,34.7
49668,none,65.3,34.7
49670,none,65.3,34.7
49672,none,65.3,34.7
49674,none,65.3,34.7
49676,none,65.3,34.7
49678,A,65.3,34.7
49680,A,65.4,34.6
49682,none,65.4,34.6
49684,none,65.4,34.6
49686,none,65.4,34.6
49688,none,65.4,34.6
49690,none,65.4,34.6
49692,none,65.4,34.6
49694,none,65.4,34.6
49696,none,65.4,34.6
49698,none,65.4,34.6
49700,none,65.4,34.6
49702,none,65.4,34.6
49704,none,65.4,34.6
49706,none,65.4,34.6
49708,none,65.4,34.6
49710,none,65.4,34.6
49712,none,65.4,34.6
49714,none,65.4,34.6
49716,none,65.4,34.6
49718,none,65.4,34.6
49720,none,65.4,34.6
49722,none,65.4,34.6
49724,none,65.4,34.6
49726,none,65.4,34.6
49728,none,65.4,34.6
49730,none,65.4,34.6
49732,none,65.4,34.6
49734,none,65.4,34.6
49736,none,65.4,34.6
49738,none,65.4,34.6
49740,none,65.4,34.6
49742,none,65.4,34.6
49744,none,65.4,34.6
49746,none,65.4,34.6
49748,none,65.4,34.6
49750,none,65.4,34.6
49752,none,65.4,34.6
49754,none,65.4,34.6
49756,none,65.4,34.6
49758,none,65.4,34.6
49760,none,65.4,34.6
49762,none,65.4,34.6
49764,none,65.4,34.6
49766,none,65.4,34.6
49768,none,65.4,34.6
49770,none,65.4,34.6
49772,none,65.4,34.6
49774,none,65.4,34.6
49776,none,65.4,34.6
49778,none,65.4,34.6
49780,none,65.4,34.6
49782,none,65.4,34.6
49784,none,65.4,34.6
49786,none,65.4,34.6
49788,none,65.4,34.6
49790,none,65.4,34.6
49792,none,65.4,34.6
49794,none,65.4,34.6
49796,none,65.4,34.6
49798,none,65.4,34.6
49800,none,65.4,34.6
49802,none,65.4,34.6
49804,none,65.4,34.6
49806,none,65.4,34.6
49808,A,65.4,34.6
49810,none,65.4,34.6
49812,none,65.4,34.6
49814,none,65.4,34.6
49816,none,65.4,34.6
49818,none,65.4,34.6
49820,none,65.4,34.6
49822,none,65.4,34.6
49824,none,65.4,34.6
49826,none,65.4,34.6
49828,none,65.4,34.6
49830,none,65.4,34.6
49832,none,65.4,34.6
49834,none,65.4,34.6
49836,none,65.4,34.6
49838,none,65.4,34.6
49840,none,65.4,34.6
49842,none,65.4,34.6
49844,none,65.4,34.6
49846,none,65.4,34.6
49848,none,65.4,34.6
49850,none,65.4,34.6
49852,none,65.4,34.6
49854,none,65.4,34.6
49856,none,65.4,34.6
49858,none,65.4,34.6
49860,none,65.4,34.6
49862,none,65.4,34.6
49864,none,65.4,34.6
49866,none,65.4,34.6
49868,none,65.4,34.6
49870,none,65.4,34.6
49872,none,65.4,34.6
49874,none,65.4,34.6
49876,none,65.4,34.6
49878,none,65.4,34.6
49880,none,65.4,34.6
49882,none,65.4,34.6
49884,none,65.4,34.6
49886,none,65.4,34.6
49888,none,65.4,34.6
49890,none,65.4,34.6
49892,none,65.4,34.6
49894,none,65.4,34.6
49896,none,65.4,34.6
49898,none,65.4,34.6
49900,none,65.4,34.6
49902,none,65.4,34.6
49904,none,65.4,34.6
49906,none,65.4,34.6
49908,none,65.4,34.6
49910,none,65.4,34.6
49912,none,65.4,34.6
49914,none,65.4,34.6
49916,none,65.4,34.6
49918,none,65.4,34.6
49920,none,65.4,34.6
49922,none,65.4,34.6
49924,none,65.4,34.6
49926,none,65.4,34.6
49928,none,65.4,34.6
49930,none,65.4,34.6
49932,none,65.4,34.6
49934,none,65.4,34.6
49936,none,65.4,34.6
49938,none,65.4,34.6
49940,none,65.4,34.6
49942,none,65.4,34.6
49944,none,65.4,34.6
49946,none,65.4,34.6
49948,none,65.4,34.6
49950,none,65.4,34.6
49952,none,65.4,34.6
49954,none,65.4,34.6
49956,none,65.4,34.6
49958,none,65.4,34.6
49960,none,65.4,34.6
49962,none,65.4,34.6
49964,none,65.4,34.6
49966,none,65.4,34.6
49968,none,65.4,34.6
49970,none,65.4,34.6
49972,none,65.4,34.6
49974,none,65.4,34.6
49976,none,65.4,34.6
49978,none,65.4,34.6
49980,none,65.4,34.6
49982,none,65.4,34.6
49984,none,65.4,34.6
49986,none,65.4,34.6
49988,none,65.4,34.6
49990,none,65.4,34.6
49992,none,65.4,34.6
49994,none,65.4,34.6
49996,none,65.4,34.6
49998,none,65.4,34.6
50000,none,65.4,34.6
50002,none,65.4,34.6
50004,none,65.4,34.6
50006,none,65.4,34.6
50008,none,65.4,34.6
50010,none,65.4,34.6
50012,none,65.4,34.6
50014,B,65.3,34.7
50016,none,65.3,34.7
50018,none,65.3,34.7
50020,none,65.3,34.7
50022,none,65.3,34.7
50024,none,65.3,34.7
50026,none,65.3,34.7
50028,none,65.3,34.7
50030,none,65.3,34.7
50032,none,65.3,34.7
50034,none,65.3,34.7
50036,none,65.3,34.7
50038,none,65.3,34.7
50040,none,65.3,34.7
50042,none,65.3,34.7
50044,none,65.3,34.7
50046,none,65.3,34.7
50048,none,65.3,34.7
50050,none,65.3,34.7
50052,none,65.3,34.7
50054,none,65.3,34.7
50056,none,65.3,34.7
50058,none,65.3,34.7
50060,none,65.3,34.7
50062,none,65.3,34.7
50064,none,65.3,34.7
50066,none,65.3,34.7
50068,B,65.3,34.7
50070,B,65.3,34.7
50072,B,65.3,34.7
50074,none,65.3,34.7
50076,none,65.3,34.7
50078,none,65.3,34.7
50080,B,65.3,34.7
50082,none,65.3,34.7
50084,none,65.3,34.7
50086,A,65.3,34.7
50088,none,65.3,34.7
50090,none,65.3,34.7
50092,none,65.3,34.7
50094,none,65.3,34.7
50096,none,65.3,34.7
50098,B,65.3,34.7
50100,B,65.2,34.8
50102,B,65.2,34.8
50104,B,65.2,34.8
50106,B,65.2,34.8
50108,B,65.1,34.9
50110,none,65.1,34.9
50112,B,65.1,34.9
50114,none,65.1,34.9
50116,none,65.1,34.9
50118,none,65.1,34.9
50120,none,65.1,34.9
50122,none,65.1,34.9
50124,none,65.1,34.9
50126,none,65.1,34.9
50128,none,65.1,34.9
50130,none,65.1,34.9
50132,A,65.1,34.9
50134,A,65.1,34.9
50136,A,65.2,34.8
50138,A,65.2,34.8
50140,none,65.2,34.8
50142,none,65.2,34.8
50144,none,65.2,34.8
50146,none,65.2,34.8
50148,none,65.2,34.8
50150,none,65.2,34.8
50152,none,65.2,34.8
50154,none,65.2,34.8
50156,B,65.2,34.8
50158,none,65.2,34.8
50160,B,65.1,34.9
50162,none,65.1,34.9
50164,none,65.1,34.9
50166,none,65.1,34.9
50168,none,65.1,34.9
50170,none,65.1,34.9
50172,none,65.1,34.9
50174,none,65.1,34.9
50176,A,65.1,34.9
50178,none,65.1,34.9
50180,none,65.1,34.9
50182,B,65.1,34.9
50184,B,65.1,34.9
50186,B,65.1,34.9
50188,none,65.1,34.9
50190,none,65.1,34.9
50192,none,65.1,34.9
50194,none,65.1,34.9
50196,none,65.1,34.9
50198,none,65.1,34.9
50200,B,65.1,34.9
50202,none,65.1,34.9
50204,none,65.1,34.9
50206,none,65.1,34.9
50208,none,65.1,34.9
50210,none,65.1,34.9
50212,B,65.0,35.0
50214,B,65.0,35.0
50216,none,65.0,35.0
50218,none,65.0,35.0
50220,none,65.0,35.0
50222,B,65.0,35.0
50224,none,65.0,35.0
50226,none,65.0,35.0
50228,none,65.0,35.0
50230,none,65.0,35.0
50232,none,65.0,35.0
50234,none,65.0,35.0
50236,none,65.0,35.0
50238,none,65.0,35.0
50240,none,65.0,35.0
50242,none,65.0,35.0
50244,none,65.0,35.0
50246,none,65.0,35.0
50248,none,65.0,35.0
50250,none,65.0,35.0
50252,none,65.0,35.0
50254,none,65.0,35.0
50256,none,65.0,35.0
50258,none,65.0,35.0
50260,none,65.0,35.0
50262,none,65.0,35.0
50264,none,65.0,35.0
50266,none,65.0,35.0
50268,none,65.0,35.0
50270,none,65.0,35.0
50272,none,65.0,35.0
50274,none,65.0,35.0
50276,none,65.0,35.0
50278,none,65.0,35.0
50280,none,65.0,35.0
50282,none,65.0,35.0
50284,none,65.0,35.0
50286,none,65.0,35.0
50288,none,65.0,35.0
50290,none,65.0,35.0
50292,none,65.0,35.0
50294,none,65.0,35.0
50296,none,65.0,35.0
50298,none,65.0,35.0
50300,none,65.0,35.0
50302,none,65.0,35.0
50304,none,65.0,35.0
50306,none,65.0,35.0
50308,none,65.0,35.0
50310,none,65.0,35.0
50312,none,65.0,35.0
50314,none,65.0,35.0
50316,none,65.0,35.0
50318,none,65.0,35.0
50320,none,65.0,35.0
50322,none,65.0,35.0
50324,none,65.0,35.0
50326,none,65.0,35.0
50328,none,65.0,35.0
50330,none,65.0,35.0
50332,none,65.0,35.0
50334,none,65.0,35.0
50336,none,65.0,35.0
50338,none,65.0,35.0
50340,none,65.0,35.0
50342,none,65.0,35.0
50344,none,65.0,35.0
50346,none,65.0,35.0
50348,none,65.0,35.0
50350,none,65.0,35.0
50352,none,65.0,35.0
50354,none,65.0,35.0
50356,none,65.0,35.0
50358,none,65.0,35.0
50360,none,65.0,35.0
50362,none,65.0,35.0
50364,none,65.0,35.0
50366,none,65.0,35.0
50368,none,65.0,35.0
50370,none,65.0,35.0
50372,none,65.0,35.0
50374,none,65.0,35.0
50376,none,65.0,35.0
50378,none,65.0,35.0
50380,none,65.0,35.0
50382,none,65.0,35.0
50384,none,65.0,35.0
50386,none,65.0,35.0
50388,none,65.0,35.0
50390,none,65.0,35.0
50392,none,65.0,35.0
50394,none,65.0,35.0
50396,none,65.0,35.0
50398,none,65.0,35.0
50400,none,65.0,35.0
50402,none,65.0,35.0
50404,none,65.0,35.0
50406,none,65.0,35.0
50408,none,65.0,35.0
50410,none,65.0,35.0
50412,none,65.0,35.0
50414,none,65.0,35.0
50416,none,65.0,35.0
50418,none,65.0,35.0
50420,none,65.0,35.0
50422,none,65.0,35.0
50424,none,65.0,35.0
50426,none,65.0,35.0
50428,none,65.0,35.0
50430,none,65.0,35.0
50432,none,65.0,35.0
50434,none,65.0,35.0
50436,none,65.0,35.0
50438,none,65.0,35.0
50440,none,65.0,35.0
50442,none,65.0,35.0
50444,none,65.0,35.0
50446,none,65.0,35.0
50448,none,65.0,35.0
50450,none,65.0,35.0
50452,none,65.0,35.0
50454,none,65.0,35.0
50456,none,65.0,35.0
50458,none,65.0,35.0
50460,none,65.0,35.0
50462,none,65.0,35.0
50464,none,65.0,35.0
50466,none,65.0,35.0
50468,none,65.0,35.0
50470,A,65.0,35.0
50472,none,65.0,35.0
50474,none,65.0,35.0
50476,none,65.0,35.0
50478,A,65.0,35.0
50480,none,65.0,35.0
50482,A,65.0,35.0
50484,B,65.0,35.0
50486,none,65.0,35.0
50488,none,65.0,35.0
50490,none,65.0,35.0
50492,B,65.0,35.0
50494,B,65.0,35.0
50496,none,65.0,35.0
50498,none,65.0,35.0
50500,none,65.0,35.0
50502,none,65.0,35.0
50504,none,65.0,35.0
50506,none,65.0,35.0
50508,none,65.0,35.0
50510,A,65.0,35.0
50512,none,65.0,35.0
50514,none,65.0,35.0
50516,none,65.0,35.0
50518,none,65.0,35.0
50520,none,65.0,35.0
50522,none,65.0,35.0
50524,none,65.0,35.0
50526,none,65.0,35.0
50528,none,65.0,35.0
50530,none,65.0,35.0
50532,none,65.0,35.0
50534,none,65.0,35.0
50536,none,65.0,35.0
50538,none,65.0,35.0
50540,none,65.0,35.0
50542,none,65.0,35.0
50544,none,65.0,35.0
50546,none,65.0,35.0
50548,none,65.0,35.0
50550,none,65.0,35.0
50552,none,65.0,35.0
50554,none,65.0,35.0
50556,none,65.0,35.0
50558,none,65.0,35.0
50560,none,65.0,35.0
50562,none,65.0,35.0
50564,none,65.0,35.0
50566,none,65.0,35.0
50568,none,65.0,35.0
50570,none,65.0,35.0
50572,none,65.0,35.0
50574,none,65.0,35.0
50576,none,65.0,35.0
50578,none,65.0,35.0
50580,none,65.0,35.0
50582,none,65.0,35.0
50584,none,65.0,35.0
50586,none,65.0,35.0
50588,none,65.0,35.0
50590,none,65.0,35.0
50592,none,65.0,35.0
50594,none,65.0,35.0
50596,none,65.0,35.0
50598,none,65.0,35.0
50600,none,65.0,35.0
50602,none,65.0,35.0
50604,none,65.0,35.0
50606,none,65.0,35.0
50608,none,65.0,35.0
50610,none,65.0,35.0
50612,none,65.0,35.0
50614,none,65.0,35.0
50616,none,65.0,35.0
50618,none,65.0,35.0
50620,none,65.0,35.0
50622,none,65.0,35.0
50624,none,65.0,35.0
50626,none,65.0,35.0
50628,none,65.0,35.0
50630,none,65.0,35.0
50632,none,65.0,35.0
50634,none,65.0,35.0
50636,none,65.0,35.0
50638,none,65.0,35.0
50640,none,65.0,35.0
50642,none,65.0,35.0
50644,none,65.0,35.0
50646,none,65.0,35.0
50648,none,65.0,35.0
50650,none,65.0,35.0
50652,none,65.0,35.0
50654,none,65.0,35.0
50656,none,65.0,35.0
50658,none,65.0,35.0
50660,none,65.0,35.0
50662,none,65.0,35.0
50664,none,65.0,35.0
50666,none,65.0,35.0
50668,none,65.0,35.0
50670,none,65.0,35.0
50672,none,65.0,35.0
50674,none,65.0,35.0
50676,none,65.0,35.0
50678,none,65.0,35.0
50680,none,65.0,35.0
50682,none,65.0,35.0
50684,none,65.0,35.0
50686,A,65.0,35.0
50688,none,65.0,35.0
50690,none,65.0,35.0
50692,none,65.0,35.0
50694,A,65.0,35.0
50696,none,65.0,35.0
50698,none,65.0,35.0
50700,A,65.0,35.0
50702,A,65.0,35.0
50704,A,65.0,35.0
50706,none,65.0,35.0
50708,none,65.0,35.0
50710,A,65.0,35.0
50712,none,65.0,35.0
50714,none,65.0,35.0
50716,none,65.0,35.0
50718,none,65.0,35.0
50720,none,65.0,35.0
50722,none,65.0,35.0
50724,none,65.0,35.0
50726,none,65.0,35.0
50728,A,65.1,34.9
50730,A,65.1,34.9
50732,none,65.1,34.9
50734,none,65.1,34.9
50736,none,65.1,34.9
50738,none,65.1,34.9
50740,none,65.1,34.9
50742,none,65.1,34.9
50744,none,65.1,34.9
50746,none,65.1,34.9
50748,none,65.1,34.9
50750,none,65.1,34.9
50752,none,65.1,34.9
50754,none,65.1,34.9
50756,none,65.1,34.9
50758,none,65.1,34.9
50760,none,65.1,34.9
50762,none,65.1,34.9
50764,none,65.1,34.9
50766,A,65.1,34.9
50768,B,65.1,34.9
50770,none,65.1,34.9
50772,none,65.1,34.9
50774,none,65.1,34.9
50776,none,65.1,34.9
50778,none,65.1,34.9
50780,none,65.1,34.9
50782,none,65.1,34.9
50784,A,65.1,34.9
50786,none,65.1,34.9
50788,A,65.1,34.9
50790,A,65.1,34.9
50792,A,65.1,34.9
50794,A,65.1,34.9
50796,A,65.1,34.9
50798,A,65.1,34.9
50800,A,65.1,34.9
50802,A,65.2,34.8
50804,none,65.2,34.8
50806,none,65.2,34.8
50808,none,65.2,34.8
50810,A,65.2,34.8
50812,none,65.2,34.8
50814,A,65.2,34.8
50816,A,65.2,34.8
50818,A,65.2,34.8
50820,none,65.2,34.8
50822,none,65.2,34.8
50824,none,65.2,34.8
50826,none,65.2,34.8
50828,none,65.2,34.8
50830,none,65.2,34.8
50832,none,65.2,34.8
50834,none,65.2,34.8
50836,none,65.2,34.8
50838,none,65.2,34.8
50840,none,65.2,34.8
50842,none,65.2,34.8
50844,none,65.2,34.8
50846,none,65.2,34.8
50848,none,65.2,34.8
50850,none,65.2,34.8
50852,none,65.2,34.8
50854,none,65.2,34.8
50856,none,65.2,34.8
50858,none,65.2,34.8
50860,none,65.2,34.8
50862,none,65.2,34.8
50864,none,65.2,34.8
50866,none,65.2,34.8
50868,none,65.2,34.8
50870,none,65.2,34.8
50872,none,65.2,34.8
50874,none,65.2,34.8
50876,none,65.2,34.8
50878,none,65.2,34.8
50880,none,65.2,34.8
50882,none,65.2,34.8
50884,none,65.2,34.8
50886,none,65.2,34.8
50888,none,65.2,34.8
50890,none,65.2,34.8
50892,none,65.2,34.8
50894,none,65.2,34.8
50896,none,65.2,34.8
50898,none,65.2,34.8
50900,none,65.2,34.8
50902,none,65.2,34.8
50904,none,65.2,34.8
50906,none,65.2,34.8
50908,none,65.2,34.8
50910,none,65.2,34.8
50912,none,65.2,34.8
50914,none,65.2,34.8
50916,none,65.2,34.8
50918,none,65.2,34.8
50920,none,65.2,34.8
50922,none,65.2,34.8
50924,none,65.2,34.8
50926,none,65.2,34.8
50928,none,65.2,34.8
50930,none,65.2,34.8
50932,none,65.2,34.8
50934,A,65.2,34.8
50936,none,65.2,34.8
50938,none,65.2,34.8
50940,none,65.2,34.8
50942,none,65.2,34.8
50944,none,65.2,34.8
50946,B,65.2,34.8
50948,none,65.2,34.8
50950,none,65.2,34.8
50952,B,65.2,34.8
50954,B,65.2,34.8
50956,A,65.2,34.8
50958,A,65.2,34.8
50960,A,65.2,34.8
50962,B,65.2,34.8
50964,none,65.2,34.8
50966,none,65.2,34.8
50968,none,65.2,34.8
50970,none,65.2,34.8
50972,none,65.2,34.8
50974,B,65.1,34.9
50976,B,65.1,34.9
50978,B,65.1,34.9
50980,B,65.1,34.9
50982,none,65.1,34.9
50984,none,65.1,34.9
50986,none,65.1,34.9
50988,none,65.1,34.9
50990,none,65.1,34.9
50992,none,65.1,34.9
50994,none,65.1,34.9
50996,none,65.1,34.9
50998,none,65.1,34.9
51000,none,65.1,34.9
51002,none,65.1,34.9
51004,none,65.1,34.9
51006,none,65.1,34.9
51008,none,65.1,34.9
51010,none,65.1,34.9
51012,none,65.1,34.9
51014,none,65.1,34.9
51016,none,65.1,34.9
51018,none,65.1,34.9
51020,none,65.1,34.9
51022,none,65.1,34.9
51024,none,65.1,34.9
51026,none,65.1,34.9
51028,none,65.1,34.9
51030,none,65.1,34.9
51032,none,65.1,34.9
51034,none,65.1,34.9
51036,none,65.1,34.9
51038,none,65.1,34.9
51040,none,65.1,34.9
51042,none,65.1,34.9
51044,none,65.1,34.9
51046,none,65.1,34.9
51048,none,65.1,34.9
51050,none,65.1,34.9
51052,none,65.1,34.9
51054,none,65.1,34.9
51056,none,65.1,34.9
51058,none,65.1,34.9
51060,none,65.1,34.9
51062,none,65.1,34.9
51064,none,65.1,34.9
51066,none,65.1,34.9
51068,none,65.1,34.9
51070,none,65.1,34.9
51072,none,65.1,34.9
51074,none,65.1,34.9
51076,none,65.1,34.9
51078,none,65.1,34.9
51080,none,65.1,34.9
51082,none,65.1,34.9
51084,none,65.1,34.9
51086,none,65.1,34.9
51088,none,65.1,34.9
51090,none,65.1,34.9
51092,none,65.1,34.9
51094,none,65.1,34.9
51096,none,65.1,34.9
51098,none,65.1,34.9
51100,none,65.1,34.9
51102,none,65.1,34.9
51104,none,65.1,34.9
51106,none,65.1,34.9
51108,none,65.1,34.9
51110,none,65.1,34.9
51112,none,65.1,34.9
51114,none,65.1,34.9
51116,none,65.1,34.9
51118,none,65.1,34.9
51120,none,65.1,34.9
51122,none,65.1,34.9
51124,none,65.1,34.9
51126,none,65.1,34.9
51128,none,65.1,34.9
51130,none,65.1,34.9
51132,none,65.1,34.9
51134,none,65.1,34.9
51136,none,65.1,34.9
51138,none,65.1,34.9
51140,none,65.1,34.9
51142,none,65.1,34.9
51144,none,65.1,34.9
51146,none,65.1,34.9
51148,none,65.1,34.9
51150,none,65.1,34.9
51152,none,65.1,34.9
51154,none,65.1,34.9
51156,none,65.1,34.9
51158,none,65.1,34.9
51160,none,65.1,34.9
51162,none,65.1,34.9
51164,none,65.1,34.9
51166,none,65.1,34.9
51168,A,65.1,34.9
51170,none,65.1,34.9
51172,none,65.1,34.9
51174,none,65.1,34.9
51176,none,65.1,34.9
51178,none,65.1,34.9
51180,none,65.1,34.9
51182,none,65.1,34.9
51184,none,65.1,34.9
51186,none,65.1,34.9
51188,none,65.1,34.9
51190,none,65.1,34.9
51192,none,65.1,34.9
51194,none,65.1,34.9
51196,none,65.1,34.9
51198,none,65.1,34.9
51200,none,65.1,34.9
51202,none,65.1,34.9
51204,none,65.1,34.9
51206,none,65.1,34.9
51208,none,65.1,34.9
51210,none,65.1,34.9
51212,none,65.1,34.9
51214,none,65.1,34.9
51216,none,65.1,34.9
51218,none,65.1,34.9
51220,none,65.1,34.9
51222,none,65.1,34.9
51224,none,65.1,34.9
51226,none,65.1,34.9
51228,none,65.1,34.9
51230,none,65.1,34.9
51232,none,65.1,34.9
51234,none,65.1,34.9
51236,none,65.1,34.9
51238,none,65.1,34.9
51240,none,65.1,34.9
51242,none,65.1,34.9
51244,none,65.1,34.9
51246,none,65.1,34.9
51248,none,65.1,34.9
51250,none,65.1,34.9
51252,none,65.1,34.9
51254,none,65.1,34.9
51256,none,65.1,34.9
51258,none,65.1,34.9
51260,none,65.1,34.9
51262,none,65.1,34.9
51264,none,65.1,34.9
51266,none,65.1,34.9
51268,none,65.1,34.9
51270,none,65.1,34.9
51272,none,65.1,34.9
51274,none,65.1,34.9
51276,none,65.1,34.9
51278,none,65.1,34.9
51280,none,65.1,34.9
51282,none,65.1,34.9
51284,B,65.1,34.9
51286,B,65.0,35.0
51288,B,65.0,35.0
51290,none,65.0,35.0
51292,none,65.0,35.0
51294,none,65.0,35.0
51296,none,65.0,35.0
51298,none,65.0,35.0
51300,none,65.0,35.0
51302,none,65.0,35.0
51304,none,65.0,35.0
51306,none,65.0,35.0
51308,none,65.0,35.0
51310,none,65.0,35.0
51312,none,65.0,35.0
51314,none,65.0,35.0
51316,none,65.0,35.0
51318,A,65.0,35.0
51320,none,65.0,35.0
51322,B,65.0,35.0
51324,B,65.0,35.0
51326,A,65.0,35.0
51328,none,65.0,35.0
51330,B,65.0,35.0
51332,none,65.0,35.0
51334,B,65.0,35.0
51336,none,65.0,35.0
51338,none,65.0,35.0
51340,none,65.0,35.0
51342,none,65.0,35.0
51344,none,65.0,35.0
51346,B,64.9,35.1
51348,B,64.9,35.1
51350,B,64.9,35.1
51352,B,64.9,35.1
51354,none,64.9,35.1
51356,none,64.9,35.1
51358,none,64.9,35.1
51360,none,64.9,35.1
51362,none,64.9,35.1
51364,none,64.9,35.1
51366,none,64.9,35.1
51368,none,64.9,35.1
51370,none,64.9,35.1
51372,none,64.9,35.1
51374,none,64.9,35.1
51376,none,64.9,35.1
51378,none,64.9,35.1
51380,none,64.9,35.1
51382,none,64.9,35.1
51384,none,64.9,35.1
51386,none,64.9,35.1
51388,none,64.9,35.1
51390,none,64.9,35.1
51392,none,64.9,35.1
51394,none,64.9,35.1
51396,none,64.9,35.1
51398,none,64.9,35.1
51400,none,64.9,35.1
51402,none,64.9,35.1
51404,none,64.9,35.1
51406,none,64.9,35.1
51408,none,64.9,35.1
51410,none,64.9,35.1
51412,none,64.9,35.1
51414,none,64.9,35.1
51416,none,64.9,35.1
51418,none,64.9,35.1
51420,none,64.9,35.1
51422,none,64.9,35.1
51424,none,64.9,35.1
51426,none,64.9,35.1
51428,none,64.9,35.1
51430,none,64.9,35.1
51432,none,64.9,35.1
51434,none,64.9,35.1
51436,none,64.9,35.1
51438,none,64.9,35.1
51440,none,64.9,35.1
51442,none,64.9,35.1
51444,none,64.9,35.1
51446,none,64.9,35.1
51448,none,64.9,35.1
51450,none,64.9,35.1
51452,none,64.9,35.1
51454,none,64.9,35.1
51456,none,64.9,35.1
51458,none,64.9,35.1
51460,none,64.9,35.1
51462,none,64.9,35.1
51464,none,64.9,35.1
51466,none,64.9,35.1
51468,none,64.9,35.1
51470,none,64.9,35.1
51472,none,64.9,35.1
51474,none,64.9,35.1
51476,none,64.9,35.1
51478,none,64.9,35.1
51480,none,64.9,35.1
51482,none,64.9,35.1
51484,none,64.9,35.1
51486,none,64.9,35.1
51488,none,64.9,35.1
51490,none,64.9,35.1
51492,none,64.9,35.1
51494,none,64.9,35.1
51496,none,64.9,35.1
51498,none,64.9,35.1
51500,none,64.9,35.1
51502,none,64.9,35.1
51504,none,64.9,35.1
51506,none,64.9,35.1
51508,A,64.9,35.1
51510,none,64.9,35.1
51512,none,64.9,35.1
51514,A,64.9,35.1
51516,B,64.9,35.1
51518,B,64.9,35.1
51520,none,64.9,35.1
51522,none,64.9,35.1
51524,none,64.9,35.1
51526,none,64.9,35.1
51528,none,64.9,35.1
51530,none,64.9,35.1
51532,none,64.9,35.1
51534,none,64.9,35.1
51536,none,64.9,35.1
51538,none,64.9,35.1
51540,none,64.9,35.1
51542,none,64.9,35.1
51544,none,64.9,35.1
51546,none,64.9,35.1
51548,none,64.9,35.1
51550,none,64.9,35.1
51552,none,64.9,35.1
51554,none,64.9,35.1
51556,none,64.9,35.1
51558,none,64.9,35.1
51560,none,64.9,35.1
51562,none,64.9,35.1
51564,none,64.9,35.1
51566,none,64.9,35.1
51568,B,64.8,35.2
51570,B,64.8,35.2
51572,B,64.8,35.2
51574,B,64.8,35.2
51576,B,64.8,35.2
51578,B,64.7,35.3
51580,B,64.7,35.3
51582,B,64.7,35.3
51584,B,64.7,35.3
51586,B,64.7,35.3
51588,A,64.7,35.3
51590,A,64.7,35.3
51592,A,64.7,35.3
51594,none,64.7,35.3
51596,none,64.7,35.3
51598,none,64.7,35.3
51600,none,64.7,35.3
51602,none,64.7,35.3
51604,none,64.7,35.3
51606,none,64.7,35.3
51608,none,64.7,35.3
51610,none,64.7,35.3
51612,none,64.7,35.3
51614,none,64.7,35.3
51616,none,64.7,35.3
51618,none,64.7,35.3
51620,none,64.7,35.3
51622,none,64.7,35.3
51624,none,64.7,35.3
51626,none,64.7,35.3
51628,none,64.7,35.3
51630,none,64.7,35.3
51632,none,64.7,35.3
51634,none,64.7,35.3
51636,none,64.7,35.3
51638,none,64.7,35.3
51640,none,64.7,35.3
51642,A,64.7,35.3
51644,none,64.7,35.3
51646,B,64.7,35.3
51648,none,64.7,35.3
51650,none,64.7,35.3
51652,B,64.7,35.3
51654,B,64.6,35.4
51656,B,64.6,35.4
51658,B,64.6,35.4
51660,A,64.6,35.4
51662,A,64.6,35.4
51664,none,64.6,35.4
51666,A,64.6,35.4
51668,none,64.6,35.4
51670,A,64.6,35.4
51672,A,64.7,35.3
51674,A,64.7,35.3
51676,A,64.7,35.3
51678,A,64.7,35.3
51680,none,64.7,35.3
51682,none,64.7,35.3
51684,none,64.7,35.3
51686,none,64.7,35.3
51688,none,64.7,35.3
51690,none,64.7,35.3
51692,none,64.7,35.3
51694,none,64.7,35.3
51696,none,64.7,35.3
51698,none,64.7,35.3
51700,none,64.7,35.3
51702,none,64.7,35.3
51704,none,64.7,35.3
51706,none,64.7,35.3
51708,none,64.7,35.3
51710,none,64.7,35.3
51712,none,64.7,35.3
51714,none,64.7,35.3
51716,none,64.7,35.3
51718,none,64.7,35.3
51720,none,64.7,35.3
51722,none,64.7,35.3
51724,none,64.7,35.3
51726,none,64.7,35.3
51728,none,64.7,35.3
51730,none,64.7,35.3
51732,none,64.7,35.3
51734,none,64.7,35.3
51736,none,64.7,35.3
51738,none,64.7,35.3
51740,none,64.7,35.3
51742,none,64.7,35.3
51744,none,64.7,35.3
51746,none,64.7,35.3
51748,none,64.7,35.3
51750,none,64.7,35.3
51752,none,64.7,35.3
51754,none,64.7,35.3
51756,none,64.7,35.3
51758,none,64.7,35.3
51760,none,64.7,35.3
51762,none,64.7,35.3
51764,none,64.7,35.3
51766,none,64.7,35.3
51768,none,64.7,35.3
51770,none,64.7,35.3
51772,none,64.7,35.3
51774,none,64.7,35.3
51776,none,64.7,35.3
51778,none,64.7,35.3
51780,none,64.7,35.3
51782,none,64.7,35.3
51784,none,64.7,35.3
51786,none,64.7,35.3
51788,none,64.7,35.3
51790,none,64.7,35.3
51792,none,64.7,35.3
51794,none,64.7,35.3
51796,none,64.7,35.3
51798,none,64.7,35.3
51800,none,64.7,35.3
51802,none,64.7,35.3
51804,none,64.7,35.3
51806,none,64.7,35.3
51808,none,64.7,35.3
51810,none,64.7,35.3
51812,none,64.7,35.3
51814,none,64.7,35.3
51816,none,64.7,35.3
51818,none,64.7,35.3
51820,none,64.7,35.3
51822,none,64.7,35.3
51824,none,64.7,35.3
51826,none,64.7,35.3
51828,none,64.7,35.3
51830,none,64.7,35.3
51832,none,64.7,35.3
51834,B,64.7,35.3
51836,B,64.7,35.3
51838,none,64.7,35.3
51840,A,64.7,35.3
51842,none,64.7,35.3
51844,none,64.7,35.3
51846,none,64.7,35.3
51848,none,64.7,35.3
51850,none,64.7,35.3
51852,A,64.7,35.3
51854,A,64.7,35.3
51856,B,64.7,35.3
51858,B,64.6,35.4
51860,none,64.6,35.4
51862,none,64.6,35.4
51864,none,64.6,35.4
51866,none,64.6,35.4
51868,none,64.6,35.4
51870,none,64.6,35.4
51872,none,64.6,35.4
51874,none,64.6,35.4
51876,none,64.6,35.4
51878,none,64.6,35.4
51880,none,64.6,35.4
51882,none,64.6,35.4
51884,none,64.6,35.4
51886,none,64.6,35.4
51888,none,64.6,35.4
51890,none,64.6,35.4
51892,none,64.6,35.4
51894,none,64.6,35.4
51896,none,64.6,35.4
51898,none,64.6,35.4
51900,none,64.6,35.4
51902,none,64.6,35.4
51904,none,64.6,35.4
51906,none,64.6,35.4
51908,none,64.6,35.4
51910,none,64.6,35.4
51912,none,64.6,35.4
51914,none,64.6,35.4
51916,none,64.6,35.4
51918,none,64.6,35.4
51920,none,64.6,35.4
51922,none,64.6,35.4
51924,none,64.6,35.4
51926,none,64.6,35.4
51928,none,64.6,35.4
51930,none,64.6,35.4
51932,none,64.6,35.4
51934,none,64.6,35.4
51936,none,64.6,35.4
51938,none,64.6,35.4
51940,none,64.6,35.4
51942,none,64.6,35.4
51944,none,64.6,35.4
51946,none,64.6,35.4
51948,none,64.6,35.4
51950,none,64.6,35.4
51952,none,64.6,35.4
51954,none,64.6,35.4
51956,none,64.6,35.4
51958,none,64.6,35.4
51960,none,64.6,35.4
51962,none,64.6,35.4
51964,none,64.6,35.4
51966,none,64.6,35.4
51968,none,64.6,35.4
51970,none,64.6,35.4
51972,none,64.6,35.4
51974,none,64.6,35.4
51976,none,64.6,35.4
51978,none,64.6,35.4
51980,none,64.6,35.4
51982,none,64.6,35.4
51984,none,64.6,35.4
51986,none,64.6,35.4
51988,none,64.6,35.4
51990,none,64.6,35.4
51992,none,64.6,35.4
51994,none,64.6,35.4
51996,none,64.6,35.4
51998,none,64.6,35.4
52000,none,64.6,35.4
52002,none,64.6,35.4
52004,none,64.6,35.4
52006,none,64.6,35.4
52008,B,64.6,35.4
52010,none,64.6,35.4
52012,none,64.6,35.4
52014,none,64.6,35.4
52016,none,64.6,35.4
52018,none,64.6,35.4
52020,none,64.6,35.4
52022,none,64.6,35.4
52024,none,64.6,35.4
52026,none,64.6,35.4
52028,none,64.6,35.4
52030,none,64.6,35.4
52032,none,64.6,35.4
52034,none,64.6,35.4
52036,none,64.6,35.4
52038,none,64.6,35.4
52040,none,64.6,35.4
52042,none,64.6,35.4
52044,none,64.6,35.4
52046,none,64.6,35.4
52048,none,64.6,35.4
52050,none,64.6,35.4
52052,none,64.6,35.4
52054,none,64.6,35.4
52056,none,64.6,35.4
52058,none,64.6,35.4
52060,none,64.6,35.4
52062,none,64.6,35.4
52064,none,64.6,35.4
52066,A,64.6,35.4
52068,none,64.6,35.4
52070,none,64.6,35.4
52072,none,64.6,35.4
52074,none,64.6,35.4
52076,none,64.6,35.4
52078,none,64.6,35.4
52080,A,64.6,35.4
52082,A,64.7,35.3
52084,A,64.7,35.3
52086,A,64.7,35.3
52088,A,64.7,35.3
52090,A,64.7,35.3
52092,A,64.7,35.3
52094,none,64.7,35.3
52096,none,64.7,35.3
52098,none,64.7,35.3
52100,none,64.7,35.3
52102,none,64.7,35.3
52104,none,64.7,35.3
52106,none,64.7,35.3
52108,none,64.7,35.3
52110,none,64.7,35.3
52112,none,64.7,35.3
52114,none,64.7,35.3
52116,none,64.7,35.3
52118,none,64.7,35.3
52120,none,64.7,35.3
52122,none,64.7,35.3
52124,none,64.7,35.3
52126,none,64.7,35.3
52128,A,64.7,35.3
52130,none,64.7,35.3
52132,none,64.7,35.3
52134,none,64.7,35.3
52136,none,64.7,35.3
52138,none,64.7,35.3
52140,none,64.7,35.3
52142,none,64.7,35.3
52144,none,64.7,35.3
52146,none,64.7,35.3
52148,none,64.7,35.3
52150,none,64.7,35.3
52152,none,64.7,35.3
52154,none,64.7,35.3
52156,none,64.7,35.3
52158,none,64.7,35.3
52160,none,64.7,35.3
52162,none,64.7,35.3
52164,none,64.7,35.3
52166,none,64.7,35.3
52168,none,64.7,35.3
52170,none,64.7,35.3
52172,none,64.7,35.3
52174,none,64.7,35.3
52176,none,64.7,35.3
52178,none,64.7,35.3
52180,none,64.7,35.3
52182,none,64.7,35.3
52184,none,64.7,35.3
52186,none,64.7,35.3
52188,none,64.7,35.3
52190,none,64.7,35.3
52192,none,64.7,35.3
52194,none,64.7,35.3
52196,none,64.7,35.3
52198,none,64.7,35.3
52200,none,64.7,35.3
52202,none,64.7,35.3
52204,A,64.7,35.3
52206,none,64.7,35.3
52208,none,64.7,35.3
52210,none,64.7,35.3
52212,none,64.7,35.3
52214,none,64.7,35.3
52216,none,64.7,35.3
52218,none,64.7,35.3
52220,none,64.7,35.3
52222,none,64.7,35.3
52224,none,64.7,35.3
52226,none,64.7,35.3
52228,none,64.7,35.3
52230,none,64.7,35.3
52232,none,64.7,35.3
52234,none,64.7,35.3
52236,none,64.7,35.3
52238,none,64.7,35.3
52240,none,64.7,35.3
52242,none,64.7,35.3
52244,none,64.7,35.3
52246,none,64.7,35.3
52248,none,64.7,35.3
52250,none,64.7,35.3
52252,none,64.7,35.3
52254,none,64.7,35.3
52256,none,64.7,35.3
52258,none,64.7,35.3
52260,none,64.7,35.3
52262,none,64.7,35.3
52264,none,64.7,35.3
52266,none,64.7,35.3
52268,none,64.7,35.3
52270,none,64.7,35.3
52272,none,64.7,35.3
52274,none,64.7,35.3
52276,none,64.7,35.3
52278,none,64.7,35.3
52280,none,64.7,35.3
52282,none,64.7,35.3
52284,none,64.7,35.3
52286,none,64.7,35.3
52288,none,64.7,35.3
52290,none,64.7,35.3
52292,none,64.7,35.3
52294,none,64.7,35.3
52296,none,64.7,35.3
52298,none,64.7,35.3
52300,none,64.7,35.3
52302,none,64.7,35.3
52304,none,64.7,35.3
52306,none,64.7,35.3
52308,none,64.7,35.3
52310,none,64.7,35.3
52312,none,64.7,35.3
52314,none,64.7,35.3
52316,none,64.7,35.3
52318,none,64.7,35.3
52320,none,64.7,35.3
52322,none,64.7,35.3
52324,none,64.7,35.3
52326,none,64.7,35.3
52328,none,64.7,35.3
52330,none,64.7,35.3
52332,none,64.7,35.3
52334,none,64.7,35.3
52336,none,64.7,35.3
52338,none,64.7,35.3
52340,none,64.7,35.3
52342,none,64.7,35.3
52344,none,64.7,35.3
52346,none,64.7,35.3
52348,none,64.7,35.3
52350,none,64.7,35.3
52352,none,64.7,35.3
52354,none,64.7,35.3
52356,none,64.7,35.3
52358,none,64.7,35.3
52360,none,64.7,35.3
52362,none,64.7,35.3
52364,none,64.7,35.3
52366,none,64.7,35.3
52368,none,64.7,35.3
52370,none,64.7,35.3
52372,none,64.7,35.3
52374,none,64.7,35.3
52376,none,64.7,35.3
52378,none,64.7,35.3
52380,none,64.7,35.3
52382,none,64.7,35.3
52384,none,64.7,35.3
52386,none,64.7,35.3
52388,A,64.7,35.3
52390,A,64.8,35.2
52392,none,64.8,35.2
52394,none,64.8,35.2
52396,A,64.8,35.2
52398,A,64.8,35.2
52400,A,64.8,35.2
52402,none,64.8,35.2
52404,none,64.8,35.2
52406,A,64.8,35.2
52408,none,64.8,35.2
52410,none,64.8,35.2
52412,none,64.8,35.2
52414,none,64.8,35.2
52416,none,64.8,35.2
52418,none,64.8,35.2
52420,none,64.8,35.2
52422,none,64.8,35.2
52424,none,64.8,35.2
52426,none,64.8,35.2
52428,none,64.8,35.2
52430,none,64.8,35.2
52432,none,64.8,35.2
52434,none,64.8,35.2
52436,none,64.8,35.2
52438,none,64.8,35.2
52440,none,64.8,35.2
52442,none,64.8,35.2
52444,none,64.8,35.2
52446,none,64.8,35.2
52448,none,64.8,35.2
52450,none,64.8,35.2
52452,none,64.8,35.2
52454,none,64.8,35.2
52456,none,64.8,35.2
52458,none,64.8,35.2
52460,none,64.8,35.2
52462,none,64.8,35.2
52464,none,64.8,35.2
52466,none,64.8,35.2
52468,none,64.8,35.2
52470,none,64.8,35.2
52472,none,64.8,35.2
52474,none,64.8,35.2
52476,none,64.8,35.2
52478,none,64.8,35.2
52480,none,64.8,35.2
52482,none,64.8,35.2
52484,none,64.8,35.2
52486,none,64.8,35.2
52488,none,64.8,35.2
52490,none,64.8,35.2
52492,none,64.8,35.2
52494,none,64.8,35.2
52496,none,64.8,35.2
52498,none,64.8,35.2
52500,A,64.8,35.2
52502,A,64.8,35.2
52504,A,64.8,35.2
52506,none,64.8,35.2
52508,none,64.8,35.2
52510,none,64.8,35.2
52512,none,64.8,35.2
52514,none,64.8,35.2
52516,none,64.8,35.2
52518,none,64.8,35.2
52520,none,64.8,35.2
52522,none,64.8,35.2
52524,none,64.8,35.2
52526,none,64.8,35.2
52528,none,64.8,35.2
52530,none,64.8,35.2
52532,A,64.8,35.2
52534,A,64.9,35.1
52536,A,64.9,35.1
52538,A,64.9,35.1
52540,none,64.9,35.1
52542,none,64.9,35.1
52544,none,64.9,35.1
52546,none,64.9,35.1
52548,none,64.9,35.1
52550,none,64.9,35.1
52552,none,64.9,35.1
52554,none,64.9,35.1
52556,none,64.9,35.1
52558,none,64.9,35.1
52560,none,64.9,35.1
52562,none,64.9,35.1
52564,none,64.9,35.1
52566,none,64.9,35.1
52568,none,64.9,35.1
52570,none,64.9,35.1
52572,none,64.9,35.1
52574,none,64.9,35.1
52576,none,64.9,35.1
52578,none,64.9,35.1
52580,none,64.9,35.1
52582,none,64.9,35.1
52584,none,64.9,35.1
52586,none,64.9,35.1
52588,none,64.9,35.1
52590,none,64.9,35.1
52592,none,64.9,35.1
52594,none,64.9,35.1
52596,none,64.9,35.1
52598,none,64.9,35.1
52600,none,64.9,35.1
52602,none,64.9,35.1
52604,none,64.9,35.1
52606,none,64.9,35.1
52608,none,64.9,35.1
52610,none,64.9,35.1
52612,none,64.9,35.1
52614,none,64.9,35.1
52616,none,64.9,35.1
52618,none,64.9,35.1
52620,none,64.9,35.1
52622,none,64.9,35.1
52624,none,64.9,35.1
52626,none,64.9,35.1
52628,none,64.9,35.1
52630,none,64.9,35.1
52632,none,64.9,35.1
52634,none,64.9,35.1
52636,none,64.9,35.1
52638,none,64.9,35.1
52640,none,64.9,35.1
52642,none,64.9,35.1
52644,none,64.9,35.1
52646,none,64.9,35.1
52648,none,64.9,35.1
52650,none,64.9,35.1
52652,none,64.9,35.1
52654,none,64.9,35.1
52656,none,64.9,35.1
52658,none,64.9,35.1
52660,none,64.9,35.1
52662,none,64.9,35.1
52664,none,64.9,35.1
52666,none,64.9,35.1
52668,none,64.9,35.1
52670,none,64.9,35.1
52672,none,64.9,35.1
52674,none,64.9,35.1
52676,none,64.9,35.1
52678,none,64.9,35.1
52680,none,64.9,35.1
52682,none,64.9,35.1
52684,none,64.9,35.1
52686,none,64.9,35.1
52688,none,64.9,35.1
52690,none,64.9,35.1
52692,none,64.9,35.1
52694,none,64.9,35.1
52696,none,64.9,35.1
52698,none,64.9,35.1
52700,none,64.9,35.1
52702,none,64.9,35.1
52704,none,64.9,35.1
52706,none,64.9,35.1
52708,none,64.9,35.1
52710,none,64.9,35.1
52712,none,64.9,35.1
52714,none,64.9,35.1
52716,none,64.9,35.1
52718,none,64.9,35.1
52720,none,64.9,35.1
52722,none,64.9,35.1
52724,none,64.9,35.1
52726,none,64.9,35.1
52728,none,64.9,35.1
52730,none,64.9,35.1
52732,none,64.9,35.1
52734,none,64.9,35.1
52736,none,64.9,35.1
52738,none,64.9,35.1
52740,none,64.9,35.1
52742,none,64.9,35.1
52744,none,64.9,35.1
52746,none,64.9,35.1
52748,none,64.9,35.1
52750,none,64.9,35.1
52752,none,64.9,35.1
52754,none,64.9,35.1
52756,none,64.9,35.1
52758,none,64.9,35.1
52760,none,64.9,35.1
52762,none,64.9,35.1
52764,none,64.9,35.1
52766,none,64.9,35.1
52768,none,64.9,35.1
52770,none,64.9,35.1
52772,none,64.9,35.1
52774,none,64.9,35.1
52776,none,64.9,35.1
52778,none,64.9,35.1
52780,none,64.9,35.1
52782,none,64.9,35.1
52784,none,64.9,35.1
52786,none,64.9,35.1
52788,none,64.9,35.1
52790,none,64.9,35.1
52792,none,64.9,35.1
52794,none,64.9,35.1
52796,none,64.9,35.1
52798,none,64.9,35.1
52800,none,64.9,35.1
52802,none,64.9,35.1
52804,none,64.9,35.1
52806,none,64.9,35.1
52808,none,64.9,35.1
52810,none,64.9,35.1
52812,none,64.9,35.1
52814,none,64.9,35.1
52816,none,64.9,35.1
52818,none,64.9,35.1
52820,none,64.9,35.1
52822,none,64.9,35.1
52824,none,64.9,35.1
52826,none,64.9,35.1
52828,none,64.9,35.1
52830,none,64.9,35.1
52832,none,64.9,35.1
52834,none,64.9,35.1
52836,none,64.9,35.1
52838,none,64.9,35.1
52840,none,64.9,35.1
52842,none,64.9,35.1
52844,none,64.9,35.1
52846,none,64.9,35.1
52848,none,64.9,35.1
52850,none,64.9,35.1
52852,none,64.9,35.1
52854,none,64.9,35.1
52856,none,64.9,35.1
52858,none,64.9,35.1
52860,none,64.9,35.1
52862,none,64.9,35.1
52864,none,64.9,35.1
52866,none,64.9,35.1
52868,none,64.9,35.1
52870,none,64.9,35.1
52872,none,64.9,35.1
52874,none,64.9,35.1
52876,none,64.9,35.1
52878,none,64.9,35.1
52880,none,64.9,35.1
52882,none,64.9,35.1
52884,none,64.9,35.1
52886,none,64.9,35.1
52888,none,64.9,35.1
52890,none,64.9,35.1
52892,none,64.9,35.1
52894,none,64.9,35.1
52896,none,64.9,35.1
52898,none,64.9,35.1
52900,none,64.9,35.1
52902,none,64.9,35.1
52904,none,64.9,35.1
52906,none,64.9,35.1
52908,none,64.9,35.1
52910,none,64.9,35.1
52912,none,64.9,35.1
52914,none,64.9,35.1
52916,none,64.9,35.1
52918,none,64.9,35.1
52920,none,64.9,35.1
52922,none,64.9,35.1
52924,none,64.9,35.1
52926,none,64.9,35.1
52928,none,64.9,35.1
52930,none,64.9,35.1
52932,none,64.9,35.1
52934,none,64.9,35.1
52936,none,64.9,35.1
52938,none,64.9,35.1
52940,none,64.9,35.1
52942,none,64.9,35.1
52944,none,64.9,35.1
52946,none,64.9,35.1
52948,none,64.9,35.1
52950,none,64.9,35.1
52952,none,64.9,35.1
52954,none,64.9,35.1
52956,none,64.9,35.1
52958,none,64.9,35.1
52960,none,64.9,35.1
52962,none,64.9,35.1
52964,none,64.9,35.1
52966,none,64.9,35.1
52968,none,64.9,35.1
52970,none,64.9,35.1
52972,none,64.9,35.1
52974,none,64.9,35.1
52976,none,64.9,35.1
52978,none,64.9,35.1
52980,none,64.9,35.1
52982,none,64.9,35.1
52984,none,64.9,35.1
52986,none,64.9,35.1
52988,B,64.9,35.1
52990,none,64.9,35.1
52992,none,64.9,35.1
52994,none,64.9,35.1
52996,none,64.9,35.1
52998,none,64.9,35.1
53000,none,64.9,35.1
53002,none,64.9,35.1
53004,none,64.9,35.1
53006,none,64.9,35.1
53008,none,64.9,35.1
53010,none,64.9,35.1
53012,none,64.9,35.1
53014,none,64.9,35.1
53016,none,64.9,35.1
53018,none,64.9,35.1
53020,none,64.9,35.1
53022,none,64.9,35.1
53024,A,64.9,35.1
53026,A,64.9,35.1
53028,none,64.9,35.1
53030,none,64.9,35.1
53032,none,64.9,35.1
53034,none,64.9,35.1
53036,A,64.9,35.1
53038,none,64.9,35.1
53040,none,64.9,35.1
53042,none,64.9,35.1
53044,none,64.9,35.1
53046,A,64.9,35.1
53048,none,64.9,35.1
53050,none,64.9,35.1
53052,none,64.9,35.1
53054,none,64.9,35.1
53056,none,64.9,35.1
53058,none,64.9,35.1
53060,none,64.9,35.1
53062,none,64.9,35.1
53064,none,64.9,35.1
53066,none,64.9,35.1
53068,none,64.9,35.1
53070,none,64.9,35.1
53072,A,64.9,35.1
53074,none,64.9,35.1
53076,none,64.9,35.1
53078,none,64.9,35.1
53080,none,64.9,35.1
53082,none,64.9,35.1
53084,none,64.9,35.1
53086,none,64.9,35.1
53088,none,64.9,35.1
53090,none,64.9,35.1
53092,none,64.9,35.1
53094,none,64.9,35.1
53096,none,64.9,35.1
53098,none,64.9,35.1
53100,none,64.9,35.1
53102,none,64.9,35.1
53104,none,64.9,35.1
53106,none,64.9,35.1
53108,none,64.9,35.1
53110,none,64.9,35.1
53112,none,64.9,35.1
53114,none,64.9,35.1
53116,none,64.9,35.1
53118,none,64.9,35.1
53120,none,64.9,35.1
53122,none,64.9,35.1
53124,none,64.9,35.1
53126,none,64.9,35.1
53128,none,64.9,35.1
53130,none,64.9,35.1
53132,none,64.9,35.1
53134,none,64.9,35.1
53136,none,64.9,35.1
53138,none,64.9,35.1
53140,none,64.9,35.1
53142,none,64.9,35.1
53144,none,64.9,35.1
53146,none,64.9,35.1
53148,none,64.9,35.1
53150,none,64.9,35.1
53152,none,64.9,35.1
53154,none,64.9,35.1
53156,none,64.9,35.1
53158,none,64.9,35.1
53160,none,64.9,35.1
53162,none,64.9,35.1
53164,none,64.9,35.1
53166,none,64.9,35.1
53168,none,64.9,35.1
53170,none,64.9,35.1
53172,none,64.9,35.1
53174,none,64.9,35.1
53176,none,64.9,35.1
53178,none,64.9,35.1
53180,none,64.9,35.1
53182,none,64.9,35.1
53184,none,64.9,35.1
53186,none,64.9,35.1
53188,none,64.9,35.1
53190,none,64.9,35.1
53192,none,64.9,35.1
53194,none,64.9,35.1
53196,none,64.9,35.1
53198,none,64.9,35.1
53200,none,64.9,35.1
53202,none,64.9,35.1
53204,none,64.9,35.1
53206,A,64.9,35.1
53208,none,64.9,35.1
53210,none,64.9,35.1
53212,none,64.9,35.1
53214,none,64.9,35.1
53216,A,64.9,35.1
53218,none,64.9,35.1
53220,none,64.9,35.1
53222,none,64.9,35.1
53224,none,64.9,35.1
53226,none,64.9,35.1
53228,none,64.9,35.1
53230,none,64.9,35.1
53232,none,64.9,35.1
53234,none,64.9,35.1
53236,none,64.9,35.1
53238,none,64.9,35.1
53240,none,64.9,35.1
53242,none,64.9,35.1
53244,none,64.9,35.1
53246,none,64.9,35.1
53248,none,64.9,35.1
53250,none,64.9,35.1
53252,none,64.9,35.1
53254,none,64.9,35.1
53256,none,64.9,35.1
53258,none,64.9,35.1
53260,none,64.9,35.1
53262,none,64.9,35.1
53264,none,64.9,35.1
53266,none,64.9,35.1
53268,none,64.9,35.1
53270,none,64.9,35.1
53272,none,64.9,35.1
53274,none,64.9,35.1
53276,none,64.9,35.1
53278,none,64.9,35.1
53280,none,64.9,35.1
53282,none,64.9,35.1
53284,none,64.9,35.1
53286,none,64.9,35.1
53288,none,64.9,35.1
53290,none,64.9,35.1
53292,none,64.9,35.1
53294,none,64.9,35.1
53296,none,64.9,35.1
53298,none,64.9,35.1
53300,none,64.9,35.1
53302,none,64.9,35.1
53304,none,64.9,35.1
53306,none,64.9,35.1
53308,none,64.9,35.1
53310,none,64.9,35.1
53312,none,64.9,35.1
53314,none,64.9,35.1
53316,none,64.9,35.1
53318,none,64.9,35.1
53320,none,64.9,35.1
53322,none,64.9,35.1
53324,none,64.9,35.1
53326,none,64.9,35.1
53328,none,64.9,35.1
53330,none,64.9,35.1
53332,none,64.9,35.1
53334,none,64.9,35.1
53336,B,64.9,35.1
53338,B,64.9,35.1
53340,B,64.9,35.1
53342,none,64.9,35.1
53344,none,64.9,35.1
53346,B,64.9,35.1
53348,B,64.8,35.2
53350,B,64.8,35.2
53352,A,64.8,35.2
53354,A,64.8,35.2
53356,A,64.8,35.2
53358,none,64.8,35.2
53360,none,64.8,35.2
53362,A,64.9,35.1
53364,A,64.9,35.1
53366,none,64.9,35.1
53368,none,64.9,35.1
53370,none,64.9,35.1
53372,none,64.9,35.1
53374,none,64.9,35.1
53376,none,64.9,35.1
53378,none,64.9,35.1
53380,none,64.9,35.1
53382,none,64.9,35.1
53384,none,64.9,35.1
53386,none,64.9,35.1
53388,none,64.9,35.1
53390,none,64.9,35.1
53392,none,64.9,35.1
53394,none,64.9,35.1
53396,none,64.9,35.1
53398,none,64.9,35.1
53400,none,64.9,35.1
53402,none,64.9,35.1
53404,none,64.9,35.1
53406,none,64.9,35.1
53408,none,64.9,35.1
53410,none,64.9,35.1
53412,none,64.9,35.1
53414,none,64.9,35.1
53416,none,64.9,35.1
53418,none,64.9,35.1
53420,none,64.9,35.1
53422,none,64.9,35.1
53424,none,64.9,35.1
53426,none,64.9,35.1
53428,B,64.8,35.2
53430,none,64.8,35.2
53432,none,64.8,35.2
53434,none,64.8,35.2
53436,none,64.8,35.2
53438,none,64.8,35.2
53440,none,64.8,35.2
53442,none,64.8,35.2
53444,none,64.8,35.2
53446,none,64.8,35.2
53448,none,64.8,35.2
53450,none,64.8,35.2
53452,none,64.8,35.2
53454,none,64.8,35.2
53456,B,64.8,35.2
53458,B,64.8,35.2
53460,none,64.8,35.2
53462,none,64.8,35.2
53464,none,64.8,35.2
53466,none,64.8,35.2
53468,none,64.8,35.2
53470,none,64.8,35.2
53472,none,64.8,35.2
53474,none,64.8,35.2
53476,none,64.8,35.2
53478,none,64.8,35.2
53480,none,64.8,35.2
53482,none,64.8,35.2
53484,none,64.8,35.2
53486,none,64.8,35.2
53488,none,64.8,35.2
53490,none,64.8,35.2
53492,A,64.8,35.2
53494,none,64.8,35.2
53496,none,64.8,35.2
53498,none,64.8,35.2
53500,none,64.8,35.2
53502,none,64.8,35.2
53504,none,64.8,35.2
53506,none,64.8,35.2
53508,none,64.8,35.2
53510,none,64.8,35.2
53512,none,64.8,35.2
53514,none,64.8,35.2
53516,none,64.8,35.2
53518,none,64.8,35.2
53520,none,64.8,35.2
53522,A,64.8,35.2
53524,none,64.8,35.2
53526,none,64.8,35.2
53528,none,64.8,35.2
53530,none,64.8,35.2
53532,none,64.8,35.2
53534,none,64.8,35.2
53536,none,64.8,35.2
53538,none,64.8,35.2
53540,none,64.8,35.2
53542,none,64.8,35.2
53544,none,64.8,35.2
53546,none,64.8,35.2
53548,none,64.8,35.2
53550,none,64.8,35.2
53552,none,64.8,35.2
53554,none,64.8,35.2
53556,none,64.8,35.2
53558,none,64.8,35.2
53560,none,64.8,35.2
53562,none,64.8,35.2
53564,none,64.8,35.2
53566,none,64.8,35.2
53568,A,64.8,35.2
53570,none,64.8,35.2
53572,none,64.8,35.2
53574,none,64.8,35.2
53576,none,64.8,35.2
53578,none,64.8,35.2
53580,none,64.8,35.2
53582,none,64.8,35.2
53584,none,64.8,35.2
53586,none,64.8,35.2
53588,none,64.8,35.2
53590,none,64.8,35.2
53592,none,64.8,35.2
53594,none,64.8,35.2
53596,none,64.8,35.2
53598,none,64.8,35.2
53600,none,64.8,35.2
53602,none,64.8,35.2
53604,none,64.8,35.2
53606,none,64.8,35.2
53608,none,64.8,35.2
53610,none,64.8,35.2
53612,none,64.8,35.2
53614,none,64.8,35.2
53616,none,64.8,35.2
53618,none,64.8,35.2
53620,none,64.8,35.2
53622,none,64.8,35.2
53624,none,64.8,35.2
53626,none,64.8,35.2
53628,none,64.8,35.2
53630,none,64.8,35.2
53632,none,64.8,35.2
53634,none,64.8,35.2
53636,none,64.8,35.2
53638,none,64.8,35.2
53640,none,64.8,35.2
53642,none,64.8,35.2
53644,none,64.8,35.2
53646,none,64.8,35.2
53648,none,64.8,35.2
53650,none,64.8,35.2
53652,none,64.8,35.2
53654,none,64.8,35.2
53656,none,64.8,35.2
53658,none,64.8,35.2
53660,none,64.8,35.2
53662,none,64.8,35.2
53664,none,64.8,35.2
53666,none,64.8,35.2
53668,none,64.8,35.2
53670,none,64.8,35.2
53672,none,64.8,35.2
53674,none,64.8,35.2
53676,none,64.8,35.2
53678,none,64.8,35.2
53680,none,64.8,35.2
53682,none,64.8,35.2
53684,none,64.8,35.2
53686,none,64.8,35.2
53688,none,64.8,35.2
53690,none,64.8,35.2
53692,none,64.8,35.2
53694,none,64.8,35.2
53696,none,64.8,35.2
53698,none,64.8,35.2
53700,none,64.8,35.2
53702,none,64.8,35.2
53704,none,64.8,35.2
53706,none,64.8,35.2
53708,none,64.8,35.2
53710,none,64.8,35.2
53712,none,64.8,35.2
53714,none,64.8,35.2
53716,none,64.8,35.2
53718,none,64.8,35.2
53720,none,64.8,35.2
53722,none,64.8,35.2
53724,none,64.8,35.2
53726,A,64.9,35.1
53728,A,64.9,35.1
53730,A,64.9,35.1
53732,A,64.9,35.1
53734,A,64.9,35.1
53736,none,64.9,35.1
53738,none,64.9,35.1
53740,none,64.9,35.1
53742,none,64.9,35.1
53744,none,64.9,35.1
53746,none,64.9,35.1
53748,none,64.9,35.1
53750,none,64.9,35.1
53752,none,64.9,35.1
53754,none,64.9,35.1
53756,none,64.9,35.1
53758,A,64.9,35.1
53760,none,64.9,35.1
53762,none,64.9,35.1
53764,none,64.9,35.1
53766,none,64.9,35.1
53768,none,64.9,35.1
53770,none,64.9,35.1
53772,none,64.9,35.1
53774,none,64.9,35.1
53776,none,64.9,35.1
53778,none,64.9,35.1
53780,none,64.9,35.1
53782,none,64.9,35.1
53784,none,64.9,35.1
53786,none,64.9,35.1
53788,none,64.9,35.1
53790,none,64.9,35.1
53792,none,64.9,35.1
53794,none,64.9,35.1
53796,none,64.9,35.1
53798,none,64.9,35.1
53800,none,64.9,35.1
53802,none,64.9,35.1
53804,none,64.9,35.1
53806,none,64.9,35.1
53808,none,64.9,35.1
53810,none,64.9,35.1
53812,none,64.9,35.1
53814,none,64.9,35.1
53816,none,64.9,35.1
53818,none,64.9,35.1
53820,none,64.9,35.1
53822,none,64.9,35.1
53824,none,64.9,35.1
53826,none,64.9,35.1
53828,none,64.9,35.1
53830,none,64.9,35.1
53832,none,64.9,35.1
53834,none,64.9,35.1
53836,none,64.9,35.1
53838,none,64.9,35.1
53840,none,64.9,35.1
53842,none,64.9,35.1
53844,none,64.9,35.1
53846,none,64.9,35.1
53848,none,64.9,35.1
53850,none,64.9,35.1
53852,none,64.9,35.1
53854,none,64.9,35.1
53856,none,64.9,35.1
53858,none,64.9,35.1
53860,none,64.9,35.1
53862,none,64.9,35.1
53864,none,64.9,35.1
53866,none,64.9,35.1
53868,none,64.9,35.1
53870,none,64.9,35.1
53872,none,64.9,35.1
53874,none,64.9,35.1
53876,none,64.9,35.1
53878,none,64.9,35.1
53880,none,64.9,35.1
53882,none,64.9,35.1
53884,none,64.9,35.1
53886,A,64.9,35.1
53888,A,64.9,35.1
53890,A,64.9,35.1
53892,A,64.9,35.1
53894,A,65.0,35.0
53896,A,65.0,35.0
53898,none,65.0,35.0
53900,A,65.0,35.0
53902,B,65.0,35.0
53904,A,65.0,35.0
53906,none,65.0,35.0
53908,none,65.0,35.0
53910,A,65.0,35.0
53912,none,65.0,35.0
53914,none,65.0,35.0
53916,none,65.0,35.0
53918,none,65.0,35.0
53920,none,65.0,35.0
53922,none,65.0,35.0
53924,none,65.0,35.0
53926,none,65.0,35.0
53928,none,65.0,35.0
53930,none,65.0,35.0
53932,none,65.0,35.0
53934,none,65.0,35.0
53936,none,65.0,35.0
53938,none,65.0,35.0
53940,none,65.0,35.0
53942,none,65.0,35.0
53944,none,65.0,35.0
53946,none,65.0,35.0
53948,none,65.0,35.0
53950,none,65.0,35.0
53952,none,65.0,35.0
53954,none,65.0,35.0
53956,none,65.0,35.0
53958,none,65.0,35.0
53960,none,65.0,35.0
53962,none,65.0,35.0
53964,none,65.0,35.0
53966,none,65.0,35.0
53968,none,65.0,35.0
53970,none,65.0,35.0
53972,none,65.0,35.0
53974,none,65.0,35.0
53976,none,65.0,35.0
53978,none,65.0,35.0
53980,none,65.0,35.0
53982,none,65.0,35.0
53984,none,65.0,35.0
53986,none,65.0,35.0
53988,none,65.0,35.0
53990,none,65.0,35.0
53992,none,65.0,35.0
53994,none,65.0,35.0
53996,none,65.0,35.0
53998,none,65.0,35.0
54000,none,65.0,35.0
54002,none,65.0,35.0
54004,none,65.0,35.0
54006,none,65.0,35.0
54008,none,65.0,35.0
54010,none,65.0,35.0
54012,none,65.0,35.0
54014,none,65.0,35.0
54016,none,65.0,35.0
54018,none,65.0,35.0
54020,none,65.0,35.0
54022,A,65.0,35.0
54024,A,65.0,35.0
54026,A,65.0,35.0
54028,A,65.0,35.0
54030,none,65.0,35.0
54032,none,65.0,35.0
54034,A,65.0,35.0
54036,none,65.0,35.0
54038,A,65.0,35.0
54040,none,65.0,35.0
54042,none,65.0,35.0
54044,none,65.0,35.0
54046,none,65.0,35.0
54048,none,65.0,35.0
54050,none,65.0,35.0
54052,A,65.1,34.9
54054,none,65.1,34.9
54056,none,65.1,34.9
54058,none,65.1,34.9
54060,none,65.1,34.9
54062,A,65.1,34.9
54064,none,65.1,34.9
54066,A,65.1,34.9
54068,A,65.1,34.9
54070,A,65.1,34.9
54072,none,65.1,34.9
54074,none,65.1,34.9
54076,none,65.1,34.9
54078,none,65.1,34.9
54080,none,65.1,34.9
54082,none,65.1,34.9
54084,none,65.1,34.9
54086,none,65.1,34.9
54088,none,65.1,34.9
54090,none,65.1,34.9
54092,none,65.1,34.9
54094,none,65.1,34.9
54096,none,65.1,34.9
54098,none,65.1,34.9
54100,none,65.1,34.9
54102,none,65.1,34.9
54104,none,65.1,34.9
54106,none,65.1,34.9
54108,none,65.1,34.9
54110,none,65.1,34.9
54112,none,65.1,34.9
54114,none,65.1,34.9
54116,none,65.1,34.9
54118,none,65.1,34.9
54120,none,65.1,34.9
54122,none,65.1,34.9
54124,none,65.1,34.9
54126,none,65.1,34.9
54128,none,65.1,34.9
54130,none,65.1,34.9
54132,none,65.1,34.9
54134,none,65.1,34.9
54136,none,65.1,34.9
54138,none,65.1,34.9
54140,none,65.1,34.9
54142,none,65.1,34.9
54144,none,65.1,34.9
54146,none,65.1,34.9
54148,none,65.1,34.9
54150,none,65.1,34.9
54152,none,65.1,34.9
54154,none,65.1,34.9
54156,none,65.1,34.9
54158,none,65.1,34.9
54160,none,65.1,34.9
54162,none,65.1,34.9
54164,none,65.1,34.9
54166,none,65.1,34.9
54168,none,65.1,34.9
54170,none,65.1,34.9
54172,none,65.1,34.9
54174,none,65.1,34.9
54176,none,65.1,34.9
54178,none,65.1,34.9
54180,none,65.1,34.9
54182,none,65.1,34.9
54184,none,65.1,34.9
54186,none,65.1,34.9
54188,none,65.1,34.9
54190,none,65.1,34.9
54192,none,65.1,34.9
54194,none,65.1,34.9
54196,none,65.1,34.9
54198,A,65.1,34.9
54200,none,65.1,34.9
54202,none,65.1,34.9
54204,none,65.1,34.9
54206,none,65.1,34.9
54208,none,65.1,34.9
54210,none,65.1,34.9
54212,none,65.1,34.9
54214,A,65.1,34.9
54216,none,65.1,34.9
54218,A,65.1,34.9
54220,A,65.1,34.9
54222,A,65.2,34.8
54224,B,65.1,34.9
54226,none,65.1,34.9
54228,none,65.1,34.9
54230,A,65.1,34.9
54232,none,65.1,34.9
54234,none,65.1,34.9
54236,none,65.1,34.9
54238,none,65.1,34.9
54240,none,65.1,34.9
54242,none,65.1,34.9
54244,none,65.1,34.9
54246,none,65.1,34.9
54248,none,65.1,34.9
54250,none,65.1,34.9
54252,B,65.1,34.9
54254,none,65.1,34.9
54256,none,65.1,34.9
54258,none,65.1,34.9
54260,none,65.1,34.9
54262,none,65.1,34.9
54264,none,65.1,34.9
54266,none,65.1,34.9
54268,none,65.1,34.9
54270,none,65.1,34.9
54272,none,65.1,34.9
54274,none,65.1,34.9
54276,none,65.1,34.9
54278,none,65.1,34.9
54280,none,65.1,34.9
54282,none,65.1,34.9
54284,none,65.1,34.9
54286,none,65.1,34.9
54288,none,65.1,34.9
54290,none,65.1,34.9
54292,none,65.1,34.9
54294,none,65.1,34.9
54296,none,65.1,34.9
54298,B,65.1,34.9
54300,B,65.1,34.9
54302,none,65.1,34.9
54304,none,65.1,34.9
54306,none,65.1,34.9
54308,none,65.1,34.9
54310,none,65.1,34.9
54312,none,65.1,34.9
54314,none,65.1,34.9
54316,none,65.1,34.9
54318,none,65.1,34.9
54320,none,65.1,34.9
54322,none,65.1,34.9
54324,none,65.1,34.9
54326,none,65.1,34.9
54328,none,65.1,34.9
54330,none,65.1,34.9
54332,none,65.1,34.9
54334,none,65.1,34.9
54336,none,65.1,34.9
54338,none,65.1,34.9
54340,none,65.1,34.9
54342,none,65.1,34.9
54344,B,65.1,34.9
54346,none,65.1,34.9
54348,none,65.1,34.9
54350,B,65.0,35.0
54352,none,65.0,35.0
54354,none,65.0,35.0
54356,none,65.0,35.0
54358,none,65.0,35.0
54360,none,65.0,35.0
54362,none,65.0,35.0
54364,none,65.0,35.0
54366,none,65.0,35.0
54368,none,65.0,35.0
54370,none,65.0,35.0
54372,none,65.0,35.0
54374,none,65.0,35.0
54376,none,65.0,35.0
54378,none,65.0,35.0
54380,none,65.0,35.0
54382,none,65.0,35.0
54384,none,65.0,35.0
54386,none,65.0,35.0
54388,none,65.0,35.0
54390,none,65.0,35.0
54392,none,65.0,35.0
54394,none,65.0,35.0
54396,none,65.0,35.0
54398,none,65.0,35.0
54400,none,65.0,35.0
54402,none,65.0,35.0
54404,none,65.0,35.0
54406,none,65.0,35.0
54408,none,65.0,35.0
54410,none,65.0,35.0
54412,none,65.0,35.0
54414,none,65.0,35.0
54416,none,65.0,35.0
54418,none,65.0,35.0
54420,none,65.0,35.0
54422,none,65.0,35.0
54424,none,65.0,35.0
54426,none,65.0,35.0
54428,none,65.0,35.0
54430,none,65.0,35.0
54432,none,65.0,35.0
54434,none,65.0,35.0
54436,none,65.0,35.0
54438,none,65.0,35.0
54440,none,65.0,35.0
54442,none,65.0,35.0
54444,none,65.0,35.0
54446,none,65.0,35.0
54448,none,65.0,35.0
54450,none,65.0,35.0
54452,none,65.0,35.0
54454,none,65.0,35.0
54456,none,65.0,35.0
54458,none,65.0,35.0
54460,none,65.0,35.0
54462,none,65.0,35.0
54464,none,65.0,35.0
54466,none,65.0,35.0
54468,none,65.0,35.0
54470,none,65.0,35.0
54472,none,65.0,35.0
54474,none,65.0,35.0
54476,none,65.0,35.0
54478,none,65.0,35.0
54480,none,65.0,35.0
54482,none,65.0,35.0
54484,none,65.0,35.0
54486,none,65.0,35.0
54488,none,65.0,35.0
54490,none,65.0,35.0
54492,none,65.0,35.0
54494,none,65.0,35.0
54496,none,65.0,35.0
54498,none,65.0,35.0
54500,none,65.0,35.0
54502,none,65.0,35.0
54504,none,65.0,35.0
54506,none,65.0,35.0
54508,none,65.0,35.0
54510,none,65.0,35.0
54512,none,65.0,35.0
54514,none,65.0,35.0
54516,none,65.0,35.0
54518,none,65.0,35.0
54520,none,65.0,35.0
54522,none,65.0,35.0
54524,none,65.0,35.0
54526,none,65.0,35.0
54528,none,65.0,35.0
54530,none,65.0,35.0
54532,none,65.0,35.0
54534,none,65.0,35.0
54536,none,65.0,35.0
54538,none,65.0,35.0
54540,none,65.0,35.0
54542,none,65.0,35.0
54544,none,65.0,35.0
54546,none,65.0,35.0
54548,none,65.0,35.0
54550,none,65.0,35.0
54552,none,65.0,35.0
54554,none,65.0,35.0
54556,none,65.0,35.0
54558,none,65.0,35.0
54560,none,65.0,35.0
54562,none,65.0,35.0
54564,A,65.1,34.9
54566,none,65.1,34.9
54568,none,65.1,34.9
54570,none,65.1,34.9
54572,none,65.1,34.9
54574,none,65.1,34.9
54576,none,65.1,34.9
54578,A,65.1,34.9
54580,A,65.1,34.9
54582,none,65.1,34.9
54584,none,65.1,34.9
54586,none,65.1,34.9
54588,none,65.1,34.9
54590,none,65.1,34.9
54592,none,65.1,34.9
54594,A,65.1,34.9
54596,none,65.1,34.9
54598,none,65.1,34.9
54600,none,65.1,34.9
54602,none,65.1,34.9
54604,none,65.1,34.9
54606,A,65.1,34.9
54608,A,65.1,34.9
54610,none,65.1,34.9
54612,none,65.1,34.9
54614,none,65.1,34.9
54616,none,65.1,34.9
54618,A,65.1,34.9
54620,A,65.1,34.9
54622,none,65.1,34.9
54624,none,65.1,34.9
54626,none,65.1,34.9
54628,none,65.1,34.9
54630,none,65.1,34.9
54632,none,65.1,34.9
54634,none,65.1,34.9
54636,none,65.1,34.9
54638,none,65.1,34.9
54640,none,65.1,34.9
54642,none,65.1,34.9
54644,none,65.1,34.9
54646,B,65.1,34.9
54648,A,65.1,34.9
54650,none,65.1,34.9
54652,A,65.1,34.9
54654,A,65.1,34.9
54656,none,65.1,34.9
54658,none,65.1,34.9
54660,none,65.1,34.9
54662,none,65.1,34.9
54664,none,65.1,34.9
54666,none,65.1,34.9
54668,none,65.1,34.9
54670,none,65.1,34.9
54672,none,65.1,34.9
54674,none,65.1,34.9
54676,none,65.1,34.9
54678,A,65.2,34.8
54680,A,65.2,34.8
54682,A,65.2,34.8
54684,A,65.2,34.8
54686,none,65.2,34.8
54688,none,65.2,34.8
54690,none,65.2,34.8
54692,none,65.2,34.8
54694,none,65.2,34.8
54696,none,65.2,34.8
54698,none,65.2,34.8
54700,none,65.2,34.8
54702,none,65.2,34.8
54704,none,65.2,34.8
54706,none,65.2,34.8
54708,none,65.2,34.8
54710,none,65.2,34.8
54712,none,65.2,34.8
54714,none,65.2,34.8
54716,none,65.2,34.8
54718,none,65.2,34.8
54720,none,65.2,34.8
54722,none,65.2,34.8
54724,none,65.2,34.8
54726,none,65.2,34.8
54728,none,65.2,34.8
54730,none,65.2,34.8
54732,none,65.2,34.8
54734,none,65.2,34.8
54736,none,65.2,34.8
54738,none,65.2,34.8
54740,none,65.2,34.8
54742,none,65.2,34.8
54744,A,65.2,34.8
54746,A,65.2,34.8
54748,A,65.2,34.8
54750,A,65.2,34.8
54752,none,65.2,34.8
54754,none,65.2,34.8
54756,none,65.2,34.8
54758,none,65.2,34.8
54760,none,65.2,34.8
54762,A,65.2,34.8
54764,A,65.2,34.8
54766,A,65.3,34.7
54768,none,65.3,34.7
54770,A,65.3,34.7
54772,none,65.3,34.7
54774,none,65.3,34.7
54776,none,65.3,34.7
54778,A,65.3,34.7
54780,none,65.3,34.7
54782,none,65.3,34.7
54784,none,65.3,34.7
54786,none,65.3,34.7
54788,none,65.3,34.7
54790,none,65.3,34.7
54792,none,65.3,34.7
54794,A,65.3,34.7
54796,none,65.3,34.7
54798,none,65.3,34.7
54800,none,65.3,34.7
54802,none,65.3,34.7
54804,none,65.3,34.7
54806,none,65.3,34.7
54808,none,65.3,34.7
54810,none,65.3,34.7
54812,none,65.3,34.7
54814,none,65.3,34.7
54816,none,65.3,34.7
54818,none,65.3,34.7
54820,none,65.3,34.7
54822,none,65.3,34.7
54824,none,65.3,34.7
54826,none,65.3,34.7
54828,none,65.3,34.7
54830,none,65.3,34.7
54832,none,65.3,34.7
54834,B,65.3,34.7
54836,none,65.3,34.7
54838,none,65.3,34.7
54840,none,65.3,34.7
54842,none,65.3,34.7
54844,none,65.3,34.7
54846,none,65.3,34.7
54848,none,65.3,34.7
54850,none,65.3,34.7
54852,none,65.3,34.7
54854,none,65.3,34.7
54856,none,65.3,34.7
54858,none,65.3,34.7
54860,none,65.3,34.7
54862,none,65.3,34.7
54864,none,65.3,34.7
54866,none,65.3,34.7
54868,none,65.3,34.7
54870,A,65.3,34.7
54872,A,65.3,34.7
54874,none,65.3,34.7
54876,A,65.3,34.7
54878,A,65.3,34.7
54880,A,65.3,34.7
54882,none,65.3,34.7
54884,none,65.3,34.7
54886,none,65.3,34.7
54888,none,65.3,34.7
54890,none,65.3,34.7
54892,A,65.3,34.7
54894,none,65.3,34.7
54896,none,65.3,34.7
54898,none,65.3,34.7
54900,none,65.3,34.7
54902,none,65.3,34.7
54904,none,65.3,34.7
54906,none,65.3,34.7
54908,none,65.3,34.7
54910,none,65.3,34.7
54912,none,65.3,34.7
54914,none,65.3,34.7
54916,none,65.3,34.7
54918,none,65.3,34.7
54920,none,65.3,34.7
54922,none,65.3,34.7
54924,none,65.3,34.7
54926,none,65.3,34.7
54928,none,65.3,34.7
54930,none,65.3,34.7
54932,none,65.3,34.7
54934,none,65.3,34.7
54936,none,65.3,34.7
54938,none,65.3,34.7
54940,none,65.3,34.7
54942,none,65.3,34.7
54944,none,65.3,34.7
54946,none,65.3,34.7
54948,none,65.3,34.7
54950,none,65.3,34.7
54952,none,65.3,34.7
54954,none,65.3,34.7
54956,none,65.3,34.7
54958,none,65.3,34.7
54960,none,65.3,34.7
54962,none,65.3,34.7
54964,none,65.3,34.7
54966,none,65.3,34.7
54968,none,65.3,34.7
54970,none,65.3,34.7
54972,none,65.3,34.7
54974,none,65.3,34.7
54976,none,65.3,34.7
54978,none,65.3,34.7
54980,none,65.3,34.7
54982,none,65.3,34.7
54984,none,65.3,34.7
54986,none,65.3,34.7
54988,none,65.3,34.7
54990,none,65.3,34.7
54992,none,65.3,34.7
54994,none,65.3,34.7
54996,none,65.3,34.7
54998,none,65.3,34.7
55000,none,65.3,34.7
55002,none,65.3,34.7
55004,none,65.3,34.7
55006,none,65.3,34.7
55008,none,65.3,34.7
55010,none,65.3,34.7
55012,none,65.3,34.7
55014,none,65.3,34.7
55016,none,65.3,34.7
55018,none,65.3,34.7
55020,none,65.3,34.7
55022,none,65.3,34.7
55024,none,65.3,34.7
55026,none,65.3,34.7
55028,none,65.3,34.7
55030,none,65.3,34.7
55032,none,65.3,34.7
55034,none,65.3,34.7
55036,none,65.3,34.7
55038,none,65.3,34.7
55040,none,65.3,34.7
55042,none,65.3,34.7
55044,none,65.3,34.7
55046,none,65.3,34.7
55048,none,65.3,34.7
55050,none,65.3,34.7
55052,none,65.3,34.7
55054,none,65.3,34.7
55056,none,65.3,34.7
55058,none,65.3,34.7
55060,none,65.3,34.7
55062,none,65.3,34.7
55064,none,65.3,34.7
55066,none,65.3,34.7
55068,none,65.3,34.7
55070,none,65.3,34.7
55072,none,65.3,34.7
55074,none,65.3,34.7
55076,none,65.3,34.7
55078,none,65.3,34.7
55080,none,65.3,34.7
55082,none,65.3,34.7
55084,none,65.3,34.7
55086,none,65.3,34.7
55088,none,65.3,34.7
55090,none,65.3,34.7
55092,none,65.3,34.7
55094,none,65.3,34.7
55096,none,65.3,34.7
55098,none,65.3,34.7
55100,none,65.3,34.7
55102,none,65.3,34.7
55104,none,65.3,34.7
55106,none,65.3,34.7
55108,none,65.3,34.7
55110,none,65.3,34.7
55112,none,65.3,34.7
55114,none,65.3,34.7
55116,none,65.3,34.7
55118,none,65.3,34.7
55120,none,65.3,34.7
55122,none,65.3,34.7
55124,none,65.3,34.7
55126,none,65.3,34.7
55128,none,65.3,34.7
55130,none,65.3,34.7
55132,none,65.3,34.7
55134,none,65.3,34.7
55136,none,65.3,34.7
55138,none,65.3,34.7
55140,none,65.3,34.7
55142,none,65.3,34.7
55144,none,65.3,34.7
55146,none,65.3,34.7
55148,B,65.3,34.7
55150,none,65.3,34.7
55152,none,65.3,34.7
55154,A,65.3,34.7
55156,none,65.3,34.7
55158,none,65.3,34.7
55160,none,65.3,34.7
55162,none,65.3,34.7
55164,none,65.3,34.7
55166,none,65.3,34.7
55168,none,65.3,34.7
55170,none,65.3,34.7
55172,none,65.3,34.7
55174,none,65.3,34.7
55176,none,65.3,34.7
55178,none,65.3,34.7
55180,none,65.3,34.7
55182,none,65.3,34.7
55184,none,65.3,34.7
55186,none,65.3,34.7
55188,none,65.3,34.7
55190,none,65.3,34.7
55192,none,65.3,34.7
55194,none,65.3,34.7
55196,none,65.3,34.7
55198,none,65.3,34.7
55200,none,65.3,34.7
55202,none,65.3,34.7
55204,none,65.3,34.7
55206,none,65.3,34.7
55208,none,65.3,34.7
55210,none,65.3,34.7
55212,none,65.3,34.7
55214,none,65.3,34.7
55216,none,65.3,34.7
55218,none,65.3,34.7
55220,none,65.3,34.7
55222,none,65.3,34.7
55224,A,65.3,34.7
55226,none,65.3,34.7
55228,none,65.3,34.7
55230,none,65.3,34.7
55232,none,65.3,34.7
55234,none,65.3,34.7
55236,none,65.3,34.7
55238,none,65.3,34.7
55240,A,65.3,34.7
55242,none,65.3,34.7
55244,A,65.4,34.6
55246,A,65.4,34.6
55248,none,65.4,34.6
55250,none,65.4,34.6
55252,none,65.4,34.6
55254,none,65.4,34.6
55256,none,65.4,34.6
55258,none,65.4,34.6
55260,none,65.4,34.6
55262,none,65.4,34.6
55264,none,65.4,34.6
55266,none,65.4,34.6
55268,none,65.4,34.6
55270,none,65.4,34.6
55272,none,65.4,34.6
55274,none,65.4,34.6
55276,none,65.4,34.6
55278,none,65.4,34.6
55280,none,65.4,34.6
55282,none,65.4,34.6
55284,none,65.4,34.6
55286,none,65.4,34.6
55288,none,65.4,34.6
55290,none,65.4,34.6
55292,none,65.4,34.6
55294,none,65.4,34.6
55296,none,65.4,34.6
55298,none,65.4,34.6
55300,none,65.4,34.6
55302,none,65.4,34.6
55304,none,65.4,34.6
55306,none,65.4,34.6
55308,none,65.4,34.6
55310,none,65.4,34.6
55312,none,65.4,34.6
55314,none,65.4,34.6
55316,none,65.4,34.6
55318,none,65.4,34.6
55320,none,65.4,34.6
55322,B,65.3,34.7
55324,none,65.3,34.7
55326,none,65.3,34.7
55328,none,65.3,34.7
55330,none,65.3,34.7
55332,A,65.4,34.6
55334,A,65.4,34.6
55336,B,65.3,34.7
55338,A,65.4,34.6
55340,A,65.4,34.6
55342,none,65.4,34.6
55344,A,65.4,34.6
55346,A,65.4,34.6
55348,A,65.4,34.6
55350,none,65.4,34.6
55352,A,65.4,34.6
55354,none,65.4,34.6
55356,none,65.4,34.6
55358,none,65.4,34.6
55360,none,65.4,34.6
55362,none,65.4,34.6
55364,none,65.4,34.6
55366,none,65.4,34.6
55368,A,65.4,34.6
55370,none,65.4,34.6
55372,B,65.4,34.6
55374,A,65.4,34.6
55376,A,65.4,34.6
55378,none,65.4,34.6
55380,A,65.4,34.6
55382,A,65.4,34.6
55384,A,65.5,34.5
55386,A,65.5,34.5
55388,A,65.5,34.5
55390,none,65.5,34.5
55392,none,65.5,34.5
55394,none,65.5,34.5
55396,none,65.5,34.5
55398,A,65.5,34.5
55400,A,65.5,34.5
55402,none,65.5,34.5
55404,none,65.5,34.5
55406,none,65.5,34.5
55408,none,65.5,34.5
55410,none,65.5,34.5
55412,A,65.5,34.5
55414,A,65.5,34.5
55416,A,65.5,34.5
55418,A,65.5,34.5
55420,A,65.5,34.5
55422,none,65.5,34.5
55424,A,65.6,34.4
55426,A,65.6,34.4
55428,A,65.6,34.4
55430,A,65.6,34.4
55432,A,65.6,34.4
55434,A,65.6,34.4
55436,A,65.6,34.4
55438,A,65.6,34.4
55440,A,65.6,34.4
55442,A,65.7,34.3
55444,A,65.7,34.3
55446,none,65.7,34.3
55448,A,65.7,34.3
55450,none,65.7,34.3
55452,A,65.7,34.3
55454,none,65.7,34.3
55456,none,65.7,34.3
55458,none,65.7,34.3
55460,none,65.7,34.3
55462,none,65.7,34.3
55464,none,65.7,34.3
55466,none,65.7,34.3
55468,none,65.7,34.3
55470,none,65.7,34.3
55472,none,65.7,34.3
55474,A,65.7,34.3
55476,B,65.7,34.3
55478,none,65.7,34.3
55480,none,65.7,34.3
55482,none,65.7,34.3
55484,B,65.7,34.3
55486,B,65.6,34.4
55488,none,65.6,34.4
55490,none,65.6,34.4
55492,none,65.6,34.4
55494,none,65.6,34.4
55496,A,65.6,34.4
55498,none,65.6,34.4
55500,none,65.6,34.4
55502,none,65.6,34.4
55504,none,65.6,34.4
55506,none,65.6,34.4
55508,none,65.6,34.4
55510,none,65.6,34.4
55512,none,65.6,34.4
55514,none,65.6,34.4
55516,none,65.6,34.4
55518,none,65.6,34.4
55520,none,65.6,34.4
55522,none,65.6,34.4
55524,none,65.6,34.4
55526,none,65.6,34.4
55528,B,65.6,34.4
55530,none,65.6,34.4
55532,none,65.6,34.4
55534,none,65.6,34.4
55536,none,65.6,34.4
55538,none,65.6,34.4
55540,none,65.6,34.4
55542,none,65.6,34.4
55544,none,65.6,34.4
55546,none,65.6,34.4
55548,none,65.6,34.4
55550,none,65.6,34.4
55552,none,65.6,34.4
55554,none,65.6,34.4
55556,none,65.6,34.4
55558,none,65.6,34.4
55560,none,65.6,34.4
55562,none,65.6,34.4
55564,none,65.6,34.4
55566,none,65.6,34.4
55568,none,65.6,34.4
55570,none,65.6,34.4
55572,none,65.6,34.4
55574,none,65.6,34.4
55576,none,65.6,34.4
55578,none,65.6,34.4
55580,none,65.6,34.4
55582,none,65.6,34.4
55584,A,65.6,34.4
55586,A,65.6,34.4
55588,none,65.6,34.4
55590,none,65.6,34.4
55592,A,65.7,34.3
55594,A,65.7,34.3
55596,none,65.7,34.3
55598,none,65.7,34.3
55600,none,65.7,34.3
55602,none,65.7,34.3
55604,none,65.7,34.3
55606,none,65.7,34.3
55608,none,65.7,34.3
55610,none,65.7,34.3
55612,none,65.7,34.3
55614,none,65.7,34.3
55616,none,65.7,34.3
55618,none,65.7,34.3
55620,none,65.7,34.3
55622,none,65.7,34.3
55624,none,65.7,34.3
55626,none,65.7,34.3
55628,none,65.7,34.3
55630,none,65.7,34.3
55632,none,65.7,34.3
55634,none,65.7,34.3
55636,none,65.7,34.3
55638,none,65.7,34.3
55640,none,65.7,34.3
55642,none,65.7,34.3
55644,none,65.7,34.3
55646,none,65.7,34.3
55648,none,65.7,34.3
55650,none,65.7,34.3
55652,none,65.7,34.3
55654,A,65.7,34.3
55656,none,65.7,34.3
55658,none,65.7,34.3
55660,none,65.7,34.3
55662,none,65.7,34.3
55664,none,65.7,34.3
55666,none,65.7,34.3
55668,none,65.7,34.3
55670,none,65.7,34.3
55672,none,65.7,34.3
55674,none,65.7,34.3
55676,none,65.7,34.3
55678,none,65.7,34.3
55680,none,65.7,34.3
55682,none,65.7,34.3
55684,none,65.7,34.3
55686,none,65.7,34.3
55688,none,65.7,34.3
55690,none,65.7,34.3
55692,none,65.7,34.3
55694,none,65.7,34.3
55696,none,65.7,34.3
55698,none,65.7,34.3
55700,none,65.7,34.3
55702,none,65.7,34.3
55704,none,65.7,34.3
55706,none,65.7,34.3
55708,none,65.7,34.3
55710,none,65.7,34.3
55712,none,65.7,34.3
55714,none,65.7,34.3
55716,none,65.7,34.3
55718,none,65.7,34.3
55720,none,65.7,34.3
55722,none,65.7,34.3
55724,none,65.7,34.3
55726,none,65.7,34.3
55728,none,65.7,34.3
55730,none,65.7,34.3
55732,none,65.7,34.3
55734,none,65.7,34.3
55736,none,65.7,34.3
55738,none,65.7,34.3
55740,none,65.7,34.3
55742,none,65.7,34.3
55744,none,65.7,34.3
55746,none,65.7,34.3
55748,none,65.7,34.3
55750,none,65.7,34.3
55752,none,65.7,34.3
55754,none,65.7,34.3
55756,none,65.7,34.3
55758,none,65.7,34.3
55760,none,65.7,34.3
55762,none,65.7,34.3
55764,none,65.7,34.3
55766,none,65.7,34.3
55768,none,65.7,34.3
55770,none,65.7,34.3
55772,none,65.7,34.3
55774,none,65.7,34.3
55776,none,65.7,34.3
55778,none,65.7,34.3
55780,none,65.7,34.3
55782,none,65.7,34.3
55784,none,65.7,34.3
55786,none,65.7,34.3
55788,A,65.7,34.3
55790,none,65.7,34.3
55792,none,65.7,34.3
55794,none,65.7,34.3
55796,none,65.7,34.3
55798,none,65.7,34.3
55800,none,65.7,34.3
55802,none,65.7,34.3
55804,none,65.7,34.3
55806,none,65.7,34.3
55808,none,65.7,34.3
55810,none,65.7,34.3
55812,none,65.7,34.3
55814,none,65.7,34.3
55816,none,65.7,34.3
55818,none,65.7,34.3
55820,none,65.7,34.3
55822,none,65.7,34.3
55824,none,65.7,34.3
55826,none,65.7,34.3
55828,none,65.7,34.3
55830,none,65.7,34.3
55832,none,65.7,34.3
55834,none,65.7,34.3
55836,none,65.7,34.3
55838,none,65.7,34.3
55840,none,65.7,34.3
55842,none,65.7,34.3
55844,none,65.7,34.3
55846,none,65.7,34.3
55848,none,65.7,34.3
55850,none,65.7,34.3
55852,none,65.7,34.3
55854,none,65.7,34.3
55856,none,65.7,34.3
55858,none,65.7,34.3
55860,none,65.7,34.3
55862,none,65.7,34.3
55864,none,65.7,34.3
55866,none,65.7,34.3
55868,none,65.7,34.3
55870,none,65.7,34.3
55872,none,65.7,34.3
55874,none,65.7,34.3
55876,none,65.7,34.3
55878,none,65.7,34.3
55880,none,65.7,34.3
55882,none,65.7,34.3
55884,none,65.7,34.3
55886,none,65.7,34.3
55888,none,65.7,34.3
55890,none,65.7,34.3
55892,none,65.7,34.3
55894,none,65.7,34.3
55896,none,65.7,34.3
55898,none,65.7,34.3
55900,none,65.7,34.3
55902,none,65.7,34.3
55904,none,65.7,34.3
55906,none,65.7,34.3
55908,none,65.7,34.3
55910,none,65.7,34.3
55912,none,65.7,34.3
55914,none,65.7,34.3
55916,B,65.7,34.3
55918,B,65.6,34.4
55920,B,65.6,34.4
55922,none,65.6,34.4
55924,none,65.6,34.4
55926,none,65.6,34.4
55928,none,65.6,34.4
55930,none,65.6,34.4
55932,none,65.6,34.4
55934,none,65.6,34.4
55936,none,65.6,34.4
55938,none,65.6,34.4
55940,none,65.6,34.4
55942,none,65.6,34.4
55944,none,65.6,34.4
55946,none,65.6,34.4
55948,none,65.6,34.4
55950,none,65.6,34.4
55952,none,65.6,34.4
55954,none,65.6,34.4
55956,none,65.6,34.4
55958,none,65.6,34.4
55960,none,65.6,34.4
55962,none,65.6,34.4
55964,none,65.6,34.4
55966,none,65.6,34.4
55968,none,65.6,34.4
55970,none,65.6,34.4
55972,none,65.6,34.4
55974,none,65.6,34.4
55976,none,65.6,34.4
55978,none,65.6,34.4
55980,none,65.6,34.4
55982,none,65.6,34.4
55984,none,65.6,34.4
55986,none,65.6,34.4
55988,none,65.6,34.4
55990,none,65.6,34.4
55992,none,65.6,34.4
55994,none,65.6,34.4
55996,none,65.6,34.4
55998,none,65.6,34.4
56000,none,65.6,34.4
56002,none,65.6,34.4
56004,none,65.6,34.4
56006,none,65.6,34.4
56008,none,65.6,34.4
56010,none,65.6,34.4
56012,none,65.6,34.4
56014,none,65.6,34.4
56016,none,65.6,34.4
56018,A,65.6,34.4
56020,none,65.6,34.4
56022,A,65.6,34.4
56024,none,65.6,34.4
56026,none,65.6,34.4
56028,none,65.6,34.4
56030,none,65.6,34.4
56032,none,65.6,34.4
56034,none,65.6,34.4
56036,none,65.6,34.4
56038,none,65.6,34.4
56040,none,65.6,34.4
56042,none,65.6,34.4
56044,none,65.6,34.4
56046,none,65.6,34.4
56048,none,65.6,34.4
56050,none,65.6,34.4
56052,none,65.6,34.4
56054,none,65.6,34.4
56056,none,65.6,34.4
56058,none,65.6,34.4
56060,none,65.6,34.4
56062,none,65.6,34.4
56064,none,65.6,34.4
56066,none,65.6,34.4
56068,none,65.6,34.4
56070,none,65.6,34.4
56072,none,65.6,34.4
56074,none,65.6,34.4
56076,none,65.6,34.4
56078,none,65.6,34.4
56080,none,65.6,34.4
56082,none,65.6,34.4
56084,none,65.6,34.4
56086,none,65.6,34.4
56088,none,65.6,34.4
56090,none,65.6,34.4
56092,none,65.6,34.4
56094,none,65.6,34.4
56096,none,65.6,34.4
56098,none,65.6,34.4
56100,none,65.6,34.4
56102,none,65.6,34.4
56104,none,65.6,34.4
56106,none,65.6,34.4
56108,none,65.6,34.4
56110,none,65.6,34.4
56112,none,65.6,34.4
56114,none,65.6,34.4
56116,none,65.6,34.4
56118,none,65.6,34.4
56120,none,65.6,34.4
56122,none,65.6,34.4
56124,none,65.6,34.4
56126,none,65.6,34.4
56128,none,65.6,34.4
56130,none,65.6,34.4
56132,none,65.6,34.4
56134,none,65.6,34.4
56136,none,65.6,34.4
56138,none,65.6,34.4
56140,none,65.6,34.4
56142,none,65.6,34.4
56144,none,65.6,34.4
56146,none,65.6,34.4
56148,none,65.6,34.4
56150,none,65.6,34.4
56152,none,65.6,34.4
56154,none,65.6,34.4
56156,none,65.6,34.4
56158,none,65.6,34.4
56160,none,65.6,34.4
56162,none,65.6,34.4
56164,none,65.6,34.4
56166,none,65.6,34.4
56168,none,65.6,34.4
56170,none,65.6,34.4
56172,none,65.6,34.4
56174,none,65.6,34.4
56176,none,65.6,34.4
56178,none,65.6,34.4
56180,none,65.6,34.4
56182,none,65.6,34.4
56184,none,65.6,34.4
56186,none,65.6,34.4
56188,none,65.6,34.4
56190,none,65.6,34.4
56192,none,65.6,34.4
56194,none,65.6,34.4
56196,none,65.6,34.4
56198,none,65.6,34.4
56200,none,65.6,34.4
56202,none,65.6,34.4
56204,none,65.6,34.4
56206,none,65.6,34.4
56208,none,65.6,34.4
56210,none,65.6,34.4
56212,none,65.6,34.4
56214,none,65.6,34.4
56216,none,65.6,34.4
56218,none,65.6,34.4
56220,none,65.6,34.4
56222,none,65.6,34.4
56224,none,65.6,34.4
56226,none,65.6,34.4
56228,none,65.6,34.4
56230,none,65.6,34.4
56232,none,65.6,34.4
56234,none,65.6,34.4
56236,none,65.6,34.4
56238,none,65.6,34.4
56240,none,65.6,34.4
56242,none,65.6,34.4
56244,none,65.6,34.4
56246,none,65.6,34.4
56248,none,65.6,34.4
56250,none,65.6,34.4
56252,none,65.6,34.4
56254,none,65.6,34.4
56256,none,65.6,34.4
56258,none,65.6,34.4
56260,none,65.6,34.4
56262,none,65.6,34.4
56264,none,65.6,34.4
56266,none,65.6,34.4
56268,none,65.6,34.4
56270,none,65.6,34.4
56272,none,65.6,34.4
56274,none,65.6,34.4
56276,none,65.6,34.4
56278,none,65.6,34.4
56280,none,65.6,34.4
56282,none,65.6,34.4
56284,none,65.6,34.4
56286,none,65.6,34.4
56288,none,65.6,34.4
56290,none,65.6,34.4
56292,none,65.6,34.4
56294,none,65.6,34.4
56296,none,65.6,34.4
56298,none,65.6,34.4
56300,none,65.6,34.4
56302,none,65.6,34.4
56304,none,65.6,34.4
56306,none,65.6,34.4
56308,none,65.6,34.4
56310,none,65.6,34.4
56312,none,65.6,34.4
56314,none,65.6,34.4
56316,none,65.6,34.4
56318,none,65.6,34.4
56320,none,65.6,34.4
56322,none,65.6,34.4
56324,none,65.6,34.4
56326,none,65.6,34.4
56328,none,65.6,34.4
56330,none,65.6,34.4
56332,none,65.6,34.4
56334,none,65.6,34.4
56336,none,65.6,34.4
56338,none,65.6,34.4
56340,B,65.6,34.4
56342,none,65.6,34.4
56344,B,65.6,34.4
56346,none,65.6,34.4
56348,none,65.6,34.4
56350,B,65.6,34.4
56352,none,65.6,34.4
56354,none,65.6,34.4
56356,none,65.6,34.4
56358,none,65.6,34.4
56360,none,65.6,34.4
56362,none,65.6,34.4
56364,none,65.6,34.4
56366,B,65.6,34.4
56368,none,65.6,34.4
56370,none,65.6,34.4
56372,none,65.6,34.4
56374,B,65.5,34.5
56376,A,65.6,34.4
56378,A,65.6,34.4
56380,A,65.6,34.4
56382,A,65.6,34.4
56384,A,65.6,34.4
56386,A,65.6,34.4
56388,B,65.6,34.4
56390,A,65.6,34.4
56392,A,65.6,34.4
56394,none,65.6,34.4
56396,none,65.6,34.4
56398,none,65.6,34.4
56400,none,65.6,34.4
56402,A,65.6,34.4
56404,A,65.6,34.4
56406,A,65.6,34.4
56408,A,65.7,34.3
56410,A,65.7,34.3
56412,A,65.7,34.3
56414,A,65.7,34.3
56416,none,65.7,34.3
56418,none,65.7,34.3
56420,none,65.7,34.3
56422,none,65.7,34.3
56424,none,65.7,34.3
56426,none,65.7,34.3
56428,none,65.7,34.3
56430,none,65.7,34.3
56432,none,65.7,34.3
56434,none,65.7,34.3
56436,none,65.7,34.3
56438,none,65.7,34.3
56440,none,65.7,34.3
56442,none,65.7,34.3
56444,none,65.7,34.3
56446,none,65.7,34.3
56448,none,65.7,34.3
56450,none,65.7,34.3
56452,none,65.7,34.3
56454,none,65.7,34.3
56456,none,65.7,34.3
56458,none,65.7,34.3
56460,none,65.7,34.3
56462,none,65.7,34.3
56464,none,65.7,34.3
56466,none,65.7,34.3
56468,none,65.7,34.3
56470,none,65.7,34.3
56472,none,65.7,34.3
56474,none,65.7,34.3
56476,none,65.7,34.3
56478,none,65.7,34.3
56480,none,65.7,34.3
56482,none,65.7,34.3
56484,none,65.7,34.3
56486,none,65.7,34.3
56488,none,65.7,34.3
56490,none,65.7,34.3
56492,none,65.7,34.3
56494,none,65.7,34.3
56496,none,65.7,34.3
56498,none,65.7,34.3
56500,none,65.7,34.3
56502,none,65.7,34.3
56504,none,65.7,34.3
56506,none,65.7,34.3
56508,none,65.7,34.3
56510,none,65.7,34.3
56512,none,65.7,34.3
56514,none,65.7,34.3
56516,none,65.7,34.3
56518,none,65.7,34.3
56520,none,65.7,34.3
56522,none,65.7,34.3
56524,none,65.7,34.3
56526,none,65.7,34.3
56528,none,65.7,34.3
56530,none,65.7,34.3
56532,none,65.7,34.3
56534,none,65.7,34.3
56536,none,65.7,34.3
56538,none,65.7,34.3
56540,none,65.7,34.3
56542,none,65.7,34.3
56544,none,65.7,34.3
56546,none,65.7,34.3
56548,none,65.7,34.3
56550,none,65.7,34.3
56552,none,65.7,34.3
56554,none,65.7,34.3
56556,none,65.7,34.3
56558,none,65.7,34.3
56560,A,65.7,34.3
56562,none,65.7,34.3
56564,none,65.7,34.3
56566,none,65.7,34.3
56568,none,65.7,34.3
56570,none,65.7,34.3
56572,A,65.7,34.3
56574,A,65.7,34.3
56576,A,65.7,34.3
56578,none,65.7,34.3
56580,none,65.7,34.3
56582,none,65.7,34.3
56584,none,65.7,34.3
56586,none,65.7,34.3
56588,B,65.7,34.3
56590,none,65.7,34.3
56592,none,65.7,34.3
56594,A,65.7,34.3
56596,A,65.7,34.3
56598,B,65.7,34.3
56600,A,65.7,34.3
56602,A,65.7,34.3
56604,A,65.7,34.3
56606,A,65.7,34.3
56608,A,65.8,34.2
56610,none,65.8,34.2
56612,none,65.8,34.2
56614,none,65.8,34.2
56616,none,65.8,34.2
56618,none,65.8,34.2
56620,none,65.8,34.2
56622,none,65.8,34.2
56624,A,65.8,34.2
56626,A,65.8,34.2
56628,A,65.8,34.2
56630,A,65.8,34.2
56632,A,65.8,34.2
56634,A,65.8,34.2
56636,A,65.8,34.2
56638,A,65.8,34.2
56640,A,65.8,34.2
56642,A,65.9,34.1
56644,A,65.9,34.1
56646,A,65.9,34.1
56648,A,65.9,34.1
56650,A,65.9,34.1
56652,B,65.9,34.1
56654,A,65.9,34.1
56656,A,65.9,34.1
56658,A,65.9,34.1
56660,none,65.9,34.1
56662,none,65.9,34.1
56664,A,65.9,34.1
56666,A,65.9,34.1
56668,B,65.9,34.1
56670,B,65.9,34.1
56672,B,65.9,34.1
56674,B,65.8,34.2
56676,A,65.9,34.1
56678,none,65.9,34.1
56680,none,65.9,34.1
56682,A,65.9,34.1
56684,B,65.8,34.2
56686,B,65.8,34.2
56688,B,65.8,34.2
56690,A,65.8,34.2
56692,A,65.8,34.2
56694,A,65.8,34.2
56696,A,65.9,34.1
56698,A,65.9,34.1
56700,A,65.9,34.1
56702,A,65.9,34.1
56704,A,65.9,34.1
56706,A,65.9,34.1
56708,A,65.9,34.1
56710,A,65.9,34.1
56712,B,65.9,34.1
56714,A,65.9,34.1
56716,A,65.9,34.1
56718,A,65.9,34.1
56720,A,65.9,34.1
56722,A,66.0,34.0
56724,none,66.0,34.0
56726,none,66.0,34.0
56728,none,66.0,34.0
56730,none,66.0,34.0
56732,none,66.0,34.0
56734,none,66.0,34.0
56736,A,66.0,34.0
56738,A,66.0,34.0
56740,none,66.0,34.0
56742,none,66.0,34.0
56744,none,66.0,34.0
56746,none,66.0,34.0
56748,none,66.0,34.0
56750,none,66.0,34.0
56752,none,66.0,34.0
56754,none,66.0,34.0
56756,none,66.0,34.0
56758,none,66.0,34.0
56760,none,66.0,34.0
56762,none,66.0,34.0
56764,A,66.0,34.0
56766,none,66.0,34.0
56768,none,66.0,34.0
56770,none,66.0,34.0
56772,none,66.0,34.0
56774,none,66.0,34.0
56776,none,66.0,34.0
56778,none,66.0,34.0
56780,none,66.0,34.0
56782,none,66.0,34.0
56784,none,66.0,34.0
56786,none,66.0,34.0
56788,none,66.0,34.0
56790,none,66.0,34.0
56792,none,66.0,34.0
56794,none,66.0,34.0
56796,none,66.0,34.0
56798,none,66.0,34.0
56800,none,66.0,34.0
56802,none,66.0,34.0
56804,none,66.0,34.0
56806,none,66.0,34.0
56808,none,66.0,34.0
56810,none,66.0,34.0
56812,none,66.0,34.0
56814,A,66.0,34.0
56816,A,66.0,34.0
56818,A,66.0,34.0
56820,A,66.0,34.0
56822,A,66.0,34.0
56824,A,66.0,34.0
56826,A,66.0,34.0
56828,A,66.1,33.9
56830,A,66.1,33.9
56832,A,66.1,33.9
56834,A,66.1,33.9
56836,A,66.1,33.9
56838,A,66.1,33.9
56840,A,66.1,33.9
56842,A,66.1,33.9
56844,none,66.1,33.9
56846,none,66.1,33.9
56848,none,66.1,33.9
56850,none,66.1,33.9
56852,none,66.1,33.9
56854,none,66.1,33.9
56856,none,66.1,33.9
56858,none,66.1,33.9
56860,none,66.1,33.9
56862,none,66.1,33.9
56864,none,66.1,33.9
56866,none,66.1,33.9
56868,none,66.1,33.9
56870,none,66.1,33.9
56872,none,66.1,33.9
56874,none,66.1,33.9
56876,none,66.1,33.9
56878,none,66.1,33.9
56880,none,66.1,33.9
56882,none,66.1,33.9
56884,none,66.1,33.9
56886,none,66.1,33.9
56888,none,66.1,33.9
56890,none,66.1,33.9
56892,none,66.1,33.9
56894,none,66.1,33.9
56896,none,66.1,33.9
56898,none,66.1,33.9
56900,none,66.1,33.9
56902,none,66.1,33.9
56904,none,66.1,33.9
56906,none,66.1,33.9
56908,none,66.1,33.9
56910,none,66.1,33.9
56912,none,66.1,33.9
56914,none,66.1,33.9
56916,none,66.1,33.9
56918,none,66.1,33.9
56920,none,66.1,33.9
56922,none,66.1,33.9
56924,none,66.1,33.9
56926,none,66.1,33.9
56928,none,66.1,33.9
56930,none,66.1,33.9
56932,none,66.1,33.9
56934,none,66.1,33.9
56936,none,66.1,33.9
56938,none,66.1,33.9
56940,none,66.1,33.9
56942,none,66.1,33.9
56944,none,66.1,33.9
56946,none,66.1,33.9
56948,none,66.1,33.9
56950,none,66.1,33.9
56952,none,66.1,33.9
56954,none,66.1,33.9
56956,none,66.1,33.9
56958,none,66.1,33.9
56960,none,66.1,33.9
56962,none,66.1,33.9
56964,none,66.1,33.9
56966,none,66.1,33.9
56968,none,66.1,33.9
56970,none,66.1,33.9
56972,none,66.1,33.9
56974,none,66.1,33.9
56976,none,66.1,33.9
56978,none,66.1,33.9
56980,none,66.1,33.9
56982,none,66.1,33.9
56984,none,66.1,33.9
56986,none,66.1,33.9
56988,none,66.1,33.9
56990,none,66.1,33.9
56992,none,66.1,33.9
56994,none,66.1,33.9
56996,none,66.1,33.9
56998,none,66.1,33.9
57000,none,66.1,33.9
57002,none,66.1,33.9
57004,none,66.1,33.9
57006,none,66.1,33.9
57008,none,66.1,33.9
57010,none,66.1,33.9
57012,none,66.1,33.9
57014,none,66.1,33.9
57016,none,66.1,33.9
57018,none,66.1,33.9
57020,none,66.1,33.9
57022,none,66.1,33.9
57024,none,66.1,33.9
57026,none,66.1,33.9
57028,none,66.1,33.9
57030,none,66.1,33.9
57032,none,66.1,33.9
57034,none,66.1,33.9
57036,none,66.1,33.9
57038,none,66.1,33.9
57040,none,66.1,33.9
57042,none,66.1,33.9
57044,none,66.1,33.9
57046,none,66.1,33.9
57048,none,66.1,33.9
57050,none,66.1,33.9
57052,none,66.1,33.9
57054,none,66.1,33.9
57056,none,66.1,33.9
57058,none,66.1,33.9
57060,none,66.1,33.9
57062,none,66.1,33.9
57064,none,66.1,33.9
57066,none,66.1,33.9
57068,none,66.1,33.9
57070,none,66.1,33.9
57072,none,66.1,33.9
57074,none,66.1,33.9
57076,none,66.1,33.9
57078,none,66.1,33.9
57080,none,66.1,33.9
57082,none,66.1,33.9
57084,none,66.1,33.9
57086,none,66.1,33.9
57088,none,66.1,33.9
57090,none,66.1,33.9
57092,none,66.1,33.9
57094,none,66.1,33.9
57096,none,66.1,33.9
57098,none,66.1,33.9
57100,none,66.1,33.9
57102,none,66.1,33.9
57104,none,66.1,33.9
57106,none,66.1,33.9
57108,none,66.1,33.9
57110,none,66.1,33.9
57112,none,66.1,33.9
57114,none,66.1,33.9
57116,none,66.1,33.9
57118,none,66.1,33.9
57120,none,66.1,33.9
57122,none,66.1,33.9
57124,none,66.1,33.9
57126,none,66.1,33.9
57128,none,66.1,33.9
57130,none,66.1,33.9
57132,none,66.1,33.9
57134,none,66.1,33.9
57136,none,66.1,33.9
57138,none,66.1,33.9
57140,none,66.1,33.9
57142,none,66.1,33.9
57144,none,66.1,33.9
57146,none,66.1,33.9
57148,none,66.1,33.9
57150,none,66.1,33.9
57152,none,66.1,33.9
57154,none,66.1,33.9
57156,none,66.1,33.9
57158,none,66.1,33.9
57160,none,66.1,33.9
57162,none,66.1,33.9
57164,none,66.1,33.9
57166,none,66.1,33.9
57168,none,66.1,33.9
57170,none,66.1,33.9
57172,none,66.1,33.9
57174,none,66.1,33.9
57176,A,66.1,33.9
57178,none,66.1,33.9
57180,B,66.1,33.9
57182,none,66.1,33.9
57184,none,66.1,33.9
57186,none,66.1,33.9
57188,none,66.1,33.9
57190,none,66.1,33.9
57192,none,66.1,33.9
57194,none,66.1,33.9
57196,none,66.1,33.9
57198,none,66.1,33.9
57200,none,66.1,33.9
57202,none,66.1,33.9
57204,none,66.1,33.9
57206,none,66.1,33.9
57208,none,66.1,33.9
57210,none,66.1,33.9
57212,none,66.1,33.9
57214,none,66.1,33.9
57216,none,66.1,33.9
57218,none,66.1,33.9
57220,none,66.1,33.9
57222,none,66.1,33.9
57224,none,66.1,33.9
57226,none,66.1,33.9
57228,none,66.1,33.9
57230,none,66.1,33.9
57232,none,66.1,33.9
57234,none,66.1,33.9
57236,none,66.1,33.9
57238,none,66.1,33.9
57240,none,66.1,33.9
57242,none,66.1,33.9
57244,none,66.1,33.9
57246,none,66.1,33.9
57248,none,66.1,33.9
57250,none,66.1,33.9
57252,none,66.1,33.9
57254,none,66.1,33.9
57256,none,66.1,33.9
57258,none,66.1,33.9
57260,none,66.1,33.9
57262,none,66.1,33.9
57264,none,66.1,33.9
57266,none,66.1,33.9
57268,none,66.1,33.9
57270,none,66.1,33.9
57272,none,66.1,33.9
57274,none,66.1,33.9
57276,none,66.1,33.9
57278,none,66.1,33.9
57280,none,66.1,33.9
57282,none,66.1,33.9
57284,none,66.1,33.9
57286,none,66.1,33.9
57288,none,66.1,33.9
57290,none,66.1,33.9
57292,none,66.1,33.9
57294,none,66.1,33.9
57296,none,66.1,33.9
57298,none,66.1,33.9
57300,none,66.1,33.9
57302,none,66.1,33.9
57304,none,66.1,33.9
57306,none,66.1,33.9
57308,none,66.1,33.9
57310,none,66.1,33.9
57312,none,66.1,33.9
57314,none,66.1,33.9
57316,none,66.1,33.9
57318,none,66.1,33.9
57320,none,66.1,33.9
57322,none,66.1,33.9
57324,none,66.1,33.9
57326,none,66.1,33.9
57328,none,66.1,33.9
57330,none,66.1,33.9
57332,none,66.1,33.9
57334,none,66.1,33.9
57336,none,66.1,33.9
57338,none,66.1,33.9
57340,none,66.1,33.9
57342,none,66.1,33.9
57344,none,66.1,33.9
57346,none,66.1,33.9
57348,none,66.1,33.9
57350,none,66.1,33.9
57352,none,66.1,33.9
57354,none,66.1,33.9
57356,none,66.1,33.9
57358,none,66.1,33.9
57360,none,66.1,33.9
57362,none,66.1,33.9
57364,none,66.1,33.9
57366,none,66.1,33.9
57368,none,66.1,33.9
57370,none,66.1,33.9
57372,none,66.1,33.9
57374,none,66.1,33.9
57376,none,66.1,33.9
57378,none,66.1,33.9
57380,none,66.1,33.9
57382,none,66.1,33.9
57384,none,66.1,33.9
57386,none,66.1,33.9
57388,none,66.1,33.9
57390,none,66.1,33.9
57392,none,66.1,33.9
57394,none,66.1,33.9
57396,none,66.1,33.9
57398,none,66.1,33.9
57400,none,66.1,33.9
57402,none,66.1,33.9
57404,none,66.1,33.9
57406,none,66.1,33.9
57408,none,66.1,33.9
57410,none,66.1,33.9
57412,none,66.1,33.9
57414,none,66.1,33.9
57416,none,66.1,33.9
57418,none,66.1,33.9
57420,A,66.1,33.9
57422,none,66.1,33.9
57424,none,66.1,33.9
57426,none,66.1,33.9
57428,none,66.1,33.9
57430,none,66.1,33.9
57432,none,66.1,33.9
57434,none,66.1,33.9
57436,none,66.1,33.9
57438,none,66.1,33.9
57440,none,66.1,33.9
57442,none,66.1,33.9
57444,none,66.1,33.9
57446,none,66.1,33.9
57448,none,66.1,33.9
57450,none,66.1,33.9
57452,none,66.1,33.9
57454,none,66.1,33.9
57456,none,66.1,33.9
57458,none,66.1,33.9
57460,none,66.1,33.9
57462,none,66.1,33.9
57464,none,66.1,33.9
57466,none,66.1,33.9
57468,none,66.1,33.9
57470,none,66.1,33.9
57472,none,66.1,33.9
57474,none,66.1,33.9
57476,none,66.1,33.9
57478,none,66.1,33.9
57480,none,66.1,33.9
57482,none,66.1,33.9
57484,none,66.1,33.9
57486,none,66.1,33.9
57488,none,66.1,33.9
57490,none,66.1,33.9
57492,none,66.1,33.9
57494,none,66.1,33.9
57496,none,66.1,33.9
57498,A,66.1,33.9
57500,none,66.1,33.9
57502,none,66.1,33.9
57504,none,66.1,33.9
57506,none,66.1,33.9
57508,none,66.1,33.9
57510,none,66.1,33.9
57512,none,66.1,33.9
57514,none,66.1,33.9
57516,none,66.1,33.9
57518,none,66.1,33.9
57520,none,66.1,33.9
57522,none,66.1,33.9
57524,none,66.1,33.9
57526,none,66.1,33.9
57528,none,66.1,33.9
57530,none,66.1,33.9
57532,none,66.1,33.9
57534,none,66.1,33.9
57536,none,66.1,33.9
57538,none,66.1,33.9
57540,none,66.1,33.9
57542,none,66.1,33.9
57544,none,66.1,33.9
57546,none,66.1,33.9
57548,none,66.1,33.9
57550,none,66.1,33.9
57552,none,66.1,33.9
57554,none,66.1,33.9
57556,none,66.1,33.9
57558,none,66.1,33.9
57560,none,66.1,33.9
57562,none,66.1,33.9
57564,none,66.1,33.9
57566,none,66.1,33.9
57568,none,66.1,33.9
57570,none,66.1,33.9
57572,A,66.1,33.9
57574,none,66.1,33.9
57576,none,66.1,33.9
57578,none,66.1,33.9
57580,none,66.1,33.9
57582,none,66.1,33.9
57584,none,66.1,33.9
57586,none,66.1,33.9
57588,none,66.1,33.9
57590,none,66.1,33.9
57592,none,66.1,33.9
57594,none,66.1,33.9
57596,none,66.1,33.9
57598,none,66.1,33.9
57600,none,66.1,33.9
57602,none,66.1,33.9
57604,none,66.1,33.9
57606,none,66.1,33.9
57608,none,66.1,33.9
57610,none,66.1,33.9
57612,none,66.1,33.9
57614,none,66.1,33.9
57616,none,66.1,33.9
57618,none,66.1,33.9
57620,none,66.1,33.9
57622,none,66.1,33.9
57624,none,66.1,33.9
57626,none,66.1,33.9
57628,none,66.1,33.9
57630,none,66.1,33.9
57632,none,66.1,33.9
57634,none,66.1,33.9
57636,none,66.1,33.9
57638,none,66.1,33.9
57640,none,66.1,33.9
57642,none,66.1,33.9
57644,none,66.1,33.9
57646,none,66.1,33.9
57648,none,66.1,33.9
57650,A,66.2,33.8
57652,none,66.2,33.8
57654,none,66.2,33.8
57656,none,66.2,33.8
57658,none,66.2,33.8
57660,none,66.2,33.8
57662,none,66.2,33.8
57664,none,66.2,33.8
57666,none,66.2,33.8
57668,none,66.2,33.8
57670,none,66.2,33.8
57672,none,66.2,33.8
57674,none,66.2,33.8
57676,none,66.2,33.8
57678,none,66.2,33.8
57680,none,66.2,33.8
57682,none,66.2,33.8
57684,none,66.2,33.8
57686,none,66.2,33.8
57688,none,66.2,33.8
57690,none,66.2,33.8
57692,none,66.2,33.8
57694,none,66.2,33.8
57696,none,66.2,33.8
57698,none,66.2,33.8
57700,none,66.2,33.8
57702,none,66.2,33.8
57704,none,66.2,33.8
57706,none,66.2,33.8
57708,none,66.2,33.8
57710,none,66.2,33.8
57712,none,66.2,33.8
57714,none,66.2,33.8
57716,none,66.2,33.8
57718,none,66.2,33.8
57720,none,66.2,33.8
57722,none,66.2,33.8
57724,none,66.2,33.8
57726,none,66.2,33.8
57728,none,66.2,33.8
57730,none,66.2,33.8
57732,none,66.2,33.8
57734,none,66.2,33.8
57736,none,66.2,33.8
57738,none,66.2,33.8
57740,none,66.2,33.8
57742,none,66.2,33.8
57744,none,66.2,33.8
57746,none,66.2,33.8
57748,none,66.2,33.8
57750,none,66.2,33.8
57752,none,66.2,33.8
57754,none,66.2,33.8
57756,none,66.2,33.8
57758,none,66.2,33.8
57760,none,66.2,33.8
57762,none,66.2,33.8
57764,none,66.2,33.8
57766,none,66.2,33.8
57768,none,66.2,33.8
57770,none,66.2,33.8
57772,none,66.2,33.8
57774,none,66.2,33.8
57776,none,66.2,33.8
57778,none,66.2,33.8
57780,none,66.2,33.8
57782,none,66.2,33.8
57784,none,66.2,33.8
57786,none,66.2,33.8
57788,none,66.2,33.8
57790,none,66.2,33.8
57792,none,66.2,33.8
57794,none,66.2,33.8
57796,none,66.2,33.8
57798,none,66.2,33.8
57800,none,66.2,33.8
57802,none,66.2,33.8
57804,none,66.2,33.8
57806,none,66.2,33.8
57808,none,66.2,33.8
57810,none,66.2,33.8
57812,none,66.2,33.8
57814,none,66.2,33.8
57816,none,66.2,33.8
57818,none,66.2,33.8
57820,none,66.2,33.8
57822,none,66.2,33.8
57824,none,66.2,33.8
57826,none,66.2,33.8
57828,none,66.2,33.8
57830,none,66.2,33.8
57832,none,66.2,33.8
57834,none,66.2,33.8
57836,none,66.2,33.8
57838,none,66.2,33.8
57840,none,66.2,33.8
57842,none,66.2,33.8
57844,none,66.2,33.8
57846,none,66.2,33.8
57848,none,66.2,33.8
57850,none,66.2,33.8
57852,none,66.2,33.8
57854,none,66.2,33.8
57856,none,66.2,33.8
57858,none,66.2,33.8
57860,none,66.2,33.8
57862,none,66.2,33.8
57864,none,66.2,33.8
57866,none,66.2,33.8
57868,none,66.2,33.8
57870,none,66.2,33.8
57872,none,66.2,33.8
57874,none,66.2,33.8
57876,none,66.2,33.8
57878,none,66.2,33.8
57880,none,66.2,33.8
57882,none,66.2,33.8
57884,none,66.2,33.8
57886,none,66.2,33.8
57888,none,66.2,33.8
57890,none,66.2,33.8
57892,none,66.2,33.8
57894,none,66.2,33.8
57896,none,66.2,33.8
57898,none,66.2,33.8
57900,none,66.2,33.8
57902,none,66.2,33.8
57904,none,66.2,33.8
57906,none,66.2,33.8
57908,none,66.2,33.8
57910,none,66.2,33.8
57912,none,66.2,33.8
57914,none,66.2,33.8
57916,none,66.2,33.8
57918,none,66.2,33.8
57920,none,66.2,33.8
57922,none,66.2,33.8
57924,none,66.2,33.8
57926,none,66.2,33.8
57928,none,66.2,33.8
57930,none,66.2,33.8
57932,none,66.2,33.8
57934,none,66.2,33.8
57936,none,66.2,33.8
57938,none,66.2,33.8
57940,none,66.2,33.8
57942,none,66.2,33.8
57944,none,66.2,33.8
57946,none,66.2,33.8
57948,none,66.2,33.8
57950,none,66.2,33.8
57952,none,66.2,33.8
57954,none,66.2,33.8
57956,none,66.2,33.8
57958,none,66.2,33.8
57960,none,66.2,33.8
57962,none,66.2,33.8
57964,none,66.2,33.8
57966,none,66.2,33.8
57968,none,66.2,33.8
57970,none,66.2,33.8
57972,none,66.2,33.8
57974,none,66.2,33.8
57976,none,66.2,33.8
57978,none,66.2,33.8
57980,none,66.2,33.8
57982,none,66.2,33.8
57984,none,66.2,33.8
57986,none,66.2,33.8
57988,none,66.2,33.8
57990,none,66.2,33.8
57992,none,66.2,33.8
57994,none,66.2,33.8
57996,none,66.2,33.8
57998,none,66.2,33.8
58000,none,66.2,33.8
58002,none,66.2,33.8
58004,none,66.2,33.8
58006,B,66.1,33.9
58008,none,66.1,33.9
58010,none,66.1,33.9
58012,none,66.1,33.9
58014,none,66.1,33.9
58016,none,66.1,33.9
58018,none,66.1,33.9
58020,A,66.1,33.9
58022,none,66.1,33.9
58024,none,66.1,33.9
58026,none,66.1,33.9
58028,none,66.1,33.9
58030,none,66.1,33.9
58032,none,66.1,33.9
58034,none,66.1,33.9
58036,none,66.1,33.9
58038,none,66.1,33.9
58040,none,66.1,33.9
58042,none,66.1,33.9
58044,none,66.1,33.9
58046,none,66.1,33.9
58048,none,66.1,33.9
58050,none,66.1,33.9
58052,none,66.1,33.9
58054,none,66.1,33.9
58056,none,66.1,33.9
58058,none,66.1,33.9
58060,none,66.1,33.9
58062,none,66.1,33.9
58064,none,66.1,33.9
58066,none,66.1,33.9
58068,none,66.1,33.9
58070,none,66.1,33.9
58072,none,66.1,33.9
58074,none,66.1,33.9
58076,none,66.1,33.9
58078,none,66.1,33.9
58080,none,66.1,33.9
58082,none,66.1,33.9
58084,none,66.1,33.9
58086,none,66.1,33.9
58088,none,66.1,33.9
58090,none,66.1,33.9
58092,none,66.1,33.9
58094,none,66.1,33.9
58096,none,66.1,33.9
58098,none,66.1,33.9
58100,none,66.1,33.9
58102,none,66.1,33.9
58104,none,66.1,33.9
58106,none,66.1,33.9
58108,none,66.1,33.9
58110,none,66.1,33.9
58112,none,66.1,33.9
58114,none,66.1,33.9
58116,none,66.1,33.9
58118,none,66.1,33.9
58120,none,66.1,33.9
58122,none,66.1,33.9
58124,none,66.1,33.9
58126,none,66.1,33.9
58128,none,66.1,33.9
58130,none,66.1,33.9
58132,none,66.1,33.9
58134,none,66.1,33.9
58136,none,66.1,33.9
58138,none,66.1,33.9
58140,none,66.1,33.9
58142,none,66.1,33.9
58144,none,66.1,33.9
58146,none,66.1,33.9
58148,none,66.1,33.9
58150,none,66.1,33.9
58152,none,66.1,33.9
58154,none,66.1,33.9
58156,none,66.1,33.9
58158,none,66.1,33.9
58160,none,66.1,33.9
58162,none,66.1,33.9
58164,none,66.1,33.9
58166,none,66.1,33.9
58168,none,66.1,33.9
58170,none,66.1,33.9
58172,none,66.1,33.9
58174,none,66.1,33.9
58176,none,66.1,33.9
58178,none,66.1,33.9
58180,none,66.1,33.9
58182,none,66.1,33.9
58184,none,66.1,33.9
58186,none,66.1,33.9
58188,none,66.1,33.9
58190,none,66.1,33.9
58192,none,66.1,33.9
58194,none,66.1,33.9
58196,none,66.1,33.9
58198,none,66.1,33.9
58200,none,66.1,33.9
58202,none,66.1,33.9
58204,none,66.1,33.9
58206,none,66.1,33.9
58208,none,66.1,33.9
58210,none,66.1,33.9
58212,none,66.1,33.9
58214,none,66.1,33.9
58216,none,66.1,33.9
58218,none,66.1,33.9
58220,none,66.1,33.9
58222,none,66.1,33.9
58224,none,66.1,33.9
58226,none,66.1,33.9
58228,none,66.1,33.9
58230,none,66.1,33.9
58232,none,66.1,33.9
58234,none,66.1,33.9
58236,none,66.1,33.9
58238,none,66.1,33.9
58240,none,66.1,33.9
58242,none,66.1,33.9
58244,none,66.1,33.9
58246,none,66.1,33.9
58248,none,66.1,33.9
58250,none,66.1,33.9
58252,none,66.1,33.9
58254,none,66.1,33.9
58256,none,66.1,33.9
58258,none,66.1,33.9
58260,none,66.1,33.9
58262,none,66.1,33.9
58264,none,66.1,33.9
58266,none,66.1,33.9
58268,none,66.1,33.9
58270,none,66.1,33.9
58272,none,66.1,33.9
58274,none,66.1,33.9
58276,none,66.1,33.9
58278,none,66.1,33.9
58280,none,66.1,33.9
58282,none,66.1,33.9
58284,none,66.1,33.9
58286,none,66.1,33.9
58288,none,66.1,33.9
58290,none,66.1,33.9
58292,none,66.1,33.9
58294,none,66.1,33.9
58296,none,66.1,33.9
58298,none,66.1,33.9
58300,none,66.1,33.9
58302,none,66.1,33.9
58304,none,66.1,33.9
58306,none,66.1,33.9
58308,none,66.1,33.9
58310,none,66.1,33.9
58312,none,66.1,33.9
58314,none,66.1,33.9
58316,none,66.1,33.9
58318,none,66.1,33.9
58320,none,66.1,33.9
58322,none,66.1,33.9
58324,none,66.1,33.9
58326,none,66.1,33.9
58328,none,66.1,33.9
58330,none,66.1,33.9
58332,none,66.1,33.9
58334,none,66.1,33.9
58336,none,66.1,33.9
58338,none,66.1,33.9
58340,none,66.1,33.9
58342,none,66.1,33.9
58344,none,66.1,33.9
58346,none,66.1,33.9
58348,none,66.1,33.9
58350,none,66.1,33.9
58352,none,66.1,33.9
58354,none,66.1,33.9
58356,none,66.1,33.9
58358,none,66.1,33.9
58360,none,66.1,33.9
58362,none,66.1,33.9
58364,none,66.1,33.9
58366,none,66.1,33.9
58368,none,66.1,33.9
58370,none,66.1,33.9
58372,none,66.1,33.9
58374,none,66.1,33.9
58376,none,66.1,33.9
58378,none,66.1,33.9
58380,none,66.1,33.9
58382,none,66.1,33.9
58384,none,66.1,33.9
58386,none,66.1,33.9
58388,none,66.1,33.9
58390,none,66.1,33.9
58392,none,66.1,33.9
58394,none,66.1,33.9
58396,none,66.1,33.9
58398,none,66.1,33.9
58400,none,66.1,33.9
58402,none,66.1,33.9
58404,none,66.1,33.9
58406,none,66.1,33.9
58408,none,66.1,33.9
58410,none,66.1,33.9
58412,none,66.1,33.9
58414,none,66.1,33.9
58416,none,66.1,33.9
58418,none,66.1,33.9
58420,none,66.1,33.9
58422,none,66.1,33.9
58424,none,66.1,33.9
58426,none,66.1,33.9
58428,B,66.1,33.9
58430,none,66.1,33.9
58432,none,66.1,33.9
58434,none,66.1,33.9
58436,none,66.1,33.9
58438,none,66.1,33.9
58440,none,66.1,33.9
58442,none,66.1,33.9
58444,none,66.1,33.9
58446,none,66.1,33.9
58448,none,66.1,33.9
58450,none,66.1,33.9
58452,none,66.1,33.9
58454,none,66.1,33.9
58456,none,66.1,33.9
58458,none,66.1,33.9
58460,none,66.1,33.9
58462,none,66.1,33.9
58464,none,66.1,33.9
58466,none,66.1,33.9
58468,none,66.1,33.9
58470,none,66.1,33.9
58472,none,66.1,33.9
58474,none,66.1,33.9
58476,none,66.1,33.9
58478,none,66.1,33.9
58480,B,66.1,33.9
58482,none,66.1,33.9
58484,none,66.1,33.9
58486,B,66.1,33.9
58488,none,66.1,33.9
58490,none,66.1,33.9
58492,A,66.1,33.9
58494,none,66.1,33.9
58496,none,66.1,33.9
58498,none,66.1,33.9
58500,none,66.1,33.9
58502,none,66.1,33.9
58504,none,66.1,33.9
58506,none,66.1,33.9
58508,none,66.1,33.9
58510,none,66.1,33.9
58512,none,66.1,33.9
58514,none,66.1,33.9
58516,none,66.1,33.9
58518,none,66.1,33.9
58520,none,66.1,33.9
58522,none,66.1,33.9
58524,none,66.1,33.9
58526,none,66.1,33.9
58528,none,66.1,33.9
58530,none,66.1,33.9
58532,A,66.1,33.9
58534,A,66.1,33.9
58536,none,66.1,33.9
58538,none,66.1,33.9
58540,A,66.1,33.9
58542,none,66.1,33.9
58544,none,66.1,33.9
58546,none,66.1,33.9
58548,none,66.1,33.9
58550,none,66.1,33.9
58552,A,66.1,33.9
58554,A,66.1,33.9
58556,none,66.1,33.9
58558,none,66.1,33.9
58560,none,66.1,33.9
58562,none,66.1,33.9
58564,none,66.1,33.9
58566,none,66.1,33.9
58568,none,66.1,33.9
58570,none,66.1,33.9
58572,none,66.1,33.9
58574,none,66.1,33.9
58576,none,66.1,33.9
58578,none,66.1,33.9
58580,none,66.1,33.9
58582,none,66.1,33.9
58584,none,66.1,33.9
58586,none,66.1,33.9
58588,none,66.1,33.9
58590,none,66.1,33.9
58592,none,66.1,33.9
58594,none,66.1,33.9
58596,none,66.1,33.9
58598,B,66.1,33.9
58600,B,66.1,33.9
58602,B,66.1,33.9
58604,B,66.1,33.9
58606,B,66.1,33.9
58608,B,66.0,34.0
58610,B,66.0,34.0
58612,B,66.0,34.0
58614,B,66.0,34.0
58616,none,66.0,34.0
58618,none,66.0,34.0
58620,none,66.0,34.0
58622,none,66.0,34.0
58624,none,66.0,34.0
58626,none,66.0,34.0
58628,none,66.0,34.0
58630,none,66.0,34.0
58632,none,66.0,34.0
58634,none,66.0,34.0
58636,none,66.0,34.0
58638,none,66.0,34.0
58640,B,66.0,34.0
58642,B,65.9,34.1
58644,none,65.9,34.1
58646,none,65.9,34.1
58648,none,65.9,34.1
58650,B,65.9,34.1
58652,none,65.9,34.1
58654,B,65.9,34.1
58656,none,65.9,34.1
58658,none,65.9,34.1
58660,none,65.9,34.1
58662,none,65.9,34.1
58664,none,65.9,34.1
58666,none,65.9,34.1
58668,none,65.9,34.1
58670,none,65.9,34.1
58672,none,65.9,34.1
58674,none,65.9,34.1
58676,none,65.9,34.1
58678,none,65.9,34.1
58680,none,65.9,34.1
58682,none,65.9,34.1
58684,none,65.9,34.1
58686,none,65.9,34.1
58688,none,65.9,34.1
58690,none,65.9,34.1
58692,none,65.9,34.1
58694,none,65.9,34.1
58696,none,65.9,34.1
58698,none,65.9,34.1
58700,none,65.9,34.1
58702,none,65.9,34.1
58704,none,65.9,34.1
58706,none,65.9,34.1
58708,none,65.9,34.1
58710,none,65.9,34.1
58712,none,65.9,34.1
58714,none,65.9,34.1
58716,none,65.9,34.1
58718,none,65.9,34.1
58720,none,65.9,34.1
58722,none,65.9,34.1
58724,none,65.9,34.1
58726,none,65.9,34.1
58728,none,65.9,34.1
58730,none,65.9,34.1
58732,none,65.9,34.1
58734,A,65.9,34.1
58736,none,65.9,34.1
58738,none,65.9,34.1
58740,none,65.9,34.1
58742,none,65.9,34.1
58744,none,65.9,34.1
58746,none,65.9,34.1
58748,none,65.9,34.1
58750,none,65.9,34.1
58752,none,65.9,34.1
58754,none,65.9,34.1
58756,none,65.9,34.1
58758,none,65.9,34.1
58760,none,65.9,34.1
58762,none,65.9,34.1
58764,none,65.9,34.1
58766,A,65.9,34.1
58768,A,65.9,34.1
58770,A,65.9,34.1
58772,A,66.0,34.0
58774,A,66.0,34.0
58776,none,66.0,34.0
58778,none,66.0,34.0
58780,none,66.0,34.0
58782,none,66.0,34.0
58784,none,66.0,34.0
58786,none,66.0,34.0
58788,none,66.0,34.0
58790,none,66.0,34.0
58792,none,66.0,34.0
58794,none,66.0,34.0
58796,none,66.0,34.0
58798,none,66.0,34.0
58800,none,66.0,34.0
58802,none,66.0,34.0
58804,none,66.0,34.0
58806,none,66.0,34.0
58808,none,66.0,34.0
58810,none,66.0,34.0
58812,none,66.0,34.0
58814,none,66.0,34.0
58816,none,66.0,34.0
58818,none,66.0,34.0
58820,none,66.0,34.0
58822,none,66.0,34.0
58824,none,66.0,34.0
58826,none,66.0,34.0
58828,none,66.0,34.0
58830,none,66.0,34.0
58832,none,66.0,34.0
58834,none,66.0,34.0
58836,none,66.0,34.0
58838,none,66.0,34.0
58840,none,66.0,34.0
58842,none,66.0,34.0
58844,none,66.0,34.0
58846,none,66.0,34.0
58848,none,66.0,34.0
58850,none,66.0,34.0
58852,none,66.0,34.0
58854,none,66.0,34.0
58856,none,66.0,34.0
58858,none,66.0,34.0
58860,none,66.0,34.0
58862,none,66.0,34.0
58864,none,66.0,34.0
58866,none,66.0,34.0
58868,none,66.0,34.0
58870,none,66.0,34.0
58872,none,66.0,34.0
58874,none,66.0,34.0
58876,none,66.0,34.0
58878,none,66.0,34.0
58880,none,66.0,34.0
58882,none,66.0,34.0
58884,none,66.0,34.0
58886,none,66.0,34.0
58888,none,66.0,34.0
58890,none,66.0,34.0
58892,none,66.0,34.0
58894,none,66.0,34.0
58896,none,66.0,34.0
58898,none,66.0,34.0
58900,none,66.0,34.0
58902,none,66.0,34.0
58904,none,66.0,34.0
58906,none,66.0,34.0
58908,none,66.0,34.0
58910,none,66.0,34.0
58912,none,66.0,34.0
58914,none,66.0,34.0
58916,none,66.0,34.0
58918,none,66.0,34.0
58920,none,66.0,34.0
58922,none,66.0,34.0
58924,none,66.0,34.0
58926,none,66.0,34.0
58928,none,66.0,34.0
58930,none,66.0,34.0
58932,none,66.0,34.0
58934,none,66.0,34.0
58936,none,66.0,34.0
58938,none,66.0,34.0
58940,none,66.0,34.0
58942,none,66.0,34.0
58944,none,66.0,34.0
58946,none,66.0,34.0
58948,none,66.0,34.0
58950,none,66.0,34.0
58952,none,66.0,34.0
58954,none,66.0,34.0
58956,none,66.0,34.0
58958,none,66.0,34.0
58960,none,66.0,34.0
58962,none,66.0,34.0
58964,none,66.0,34.0
58966,none,66.0,34.0
58968,none,66.0,34.0
58970,none,66.0,34.0
58972,none,66.0,34.0
58974,none,66.0,34.0
58976,none,66.0,34.0
58978,none,66.0,34.0
58980,none,66.0,34.0
58982,none,66.0,34.0
58984,none,66.0,34.0
58986,none,66.0,34.0
58988,none,66.0,34.0
58990,none,66.0,34.0
58992,none,66.0,34.0
58994,none,66.0,34.0
58996,none,66.0,34.0
58998,none,66.0,34.0
59000,none,66.0,34.0
59002,none,66.0,34.0
59004,none,66.0,34.0
59006,none,66.0,34.0
59008,none,66.0,34.0
59010,none,66.0,34.0
59012,none,66.0,34.0
59014,none,66.0,34.0
59016,none,66.0,34.0
59018,none,66.0,34.0
59020,none,66.0,34.0
59022,none,66.0,34.0
59024,none,66.0,34.0
59026,none,66.0,34.0
59028,none,66.0,34.0
59030,none,66.0,34.0
59032,none,66.0,34.0
59034,none,66.0,34.0
59036,none,66.0,34.0
59038,none,66.0,34.0
59040,none,66.0,34.0
59042,none,66.0,34.0
59044,none,66.0,34.0
59046,none,66.0,34.0
59048,B,65.9,34.1
59050,none,65.9,34.1
59052,none,65.9,34.1
59054,none,65.9,34.1
59056,none,65.9,34.1
59058,none,65.9,34.1
59060,none,65.9,34.1
59062,none,65.9,34.1
59064,none,65.9,34.1
59066,none,65.9,34.1
59068,none,65.9,34.1
59070,none,65.9,34.1
59072,none,65.9,34.1
59074,none,65.9,34.1
59076,none,65.9,34.1
59078,none,65.9,34.1
59080,none,65.9,34.1
59082,none,65.9,34.1
59084,none,65.9,34.1
59086,none,65.9,34.1
59088,B,65.9,34.1
59090,B,65.9,34.1
59092,A,65.9,34.1
59094,none,65.9,34.1
59096,A,65.9,34.1
59098,A,65.9,34.1
59100,none,65.9,34.1
59102,none,65.9,34.1
59104,A,65.9,34.1
59106,A,66.0,34.0
59108,none,66.0,34.0
59110,A,66.0,34.0
59112,A,66.0,34.0
59114,B,66.0,34.0
59116,B,65.9,34.1
59118,B,65.9,34.1
59120,B,65.9,34.1
59122,B,65.9,34.1
59124,B,65.9,34.1
59126,none,65.9,34.1
59128,none,65.9,34.1
59130,none,65.9,34.1
59132,none,65.9,34.1
59134,none,65.9,34.1
59136,none,65.9,34.1
59138,none,65.9,34.1
59140,none,65.9,34.1
59142,none,65.9,34.1
59144,none,65.9,34.1
59146,none,65.9,34.1
59148,none,65.9,34.1
59150,none,65.9,34.1
59152,none,65.9,34.1
59154,none,65.9,34.1
59156,none,65.9,34.1
59158,none,65.9,34.1
59160,none,65.9,34.1
59162,none,65.9,34.1
59164,none,65.9,34.1
59166,none,65.9,34.1
59168,none,65.9,34.1
59170,none,65.9,34.1
59172,none,65.9,34.1
59174,none,65.9,34.1
59176,none,65.9,34.1
59178,none,65.9,34.1
59180,none,65.9,34.1
59182,none,65.9,34.1
59184,none,65.9,34.1
59186,none,65.9,34.1
59188,none,65.9,34.1
59190,none,65.9,34.1
59192,none,65.9,34.1
59194,none,65.9,34.1
59196,none,65.9,34.1
59198,none,65.9,34.1
59200,none,65.9,34.1
59202,none,65.9,34.1
59204,none,65.9,34.1
59206,none,65.9,34.1
59208,none,65.9,34.1
59210,none,65.9,34.1
59212,none,65.9,34.1
59214,none,65.9,34.1
59216,none,65.9,34.1
59218,none,65.9,34.1
59220,none,65.9,34.1
59222,none,65.9,34.1
59224,none,65.9,34.1
59226,none,65.9,34.1
59228,none,65.9,34.1
59230,none,65.9,34.1
59232,none,65.9,34.1
59234,none,65.9,34.1
59236,none,65.9,34.1
59238,none,65.9,34.1
59240,none,65.9,34.1
59242,none,65.9,34.1
59244,none,65.9,34.1
59246,none,65.9,34.1
59248,none,65.9,34.1
59250,none,65.9,34.1
59252,none,65.9,34.1
59254,none,65.9,34.1
59256,none,65.9,34.1
59258,none,65.9,34.1
59260,none,65.9,34.1
59262,none,65.9,34.1
59264,none,65.9,34.1
59266,none,65.9,34.1
59268,none,65.9,34.1
59270,none,65.9,34.1
59272,none,65.9,34.1
59274,none,65.9,34.1
59276,none,65.9,34.1
59278,none,65.9,34.1
59280,none,65.9,34.1
59282,none,65.9,34.1
59284,none,65.9,34.1
59286,none,65.9,34.1
59288,none,65.9,34.1
59290,none,65.9,34.1
59292,none,65.9,34.1
59294,none,65.9,34.1
59296,none,65.9,34.1
59298,none,65.9,34.1
59300,none,65.9,34.1
59302,none,65.9,34.1
59304,none,65.9,34.1
59306,none,65.9,34.1
59308,none,65.9,34.1
59310,none,65.9,34.1
59312,none,65.9,34.1
59314,none,65.9,34.1
59316,none,65.9,34.1
59318,none,65.9,34.1
59320,none,65.9,34.1
59322,none,65.9,34.1
59324,none,65.9,34.1
59326,none,65.9,34.1
59328,none,65.9,34.1
59330,none,65.9,34.1
59332,none,65.9,34.1
59334,none,65.9,34.1
59336,none,65.9,34.1
59338,none,65.9,34.1
59340,none,65.9,34.1
59342,none,65.9,34.1
59344,none,65.9,34.1
59346,none,65.9,34.1
59348,none,65.9,34.1
59350,none,65.9,34.1
59352,none,65.9,34.1
59354,none,65.9,34.1
59356,none,65.9,34.1
59358,none,65.9,34.1
59360,none,65.9,34.1
59362,none,65.9,34.1
59364,none,65.9,34.1
59366,none,65.9,34.1
59368,none,65.9,34.1
59370,none,65.9,34.1
59372,none,65.9,34.1
59374,none,65.9,34.1
59376,none,65.9,34.1
59378,none,65.9,34.1
59380,none,65.9,34.1
59382,none,65.9,34.1
59384,none,65.9,34.1
59386,none,65.9,34.1
59388,none,65.9,34.1
59390,none,65.9,34.1
59392,none,65.9,34.1
59394,none,65.9,34.1
59396,none,65.9,34.1
59398,none,65.9,34.1
59400,none,65.9,34.1
59402,none,65.9,34.1
59404,none,65.9,34.1
59406,none,65.9,34.1
59408,none,65.9,34.1
59410,none,65.9,34.1
59412,none,65.9,34.1
59414,none,65.9,34.1
59416,none,65.9,34.1
59418,none,65.9,34.1
59420,none,65.9,34.1
59422,none,65.9,34.1
59424,none,65.9,34.1
59426,none,65.9,34.1
59428,none,65.9,34.1
59430,none,65.9,34.1
59432,none,65.9,34.1
59434,none,65.9,34.1
59436,none,65.9,34.1
59438,none,65.9,34.1
59440,none,65.9,34.1
59442,none,65.9,34.1
59444,none,65.9,34.1
59446,none,65.9,34.1
59448,none,65.9,34.1
59450,none,65.9,34.1
59452,none,65.9,34.1
59454,none,65.9,34.1
59456,none,65.9,34.1
59458,none,65.9,34.1
59460,none,65.9,34.1
59462,none,65.9,34.1
59464,none,65.9,34.1
59466,none,65.9,34.1
59468,none,65.9,34.1
59470,none,65.9,34.1
59472,none,65.9,34.1
59474,none,65.9,34.1
59476,none,65.9,34.1
59478,none,65.9,34.1
59480,B,65.8,34.2
59482,none,65.8,34.2
59484,none,65.8,34.2
59486,none,65.8,34.2
59488,none,65.8,34.2
59490,B,65.8,34.2
59492,none,65.8,34.2
59494,none,65.8,34.2
59496,none,65.8,34.2
59498,none,65.8,34.2
59500,none,65.8,34.2
59502,none,65.8,34.2
59504,none,65.8,34.2
59506,none,65.8,34.2
59508,none,65.8,34.2
59510,none,65.8,34.2
59512,none,65.8,34.2
59514,none,65.8,34.2
59516,none,65.8,34.2
59518,none,65.8,34.2
59520,none,65.8,34.2
59522,none,65.8,34.2
59524,none,65.8,34.2
59526,none,65.8,34.2
59528,none,65.8,34.2
59530,none,65.8,34.2
59532,none,65.8,34.2
59534,none,65.8,34.2
59536,none,65.8,34.2
59538,none,65.8,34.2
59540,none,65.8,34.2
59542,none,65.8,34.2
59544,none,65.8,34.2
59546,none,65.8,34.2
59548,none,65.8,34.2
59550,none,65.8,34.2
59552,none,65.8,34.2
59554,none,65.8,34.2
59556,none,65.8,34.2
59558,none,65.8,34.2
59560,none,65.8,34.2
59562,none,65.8,34.2
59564,none,65.8,34.2
59566,none,65.8,34.2
59568,none,65.8,34.2
59570,none,65.8,34.2
59572,none,65.8,34.2
59574,none,65.8,34.2
59576,none,65.8,34.2
59578,none,65.8,34.2
59580,none,65.8,34.2
59582,none,65.8,34.2
59584,none,65.8,34.2
59586,none,65.8,34.2
59588,none,65.8,34.2
59590,none,65.8,34.2
59592,none,65.8,34.2
59594,none,65.8,34.2
59596,none,65.8,34.2
59598,none,65.8,34.2
59600,none,65.8,34.2
59602,none,65.8,34.2
59604,none,65.8,34.2
59606,none,65.8,34.2
59608,none,65.8,34.2
59610,none,65.8,34.2
59612,none,65.8,34.2
59614,none,65.8,34.2
59616,none,65.8,34.2
59618,none,65.8,34.2
59620,none,65.8,34.2
59622,none,65.8,34.2
59624,none,65.8,34.2
59626,none,65.8,34.2
59628,none,65.8,34.2
59630,none,65.8,34.2
59632,none,65.8,34.2
59634,none,65.8,34.2
59636,none,65.8,34.2
59638,none,65.8,34.2
59640,none,65.8,34.2
59642,none,65.8,34.2
59644,none,65.8,34.2
59646,none,65.8,34.2
59648,none,65.8,34.2
59650,none,65.8,34.2
59652,none,65.8,34.2
59654,none,65.8,34.2
59656,none,65.8,34.2
59658,none,65.8,34.2
59660,none,65.8,34.2
59662,none,65.8,34.2
59664,none,65.8,34.2
59666,none,65.8,34.2
59668,none,65.8,34.2
59670,none,65.8,34.2
59672,none,65.8,34.2
59674,none,65.8,34.2
59676,none,65.8,34.2
59678,none,65.8,34.2
59680,none,65.8,34.2
59682,none,65.8,34.2
59684,none,65.8,34.2
59686,none,65.8,34.2
59688,none,65.8,34.2
59690,none,65.8,34.2
59692,none,65.8,34.2
59694,none,65.8,34.2
59696,none,65.8,34.2
59698,none,65.8,34.2
59700,none,65.8,34.2
59702,none,65.8,34.2
59704,none,65.8,34.2
59706,none,65.8,34.2
59708,none,65.8,34.2
59710,none,65.8,34.2
59712,none,65.8,34.2
59714,none,65.8,34.2
59716,none,65.8,34.2
59718,none,65.8,34.2
59720,none,65.8,34.2
59722,none,65.8,34.2
59724,none,65.8,34.2
59726,none,65.8,34.2
59728,none,65.8,34.2
59730,none,65.8,34.2
59732,none,65.8,34.2
59734,none,65.8,34.2
59736,none,65.8,34.2
59738,none,65.8,34.2
59740,none,65.8,34.2
59742,none,65.8,34.2
59744,none,65.8,34.2
59746,none,65.8,34.2
59748,none,65.8,34.2
59750,none,65.8,34.2
59752,none,65.8,34.2
59754,none,65.8,34.2
59756,none,65.8,34.2
59758,none,65.8,34.2
59760,none,65.8,34.2
59762,none,65.8,34.2
59764,none,65.8,34.2
59766,none,65.8,34.2
59768,none,65.8,34.2
59770,none,65.8,34.2
59772,none,65.8,34.2
59774,none,65.8,34.2
59776,none,65.8,34.2
59778,none,65.8,34.2
59780,none,65.8,34.2
59782,none,65.8,34.2
59784,none,65.8,34.2
59786,none,65.8,34.2
59788,none,65.8,34.2
59790,none,65.8,34.2
59792,none,65.8,34.2
59794,none,65.8,34.2
59796,none,65.8,34.2
59798,none,65.8,34.2
59800,none,65.8,34.2
59802,none,65.8,34.2
59804,none,65.8,34.2
59806,none,65.8,34.2
59808,none,65.8,34.2
59810,none,65.8,34.2
59812,none,65.8,34.2
59814,none,65.8,34.2
59816,none,65.8,34.2
59818,none,65.8,34.2
59820,none,65.8,34.2
59822,none,65.8,34.2
59824,none,65.8,34.2
59826,none,65.8,34.2
59828,none,65.8,34.2
59830,none,65.8,34.2
59832,none,65.8,34.2
59834,none,65.8,34.2
59836,none,65.8,34.2
59838,none,65.8,34.2
59840,none,65.8,34.2
59842,none,65.8,34.2
59844,none,65.8,34.2
59846,none,65.8,34.2
59848,none,65.8,34.2
59850,none,65.8,34.2
59852,none,65.8,34.2
59854,none,65.8,34.2
59856,none,65.8,34.2
59858,none,65.8,34.2
59860,none,65.8,34.2
59862,none,65.8,34.2
59864,none,65.8,34.2
59866,none,65.8,34.2
59868,none,65.8,34.2
59870,none,65.8,34.2
59872,none,65.8,34.2
59874,none,65.8,34.2
59876,none,65.8,34.2
59878,none,65.8,34.2
59880,none,65.8,34.2
59882,none,65.8,34.2
59884,none,65.8,34.2
59886,none,65.8,34.2
59888,none,65.8,34.2
59890,none,65.8,34.2
59892,none,65.8,34.2
59894,none,65.8,34.2
59896,none,65.8,34.2
59898,none,65.8,34.2
59900,none,65.8,34.2
59902,none,65.8,34.2
59904,none,65.8,34.2
59906,none,65.8,34.2
59908,none,65.8,34.2
59910,none,65.8,34.2
59912,none,65.8,34.2
59914,none,65.8,34.2
59916,none,65.8,34.2
59918,none,65.8,34.2
59920,none,65.8,34.2
59922,none,65.8,34.2
59924,none,65.8,34.2
59926,none,65.8,34.2
59928,none,65.8,34.2
59930,none,65.8,34.2
59932,none,65.8,34.2
59934,none,65.8,34.2
59936,none,65.8,34.2
59938,none,65.8,34.2
59940,none,65.8,34.2
59942,none,65.8,34.2
59944,none,65.8,34.2
59946,none,65.8,34.2
59948,none,65.8,34.2
59950,none,65.8,34.2
59952,none,65.8,34.2
59954,none,65.8,34.2
59956,none,65.8,34.2
59958,none,65.8,34.2
59960,none,65.8,34.2
59962,none,65.8,34.2
59964,none,65.8,34.2
59966,none,65.8,34.2
59968,none,65.8,34.2
59970,A,65.8,34.2
59972,none,65.8,34.2
59974,none,65.8,34.2
59976,none,65.8,34.2
59978,none,65.8,34.2
59980,none,65.8,34.2
59982,none,65.8,34.2
59984,none,65.8,34.2
59986,none,65.8,34.2
59988,none,65.8,34.2
59990,none,65.8,34.2
59992,none,65.8,34.2
59994,none,65.8,34.2
59996,none,65.8,34.2
59998,none,65.8,34.2
60000,none,65.8,34.2
60002,none,65.8,34.2
60004,none,65.8,34.2
60006,none,65.8,34.2
60008,none,65.8,34.2
60010,none,65.8,34.2
60012,none,65.8,34.2
60014,none,65.8,34.2
60016,none,65.8,34.2
60018,none,65.8,34.2
60020,none,65.8,34.2
60022,none,65.8,34.2
60024,none,65.8,34.2
60026,none,65.8,34.2
60028,none,65.8,34.2
60030,none,65.8,34.2
60032,none,65.8,34.2
60034,none,65.8,34.2
60036,none,65.8,34.2
60038,none,65.8,34.2
60040,A,65.8,34.2
60042,none,65.8,34.2
60044,none,65.8,34.2
60046,none,65.8,34.2
60048,none,65.8,34.2
60050,none,65.8,34.2
60052,none,65.8,34.2
60054,none,65.8,34.2
60056,none,65.8,34.2
60058,none,65.8,34.2
60060,none,65.8,34.2
60062,none,65.8,34.2
60064,none,65.8,34.2
60066,none,65.8,34.2
60068,none,65.8,34.2
60070,A,65.9,34.1
60072,none,65.9,34.1
60074,none,65.9,34.1
60076,none,65.9,34.1
60078,none,65.9,34.1
60080,A,65.9,34.1
60082,A,65.9,34.1
60084,none,65.9,34.1
60086,none,65.9,34.1
60088,none,65.9,34.1
60090,none,65.9,34.1
60092,none,65.9,34.1
60094,A,65.9,34.1
60096,none,65.9,34.1
60098,none,65.9,34.1
60100,none,65.9,34.1
60102,none,65.9,34.1
60104,none,65.9,34.1
60106,none,65.9,34.1
60108,none,65.9,34.1
60110,none,65.9,34.1
60112,none,65.9,34.1
60114,none,65.9,34.1
60116,none,65.9,34.1
60118,none,65.9,34.1
60120,none,65.9,34.1
60122,none,65.9,34.1
60124,none,65.9,34.1
60126,none,65.9,34.1
60128,none,65.9,34.1
60130,none,65.9,34.1
60132,none,65.9,34.1
60134,none,65.9,34.1
60136,none,65.9,34.1
60138,none,65.9,34.1
60140,none,65.9,34.1
60142,none,65.9,34.1
60144,none,65.9,34.1
60146,none,65.9,34.1
60148,none,65.9,34.1
60150,none,65.9,34.1
60152,none,65.9,34.1
60154,none,65.9,34.1
60156,none,65.9,34.1
60158,none,65.9,34.1
60160,none,65.9,34.1
60162,none,65.9,34.1
60164,none,65.9,34.1
60166,none,65.9,34.1
60168,none,65.9,34.1
60170,none,65.9,34.1
60172,none,65.9,34.1
60174,none,65.9,34.1
60176,none,65.9,34.1
60178,none,65.9,34.1
60180,none,65.9,34.1
60182,none,65.9,34.1
60184,none,65.9,34.1
60186,none,65.9,34.1
60188,none,65.9,34.1
60190,none,65.9,34.1
60192,none,65.9,34.1
60194,none,65.9,34.1
60196,none,65.9,34.1
60198,none,65.9,34.1
60200,none,65.9,34.1
60202,none,65.9,34.1
60204,none,65.9,34.1
60206,none,65.9,34.1
60208,A,65.9,34.1
60210,none,65.9,34.1
60212,none,65.9,34.1
60214,none,65.9,34.1
60216,none,65.9,34.1
60218,none,65.9,34.1
60220,none,65.9,34.1
60222,none,65.9,34.1
60224,none,65.9,34.1
60226,none,65.9,34.1
60228,none,65.9,34.1
60230,none,65.9,34.1
60232,none,65.9,34.1
60234,none,65.9,34.1
60236,none,65.9,34.1
60238,none,65.9,34.1
60240,none,65.9,34.1
60242,none,65.9,34.1
60244,none,65.9,34.1
60246,none,65.9,34.1
60248,none,65.9,34.1
60250,none,65.9,34.1
60252,none,65.9,34.1
60254,none,65.9,34.1
60256,none,65.9,34.1
60258,none,65.9,34.1
60260,none,65.9,34.1
60262,none,65.9,34.1
60264,none,65.9,34.1
60266,none,65.9,34.1
60268,none,65.9,34.1
60270,none,65.9,34.1
60272,none,65.9,34.1
60274,none,65.9,34.1
60276,none,65.9,34.1
60278,none,65.9,34.1
60280,none,65.9,34.1
60282,none,65.9,34.1
60284,none,65.9,34.1
60286,none,65.9,34.1
60288,none,65.9,34.1
60290,none,65.9,34.1
60292,none,65.9,34.1
60294,A,65.9,34.1
60296,A,65.9,34.1
60298,A,65.9,34.1
60300,A,65.9,34.1
60302,A,65.9,34.1
60304,A,65.9,34.1
60306,A,66.0,34.0
60308,A,66.0,34.0
60310,A,66.0,34.0
60312,A,66.0,34.0
60314,A,66.0,34.0
60316,A,66.0,34.0
60318,A,66.0,34.0
60320,A,66.0,34.0
60322,A,66.0,34.0
60324,A,66.0,34.0
60326,A,66.1,33.9
60328,A,66.1,33.9
60330,A,66.1,33.9
60332,A,66.1,33.9
60334,A,66.1,33.9
60336,A,66.1,33.9
60338,none,66.1,33.9
60340,none,66.1,33.9
60342,A,66.1,33.9
60344,none,66.1,33.9
60346,none,66.1,33.9
60348,none,66.1,33.9
60350,none,66.1,33.9
60352,none,66.1,33.9
60354,none,66.1,33.9
60356,none,66.1,33.9
60358,none,66.1,33.9
60360,none,66.1,33.9
60362,none,66.1,33.9
60364,none,66.1,33.9
60366,none,66.1,33.9
60368,none,66.1,33.9
60370,none,66.1,33.9
60372,none,66.1,33.9
60374,none,66.1,33.9
60376,none,66.1,33.9
60378,none,66.1,33.9
60380,none,66.1,33.9
60382,none,66.1,33.9
60384,none,66.1,33.9
60386,none,66.1,33.9
60388,none,66.1,33.9
60390,none,66.1,33.9
60392,none,66.1,33.9
60394,none,66.1,33.9
60396,none,66.1,33.9
60398,none,66.1,33.9
60400,none,66.1,33.9
60402,none,66.1,33.9
60404,none,66.1,33.9
60406,none,66.1,33.9
60408,none,66.1,33.9
60410,none,66.1,33.9
60412,none,66.1,33.9
60414,none,66.1,33.9
60416,none,66.1,33.9
60418,none,66.1,33.9
60420,none,66.1,33.9
60422,none,66.1,33.9
60424,none,66.1,33.9
60426,none,66.1,33.9
60428,none,66.1,33.9
60430,none,66.1,33.9
60432,none,66.1,33.9
60434,none,66.1,33.9
60436,none,66.1,33.9
60438,none,66.1,33.9
60440,A,66.1,33.9
60442,none,66.1,33.9
60444,none,66.1,33.9
60446,none,66.1,33.9
60448,none,66.1,33.9
60450,none,66.1,33.9
60452,none,66.1,33.9
60454,none,66.1,33.9
60456,none,66.1,33.9
60458,none,66.1,33.9
60460,none,66.1,33.9
60462,none,66.1,33.9
60464,none,66.1,33.9
60466,none,66.1,33.9
60468,none,66.1,33.9
60470,A,66.1,33.9
60472,none,66.1,33.9
60474,none,66.1,33.9
60476,none,66.1,33.9
60478,none,66.1,33.9
60480,none,66.1,33.9
60482,B,66.1,33.9
60484,none,66.1,33.9
60486,none,66.1,33.9
60488,none,66.1,33.9
60490,none,66.1,33.9
60492,none,66.1,33.9
60494,none,66.1,33.9
60496,none,66.1,33.9
60498,none,66.1,33.9
60500,none,66.1,33.9
60502,none,66.1,33.9
60504,none,66.1,33.9
60506,A,66.1,33.9
60508,A,66.1,33.9
60510,none,66.1,33.9
60512,none,66.1,33.9
60514,none,66.1,33.9
60516,A,66.1,33.9
60518,A,66.2,33.8
60520,none,66.2,33.8
60522,none,66.2,33.8
60524,A,66.2,33.8
60526,A,66.2,33.8
60528,A,66.2,33.8
60530,A,66.2,33.8
60532,A,66.2,33.8
60534,A,66.2,33.8
60536,A,66.2,33.8
60538,none,66.2,33.8
60540,none,66.2,33.8
60542,none,66.2,33.8
60544,A,66.2,33.8
60546,none,66.2,33.8
60548,none,66.2,33.8
60550,A,66.2,33.8
60552,A,66.2,33.8
60554,A,66.3,33.7
60556,none,66.3,33.7
60558,A,66.3,33.7
60560,A,66.3,33.7
60562,A,66.3,33.7
60564,A,66.3,33.7
60566,none,66.3,33.7
60568,none,66.3,33.7
60570,none,66.3,33.7
60572,none,66.3,33.7
60574,A,66.3,33.7
60576,none,66.3,33.7
60578,none,66.3,33.7
60580,none,66.3,33.7
60582,none,66.3,33.7
60584,none,66.3,33.7
60586,none,66.3,33.7
60588,none,66.3,33.7
60590,none,66.3,33.7
60592,none,66.3,33.7
60594,none,66.3,33.7
60596,none,66.3,33.7
60598,none,66.3,33.7
60600,none,66.3,33.7
60602,none,66.3,33.7
60604,none,66.3,33.7
60606,none,66.3,33.7
60608,none,66.3,33.7
60610,none,66.3,33.7
60612,none,66.3,33.7
60614,none,66.3,33.7
60616,none,66.3,33.7
60618,none,66.3,33.7
60620,none,66.3,33.7
60622,none,66.3,33.7
60624,none,66.3,33.7
60626,none,66.3,33.7
60628,none,66.3,33.7
60630,none,66.3,33.7
60632,none,66.3,33.7
60634,none,66.3,33.7
60636,none,66.3,33.7
60638,none,66.3,33.7
60640,none,66.3,33.7
60642,none,66.3,33.7
60644,none,66.3,33.7
60646,none,66.3,33.7
60648,none,66.3,33.7
60650,none,66.3,33.7
60652,none,66.3,33.7
60654,none,66.3,33.7
60656,none,66.3,33.7
60658,none,66.3,33.7
60660,none,66.3,33.7
60662,none,66.3,33.7
60664,none,66.3,33.7
60666,none,66.3,33.7
60668,none,66.3,33.7
60670,none,66.3,33.7
60672,none,66.3,33.7
60674,none,66.3,33.7
60676,none,66.3,33.7
60678,none,66.3,33.7
60680,none,66.3,33.7
60682,none,66.3,33.7
60684,none,66.3,33.7
60686,none,66.3,33.7
60688,none,66.3,33.7
60690,none,66.3,33.7
60692,none,66.3,33.7
60694,none,66.3,33.7
60696,none,66.3,33.7
60698,none,66.3,33.7
60700,none,66.3,33.7
60702,none,66.3,33.7
60704,none,66.3,33.7
60706,none,66.3,33.7
60708,none,66.3,33.7
60710,none,66.3,33.7
60712,A,66.3,33.7
60714,none,66.3,33.7
60716,A,66.3,33.7
60718,none,66.3,33.7
60720,none,66.3,33.7
60722,A,66.3,33.7
60724,none,66.3,33.7
60726,A,66.3,33.7
60728,A,66.3,33.7
60730,A,66.4,33.6
60732,A,66.4,33.6
60734,none,66.4,33.6
60736,A,66.4,33.6
60738,A,66.4,33.6
60740,A,66.4,33.6
60742,A,66.4,33.6
60744,A,66.4,33.6
60746,A,66.4,33.6
60748,A,66.4,33.6
60750,A,66.4,33.6
60752,A,66.5,33.5
60754,A,66.5,33.5
60756,A,66.5,33.5
60758,none,66.5,33.5
60760,none,66.5,33.5
60762,A,66.5,33.5
60764,A,66.5,33.5
60766,none,66.5,33.5
60768,A,66.5,33.5
60770,A,66.5,33.5
60772,A,66.5,33.5
60774,A,66.5,33.5
60776,A,66.5,33.5
60778,A,66.5,33.5
60780,none,66.5,33.5
60782,none,66.5,33.5
60784,A,66.6,33.4
60786,A,66.6,33.4
60788,A,66.6,33.4
60790,A,66.6,33.4
60792,A,66.6,33.4
60794,A,66.6,33.4
60796,A,66.6,33.4
60798,A,66.6,33.4
60800,none,66.6,33.4
60802,none,66.6,33.4
60804,A,66.6,33.4
60806,A,66.6,33.4
60808,A,66.6,33.4
60810,A,66.7,33.3
60812,A,66.7,33.3
60814,A,66.7,33.3
60816,none,66.7,33.3
60818,A,66.7,33.3
60820,A,66.7,33.3
60822,A,66.7,33.3
60824,none,66.7,33.3
60826,none,66.7,33.3
60828,A,66.7,33.3
60830,A,66.7,33.3
60832,A,66.7,33.3
60834,none,66.7,33.3
60836,none,66.7,33.3
60838,none,66.7,33.3
60840,none,66.7,33.3
60842,none,66.7,33.3
60844,none,66.7,33.3
60846,none,66.7,33.3
60848,none,66.7,33.3
60850,none,66.7,33.3
60852,none,66.7,33.3
60854,none,66.7,33.3
60856,none,66.7,33.3
60858,none,66.7,33.3
60860,none,66.7,33.3
60862,none,66.7,33.3
60864,none,66.7,33.3
60866,none,66.7,33.3
60868,none,66.7,33.3
60870,none,66.7,33.3
60872,none,66.7,33.3
60874,none,66.7,33.3
60876,none,66.7,33.3
60878,none,66.7,33.3
60880,none,66.7,33.3
60882,none,66.7,33.3
60884,none,66.7,33.3
60886,none,66.7,33.3
60888,none,66.7,33.3
60890,none,66.7,33.3
60892,none,66.7,33.3
60894,none,66.7,33.3
60896,none,66.7,33.3
60898,none,66.7,33.3
60900,none,66.7,33.3
60902,none,66.7,33.3
60904,none,66.7,33.3
60906,none,66.7,33.3
60908,none,66.7,33.3
60910,none,66.7,33.3
60912,none,66.7,33.3
60914,none,66.7,33.3
60916,none,66.7,33.3
60918,none,66.7,33.3
60920,none,66.7,33.3
60922,none,66.7,33.3
60924,A,66.7,33.3
60926,A,66.7,33.3
60928,A,66.8,33.2
60930,A,66.8,33.2
60932,A,66.8,33.2
60934,A,66.8,33.2
60936,A,66.8,33.2
60938,A,66.8,33.2
60940,A,66.8,33.2
60942,A,66.8,33.2
60944,A,66.8,33.2
60946,A,66.8,33.2
60948,A,66.9,33.1
60950,A,66.9,33.1
60952,none,66.9,33.1
60954,A,66.9,33.1
60956,A,66.9,33.1
60958,A,66.9,33.1
60960,A,66.9,33.1
60962,A,66.9,33.1
60964,A,66.9,33.1
60966,A,66.9,33.1
60968,A,66.9,33.1
60970,A,66.9,33.1
60972,A,67.0,33.0
60974,none,67.0,33.0
60976,none,67.0,33.0
60978,A,67.0,33.0
60980,A,67.0,33.0
60982,A,67.0,33.0
60984,A,67.0,33.0
60986,none,67.0,33.0
60988,A,67.0,33.0
60990,A,67.0,33.0
60992,A,67.0,33.0
60994,A,67.0,33.0
60996,A,67.0,33.0
60998,A,67.0,33.0
61000,A,67.1,32.9
61002,A,67.1,32.9
61004,A,67.1,32.9
61006,A,67.1,32.9
61008,A,67.1,32.9
61010,A,67.1,32.9
61012,none,67.1,32.9
61014,none,67.1,32.9
61016,none,67.1,32.9
61018,none,67.1,32.9
61020,A,67.1,32.9
61022,A,67.1,32.9
61024,none,67.1,32.9
61026,none,67.1,32.9
61028,none,67.1,32.9
61030,none,67.1,32.9
61032,none,67.1,32.9
61034,B,67.1,32.9
61036,B,67.1,32.9
61038,none,67.1,32.9
61040,none,67.1,32.9
61042,none,67.1,32.9
61044,none,67.1,32.9
61046,A,67.1,32.9
61048,A,67.1,32.9
61050,A,67.1,32.9
61052,A,67.1,32.9
61054,A,67.1,32.9
61056,none,67.1,32.9
61058,A,67.1,32.9
61060,A,67.1,32.9
61062,A,67.1,32.9
61064,A,67.2,32.8
61066,A,67.2,32.8
61068,A,67.2,32.8
61070,A,67.2,32.8
61072,none,67.2,32.8
61074,A,67.2,32.8
61076,B,67.2,32.8
61078,B,67.2,32.8
61080,none,67.2,32.8
61082,none,67.2,32.8
61084,B,67.1,32.9
61086,B,67.1,32.9
61088,none,67.1,32.9
61090,B,67.1,32.9
61092,B,67.1,32.9
61094,A,67.1,32.9
61096,none,67.1,32.9
61098,none,67.1,32.9
61100,none,67.1,32.9
61102,none,67.1,32.9
61104,none,67.1,32.9
61106,none,67.1,32.9
61108,none,67.1,32.9
61110,none,67.1,32.9
61112,none,67.1,32.9
61114,none,67.1,32.9
61116,none,67.1,32.9
61118,none,67.1,32.9
61120,none,67.1,32.9
61122,none,67.1,32.9
61124,none,67.1,32.9
61126,none,67.1,32.9
61128,none,67.1,32.9
61130,none,67.1,32.9
61132,none,67.1,32.9
61134,none,67.1,32.9
61136,none,67.1,32.9
61138,none,67.1,32.9
61140,none,67.1,32.9
61142,B,67.1,32.9
61144,A,67.1,32.9
61146,A,67.1,32.9
61148,B,67.1,32.9
61150,A,67.1,32.9
61152,A,67.1,32.9
61154,none,67.1,32.9
61156,none,67.1,32.9
61158,none,67.1,32.9
61160,none,67.1,32.9
61162,none,67.1,32.9
61164,none,67.1,32.9
61166,none,67.1,32.9
61168,none,67.1,32.9
61170,none,67.1,32.9
61172,none,67.1,32.9
61174,none,67.1,32.9
61176,none,67.1,32.9
61178,none,67.1,32.9
61180,none,67.1,32.9
61182,none,67.1,32.9
61184,none,67.1,32.9
61186,none,67.1,32.9
61188,none,67.1,32.9
61190,none,67.1,32.9
61192,none,67.1,32.9
61194,none,67.1,32.9
61196,none,67.1,32.9
61198,none,67.1,32.9
61200,none,67.1,32.9
61202,none,67.1,32.9
61204,none,67.1,32.9
61206,none,67.1,32.9
61208,none,67.1,32.9
61210,none,67.1,32.9
61212,none,67.1,32.9
61214,B,67.1,32.9
61216,none,67.1,32.9
61218,none,67.1,32.9
61220,none,67.1,32.9
61222,none,67.1,32.9
61224,B,67.1,32.9
61226,B,67.0,33.0
61228,B,67.0,33.0
61230,B,67.0,33.0
61232,none,67.0,33.0
61234,none,67.0,33.0
61236,none,67.0,33.0
61238,none,67.0,33.0
61240,A,67.0,33.0
61242,none,67.0,33.0
61244,none,67.0,33.0
61246,none,67.0,33.0
61248,none,67.0,33.0
61250,B,67.0,33.0
61252,B,67.0,33.0
61254,none,67.0,33.0
61256,none,67.0,33.0
61258,none,67.0,33.0
61260,none,67.0,33.0
61262,none,67.0,33.0
61264,none,67.0,33.0
61266,none,67.0,33.0
61268,none,67.0,33.0
61270,B,67.0,33.0
61272,none,67.0,33.0
61274,none,67.0,33.0
61276,none,67.0,33.0
61278,none,67.0,33.0
61280,none,67.0,33.0
61282,B,66.9,33.1
61284,B,66.9,33.1
61286,none,66.9,33.1
61288,none,66.9,33.1
61290,none,66.9,33.1
61292,none,66.9,33.1
61294,B,66.9,33.1
61296,B,66.9,33.1
61298,none,66.9,33.1
61300,none,66.9,33.1
61302,none,66.9,33.1
61304,none,66.9,33.1
61306,none,66.9,33.1
61308,none,66.9,33.1
61310,none,66.9,33.1
61312,none,66.9,33.1
61314,none,66.9,33.1
61316,none,66.9,33.1
61318,none,66.9,33.1
61320,none,66.9,33.1
61322,none,66.9,33.1
61324,none,66.9,33.1
61326,none,66.9,33.1
61328,none,66.9,33.1
61330,none,66.9,33.1
61332,none,66.9,33.1
61334,none,66.9,33.1
61336,none,66.9,33.1
61338,none,66.9,33.1
61340,none,66.9,33.1
61342,none,66.9,33.1
61344,none,66.9,33.1
61346,none,66.9,33.1
61348,none,66.9,33.1
61350,none,66.9,33.1
61352,none,66.9,33.1
61354,none,66.9,33.1
61356,none,66.9,33.1
61358,none,66.9,33.1
61360,none,66.9,33.1
61362,none,66.9,33.1
61364,none,66.9,33.1
61366,none,66.9,33.1
61368,none,66.9,33.1
61370,none,66.9,33.1
61372,none,66.9,33.1
61374,none,66.9,33.1
61376,none,66.9,33.1
61378,none,66.9,33.1
61380,none,66.9,33.1
61382,none,66.9,33.1
61384,none,66.9,33.1
61386,none,66.9,33.1
61388,none,66.9,33.1
61390,none,66.9,33.1
61392,none,66.9,33.1
61394,none,66.9,33.1
61396,none,66.9,33.1
61398,none,66.9,33.1
61400,none,66.9,33.1
61402,none,66.9,33.1
61404,none,66.9,33.1
61406,none,66.9,33.1
61408,none,66.9,33.1
61410,none,66.9,33.1
61412,none,66.9,33.1
61414,none,66.9,33.1
61416,none,66.9,33.1
61418,none,66.9,33.1
61420,none,66.9,33.1
61422,none,66.9,33.1
61424,none,66.9,33.1
61426,none,66.9,33.1
61428,none,66.9,33.1
61430,none,66.9,33.1
61432,none,66.9,33.1
61434,none,66.9,33.1
61436,none,66.9,33.1
61438,none,66.9,33.1
61440,none,66.9,33.1
61442,none,66.9,33.1
61444,none,66.9,33.1
61446,none,66.9,33.1
61448,none,66.9,33.1
61450,none,66.9,33.1
61452,none,66.9,33.1
61454,none,66.9,33.1
61456,none,66.9,33.1
61458,none,66.9,33.1
61460,none,66.9,33.1
61462,none,66.9,33.1
61464,none,66.9,33.1
61466,none,66.9,33.1
61468,none,66.9,33.1
61470,none,66.9,33.1
61472,none,66.9,33.1
61474,none,66.9,33.1
61476,none,66.9,33.1
61478,none,66.9,33.1
61480,none,66.9,33.1
61482,none,66.9,33.1
61484,none,66.9,33.1
61486,none,66.9,33.1
61488,none,66.9,33.1
61490,none,66.9,33.1
61492,none,66.9,33.1
61494,none,66.9,33.1
61496,none,66.9,33.1
61498,none,66.9,33.1
61500,none,66.9,33.1
61502,none,66.9,33.1
61504,none,66.9,33.1
61506,none,66.9,33.1
61508,none,66.9,33.1
61510,none,66.9,33.1
61512,none,66.9,33.1
61514,none,66.9,33.1
61516,none,66.9,33.1
61518,none,66.9,33.1
61520,none,66.9,33.1
61522,none,66.9,33.1
61524,none,66.9,33.1
61526,none,66.9,33.1
61528,none,66.9,33.1
61530,none,66.9,33.1
61532,none,66.9,33.1
61534,none,66.9,33.1
61536,none,66.9,33.1
61538,none,66.9,33.1
61540,none,66.9,33.1
61542,none,66.9,33.1
61544,none,66.9,33.1
61546,none,66.9,33.1
61548,none,66.9,33.1
61550,B,66.9,33.1
61552,B,66.8,33.2
61554,B,66.8,33.2
61556,B,66.8,33.2
61558,none,66.8,33.2
61560,none,66.8,33.2
61562,none,66.8,33.2
61564,none,66.8,33.2
61566,none,66.8,33.2
61568,none,66.8,33.2
61570,none,66.8,33.2
61572,none,66.8,33.2
61574,none,66.8,33.2
61576,none,66.8,33.2
61578,none,66.8,33.2
61580,none,66.8,33.2
61582,none,66.8,33.2
61584,none,66.8,33.2
61586,none,66.8,33.2
61588,none,66.8,33.2
61590,none,66.8,33.2
61592,none,66.8,33.2
61594,none,66.8,33.2
61596,none,66.8,33.2
61598,none,66.8,33.2
61600,none,66.8,33.2
61602,none,66.8,33.2
61604,none,66.8,33.2
61606,none,66.8,33.2
61608,none,66.8,33.2
61610,none,66.8,33.2
61612,none,66.8,33.2
61614,none,66.8,33.2
61616,none,66.8,33.2
61618,none,66.8,33.2
61620,none,66.8,33.2
61622,none,66.8,33.2
61624,none,66.8,33.2
61626,none,66.8,33.2
61628,none,66.8,33.2
61630,none,66.8,33.2
61632,none,66.8,33.2
61634,none,66.8,33.2
61636,none,66.8,33.2
61638,none,66.8,33.2
61640,none,66.8,33.2
61642,none,66.8,33.2
61644,none,66.8,33.2
61646,none,66.8,33.2
61648,none,66.8,33.2
61650,none,66.8,33.2
61652,none,66.8,33.2
61654,none,66.8,33.2
61656,none,66.8,33.2
61658,none,66.8,33.2
61660,none,66.8,33.2
61662,none,66.8,33.2
61664,none,66.8,33.2
61666,none,66.8,33.2
61668,none,66.8,33.2
61670,none,66.8,33.2
61672,none,66.8,33.2
61674,none,66.8,33.2
61676,none,66.8,33.2
61678,none,66.8,33.2
61680,none,66.8,33.2
61682,none,66.8,33.2
61684,none,66.8,33.2
61686,none,66.8,33.2
61688,none,66.8,33.2
61690,none,66.8,33.2
61692,none,66.8,33.2
61694,none,66.8,33.2
61696,none,66.8,33.2
61698,none,66.8,33.2
61700,none,66.8,33.2
61702,none,66.8,33.2
61704,none,66.8,33.2
61706,none,66.8,33.2
61708,none,66.8,33.2
61710,none,66.8,33.2
61712,none,66.8,33.2
61714,none,66.8,33.2
61716,none,66.8,33.2
61718,none,66.8,33.2
61720,none,66.8,33.2
61722,none,66.8,33.2
61724,none,66.8,33.2
61726,none,66.8,33.2
61728,A,66.8,33.2
61730,none,66.8,33.2
61732,none,66.8,33.2
61734,none,66.8,33.2
61736,none,66.8,33.2
61738,none,66.8,33.2
61740,none,66.8,33.2
61742,none,66.8,33.2
61744,none,66.8,33.2
61746,none,66.8,33.2
61748,none,66.8,33.2
61750,none,66.8,33.2
61752,none,66.8,33.2
61754,none,66.8,33.2
61756,none,66.8,33.2
61758,none,66.8,33.2
61760,none,66.8,33.2
61762,none,66.8,33.2
61764,none,66.8,33.2
61766,none,66.8,33.2
61768,none,66.8,33.2
61770,none,66.8,33.2
61772,none,66.8,33.2
61774,none,66.8,33.2
61776,none,66.8,33.2
61778,none,66.8,33.2
61780,none,66.8,33.2
61782,none,66.8,33.2
61784,none,66.8,33.2
61786,none,66.8,33.2
61788,none,66.8,33.2
61790,none,66.8,33.2
61792,none,66.8,33.2
61794,none,66.8,33.2
61796,none,66.8,33.2
61798,none,66.8,33.2
61800,none,66.8,33.2
61802,none,66.8,33.2
61804,none,66.8,33.2
61806,none,66.8,33.2
61808,none,66.8,33.2
61810,none,66.8,33.2
61812,none,66.8,33.2
61814,none,66.8,33.2
61816,none,66.8,33.2
61818,none,66.8,33.2
61820,none,66.8,33.2
61822,none,66.8,33.2
61824,none,66.8,33.2
61826,none,66.8,33.2
61828,none,66.8,33.2
61830,none,66.8,33.2
61832,none,66.8,33.2
61834,none,66.8,33.2
61836,none,66.8,33.2
61838,none,66.8,33.2
61840,none,66.8,33.2
61842,none,66.8,33.2
61844,none,66.8,33.2
61846,none,66.8,33.2
61848,none,66.8,33.2
61850,none,66.8,33.2
61852,none,66.8,33.2
61854,none,66.8,33.2
61856,none,66.8,33.2
61858,none,66.8,33.2
61860,none,66.8,33.2
61862,none,66.8,33.2
61864,none,66.8,33.2
61866,none,66.8,33.2
61868,none,66.8,33.2
61870,none,66.8,33.2
61872,none,66.8,33.2
61874,none,66.8,33.2
61876,none,66.8,33.2
61878,none,66.8,33.2
61880,none,66.8,33.2
61882,none,66.8,33.2
61884,none,66.8,33.2
61886,none,66.8,33.2
61888,none,66.8,33.2
61890,none,66.8,33.2
61892,none,66.8,33.2
61894,none,66.8,33.2
61896,none,66.8,33.2
61898,A,66.8,33.2
61900,none,66.8,33.2
61902,none,66.8,33.2
61904,none,66.8,33.2
61906,none,66.8,33.2
61908,none,66.8,33.2
61910,none,66.8,33.2
61912,none,66.8,33.2
61914,none,66.8,33.2
61916,none,66.8,33.2
61918,none,66.8,33.2
61920,none,66.8,33.2
61922,none,66.8,33.2
61924,none,66.8,33.2
61926,none,66.8,33.2
61928,none,66.8,33.2
61930,none,66.8,33.2
61932,none,66.8,33.2
61934,none,66.8,33.2
61936,none,66.8,33.2
61938,none,66.8,33.2
61940,none,66.8,33.2
61942,none,66.8,33.2
61944,none,66.8,33.2
61946,none,66.8,33.2
61948,none,66.8,33.2
61950,none,66.8,33.2
61952,none,66.8,33.2
61954,none,66.8,33.2
61956,none,66.8,33.2
61958,none,66.8,33.2
61960,none,66.8,33.2
61962,none,66.8,33.2
61964,none,66.8,33.2
61966,none,66.8,33.2
61968,none,66.8,33.2
61970,none,66.8,33.2
61972,none,66.8,33.2
61974,none,66.8,33.2
61976,none,66.8,33.2
61978,none,66.8,33.2
61980,none,66.8,33.2
61982,none,66.8,33.2
61984,none,66.8,33.2
61986,none,66.8,33.2
61988,none,66.8,33.2
61990,none,66.8,33.2
61992,none,66.8,33.2
61994,none,66.8,33.2
61996,none,66.8,33.2
61998,none,66.8,33.2
62000,A,66.8,33.2
62002,A,66.8,33.2
62004,A,66.9,33.1
62006,A,66.9,33.1
62008,none,66.9,33.1
62010,none,66.9,33.1
62012,none,66.9,33.1
62014,none,66.9,33.1
62016,none,66.9,33.1
62018,none,66.9,33.1
62020,none,66.9,33.1
62022,none,66.9,33.1
62024,none,66.9,33.1
62026,none,66.9,33.1
62028,none,66.9,33.1
62030,none,66.9,33.1
62032,none,66.9,33.1
62034,none,66.9,33.1
62036,none,66.9,33.1
62038,none,66.9,33.1
62040,none,66.9,33.1
62042,none,66.9,33.1
62044,none,66.9,33.1
62046,none,66.9,33.1
62048,none,66.9,33.1
62050,none,66.9,33.1
62052,none,66.9,33.1
62054,none,66.9,33.1
62056,none,66.9,33.1
62058,none,66.9,33.1
62060,none,66.9,33.1
62062,none,66.9,33.1
62064,none,66.9,33.1
62066,none,66.9,33.1
62068,none,66.9,33.1
62070,none,66.9,33.1
62072,none,66.9,33.1
62074,none,66.9,33.1
62076,none,66.9,33.1
62078,none,66.9,33.1
62080,none,66.9,33.1
62082,none,66.9,33.1
62084,none,66.9,33.1
62086,none,66.9,33.1
62088,none,66.9,33.1
62090,none,66.9,33.1
62092,none,66.9,33.1
62094,none,66.9,33.1
62096,none,66.9,33.1
62098,none,66.9,33.1
62100,none,66.9,33.1
62102,none,66.9,33.1
62104,none,66.9,33.1
62106,none,66.9,33.1
62108,none,66.9,33.1
62110,none,66.9,33.1
62112,none,66.9,33.1
62114,none,66.9,33.1
62116,none,66.9,33.1
62118,none,66.9,33.1
62120,none,66.9,33.1
62122,none,66.9,33.1
62124,none,66.9,33.1
62126,none,66.9,33.1
62128,none,66.9,33.1
62130,none,66.9,33.1
62132,none,66.9,33.1
62134,none,66.9,33.1
62136,none,66.9,33.1
62138,none,66.9,33.1
62140,none,66.9,33.1
62142,none,66.9,33.1
62144,none,66.9,33.1
62146,none,66.9,33.1
62148,none,66.9,33.1
62150,none,66.9,33.1
62152,none,66.9,33.1
62154,none,66.9,33.1
62156,none,66.9,33.1
62158,none,66.9,33.1
62160,none,66.9,33.1
62162,none,66.9,33.1
62164,none,66.9,33.1
62166,none,66.9,33.1
62168,none,66.9,33.1
62170,none,66.9,33.1
62172,none,66.9,33.1
62174,none,66.9,33.1
62176,none,66.9,33.1
62178,none,66.9,33.1
62180,none,66.9,33.1
62182,none,66.9,33.1
62184,none,66.9,33.1
62186,none,66.9,33.1
62188,none,66.9,33.1
62190,none,66.9,33.1
62192,none,66.9,33.1
62194,none,66.9,33.1
62196,none,66.9,33.1
62198,none,66.9,33.1
62200,none,66.9,33.1
62202,none,66.9,33.1
62204,none,66.9,33.1
62206,none,66.9,33.1
62208,none,66.9,33.1
62210,none,66.9,33.1
62212,none,66.9,33.1
62214,none,66.9,33.1
62216,none,66.9,33.1
62218,none,66.9,33.1
62220,none,66.9,33.1
62222,none,66.9,33.1
62224,none,66.9,33.1
62226,none,66.9,33.1
62228,none,66.9,33.1
62230,none,66.9,33.1
62232,none,66.9,33.1
62234,none,66.9,33.1
62236,none,66.9,33.1
62238,none,66.9,33.1
62240,none,66.9,33.1
62242,none,66.9,33.1
62244,none,66.9,33.1
62246,none,66.9,33.1
62248,none,66.9,33.1
62250,none,66.9,33.1
62252,none,66.9,33.1
62254,none,66.9,33.1
62256,none,66.9,33.1
62258,none,66.9,33.1
62260,none,66.9,33.1
62262,none,66.9,33.1
62264,none,66.9,33.1
62266,none,66.9,33.1
62268,none,66.9,33.1
62270,none,66.9,33.1
62272,none,66.9,33.1
62274,none,66.9,33.1
62276,none,66.9,33.1
62278,none,66.9,33.1
62280,none,66.9,33.1
62282,none,66.9,33.1
62284,none,66.9,33.1
62286,none,66.9,33.1
62288,none,66.9,33.1
62290,none,66.9,33.1
62292,none,66.9,33.1
62294,none,66.9,33.1
62296,none,66.9,33.1
62298,none,66.9,33.1
62300,none,66.9,33.1
62302,none,66.9,33.1
62304,none,66.9,33.1
62306,none,66.9,33.1
62308,none,66.9,33.1
62310,none,66.9,33.1
62312,none,66.9,33.1
62314,none,66.9,33.1
62316,none,66.9,33.1
62318,none,66.9,33.1
62320,none,66.9,33.1
62322,none,66.9,33.1
62324,none,66.9,33.1
62326,none,66.9,33.1
62328,none,66.9,33.1
62330,none,66.9,33.1
62332,none,66.9,33.1
62334,none,66.9,33.1
62336,none,66.9,33.1
62338,none,66.9,33.1
62340,none,66.9,33.1
62342,none,66.9,33.1
62344,none,66.9,33.1
62346,none,66.9,33.1
62348,none,66.9,33.1
62350,none,66.9,33.1
62352,none,66.9,33.1
62354,none,66.9,33.1
62356,none,66.9,33.1
62358,none,66.9,33.1
62360,none,66.9,33.1
62362,none,66.9,33.1
62364,none,66.9,33.1
62366,none,66.9,33.1
62368,none,66.9,33.1
62370,none,66.9,33.1
62372,none,66.9,33.1
62374,none,66.9,33.1
62376,none,66.9,33.1
62378,none,66.9,33.1
62380,none,66.9,33.1
62382,none,66.9,33.1
62384,none,66.9,33.1
62386,none,66.9,33.1
62388,none,66.9,33.1
62390,none,66.9,33.1
62392,none,66.9,33.1
62394,none,66.9,33.1
62396,none,66.9,33.1
62398,none,66.9,33.1
62400,none,66.9,33.1
62402,none,66.9,33.1
62404,none,66.9,33.1
62406,none,66.9,33.1
62408,none,66.9,33.1
62410,none,66.9,33.1
62412,none,66.9,33.1
62414,none,66.9,33.1
62416,none,66.9,33.1
62418,none,66.9,33.1
62420,none,66.9,33.1
62422,none,66.9,33.1
62424,none,66.9,33.1
62426,none,66.9,33.1
62428,none,66.9,33.1
62430,none,66.9,33.1
62432,none,66.9,33.1
62434,none,66.9,33.1
62436,none,66.9,33.1
62438,none,66.9,33.1
62440,none,66.9,33.1
62442,none,66.9,33.1
62444,none,66.9,33.1
62446,none,66.9,33.1
62448,none,66.9,33.1
62450,none,66.9,33.1
62452,A,66.9,33.1
62454,A,66.9,33.1
62456,A,66.9,33.1
62458,A,66.9,33.1
62460,A,66.9,33.1
62462,A,66.9,33.1
62464,A,66.9,33.1
62466,A,66.9,33.1
62468,none,66.9,33.1
62470,none,66.9,33.1
62472,none,66.9,33.1
62474,none,66.9,33.1
62476,none,66.9,33.1
62478,none,66.9,33.1
62480,none,66.9,33.1
62482,none,66.9,33.1
62484,none,66.9,33.1
62486,none,66.9,33.1
62488,none,66.9,33.1
62490,none,66.9,33.1
62492,none,66.9,33.1
62494,none,66.9,33.1
62496,none,66.9,33.1
62498,none,66.9,33.1
62500,none,66.9,33.1
62502,none,66.9,33.1
62504,none,66.9,33.1
62506,none,66.9,33.1
62508,none,66.9,33.1
62510,none,66.9,33.1
62512,none,66.9,33.1
62514,none,66.9,33.1
62516,none,66.9,33.1
62518,none,66.9,33.1
62520,none,66.9,33.1
62522,none,66.9,33.1
62524,none,66.9,33.1
62526,none,66.9,33.1
62528,none,66.9,33.1
62530,none,66.9,33.1
62532,none,66.9,33.1
62534,none,66.9,33.1
62536,none,66.9,33.1
62538,none,66.9,33.1
62540,none,66.9,33.1
62542,none,66.9,33.1
62544,none,66.9,33.1
62546,none,66.9,33.1
62548,none,66.9,33.1
62550,none,66.9,33.1
62552,none,66.9,33.1
62554,none,66.9,33.1
62556,none,66.9,33.1
62558,A,66.9,33.1
62560,none,66.9,33.1
62562,none,66.9,33.1
62564,none,66.9,33.1
62566,none,66.9,33.1
62568,none,66.9,33.1
62570,none,66.9,33.1
62572,none,66.9,33.1
62574,none,66.9,33.1
62576,none,66.9,33.1
62578,none,66.9,33.1
62580,none,66.9,33.1
62582,none,66.9,33.1
62584,none,66.9,33.1
62586,none,66.9,33.1
62588,none,66.9,33.1
62590,none,66.9,33.1
62592,none,66.9,33.1
62594,none,66.9,33.1
62596,none,66.9,33.1
62598,none,66.9,33.1
62600,none,66.9,33.1
62602,none,66.9,33.1
62604,none,66.9,33.1
62606,none,66.9,33.1
62608,none,66.9,33.1
62610,none,66.9,33.1
62612,none,66.9,33.1
62614,none,66.9,33.1
62616,none,66.9,33.1
62618,none,66.9,33.1
62620,none,66.9,33.1
62622,none,66.9,33.1
62624,none,66.9,33.1
62626,none,66.9,33.1
62628,none,66.9,33.1
62630,none,66.9,33.1
62632,none,66.9,33.1
62634,none,66.9,33.1
62636,none,66.9,33.1
62638,none,66.9,33.1
62640,none,66.9,33.1
62642,none,66.9,33.1
62644,none,66.9,33.1
62646,none,66.9,33.1
62648,none,66.9,33.1
62650,none,66.9,33.1
62652,none,66.9,33.1
62654,none,66.9,33.1
62656,none,66.9,33.1
62658,none,66.9,33.1
62660,none,66.9,33.1
62662,none,66.9,33.1
62664,none,66.9,33.1
62666,none,66.9,33.1
62668,none,66.9,33.1
62670,none,66.9,33.1
62672,none,66.9,33.1
62674,none,66.9,33.1
62676,none,66.9,33.1
62678,none,66.9,33.1
62680,none,66.9,33.1
62682,none,66.9,33.1
62684,none,66.9,33.1
62686,none,66.9,33.1
62688,none,66.9,33.1
62690,none,66.9,33.1
62692,none,66.9,33.1
62694,none,66.9,33.1
62696,none,66.9,33.1
62698,none,66.9,33.1
62700,none,66.9,33.1
62702,none,66.9,33.1
62704,none,66.9,33.1
62706,none,66.9,33.1
62708,none,66.9,33.1
62710,none,66.9,33.1
62712,B,66.9,33.1
62714,none,66.9,33.1
62716,none,66.9,33.1
62718,none,66.9,33.1
62720,none,66.9,33.1
62722,none,66.9,33.1
62724,none,66.9,33.1
62726,none,66.9,33.1
62728,none,66.9,33.1
62730,none,66.9,33.1
62732,none,66.9,33.1
62734,none,66.9,33.1
62736,none,66.9,33.1
62738,none,66.9,33.1
62740,none,66.9,33.1
62742,none,66.9,33.1
62744,none,66.9,33.1
62746,none,66.9,33.1
62748,none,66.9,33.1
62750,none,66.9,33.1
62752,none,66.9,33.1
62754,none,66.9,33.1
62756,none,66.9,33.1
62758,none,66.9,33.1
62760,none,66.9,33.1
62762,none,66.9,33.1
62764,none,66.9,33.1
62766,none,66.9,33.1
62768,none,66.9,33.1
62770,none,66.9,33.1
62772,none,66.9,33.1
62774,none,66.9,33.1
62776,none,66.9,33.1
62778,none,66.9,33.1
62780,none,66.9,33.1
62782,none,66.9,33.1
62784,none,66.9,33.1
62786,none,66.9,33.1
62788,none,66.9,33.1
62790,none,66.9,33.1
62792,none,66.9,33.1
62794,none,66.9,33.1
62796,none,66.9,33.1
62798,none,66.9,33.1
62800,none,66.9,33.1
62802,none,66.9,33.1
62804,none,66.9,33.1
62806,none,66.9,33.1
62808,none,66.9,33.1
62810,none,66.9,33.1
62812,none,66.9,33.1
62814,none,66.9,33.1
62816,none,66.9,33.1
62818,none,66.9,33.1
62820,none,66.9,33.1
62822,none,66.9,33.1
62824,none,66.9,33.1
62826,none,66.9,33.1
62828,none,66.9,33.1
62830,none,66.9,33.1
62832,none,66.9,33.1
62834,none,66.9,33.1
62836,none,66.9,33.1
62838,none,66.9,33.1
62840,none,66.9,33.1
62842,none,66.9,33.1
62844,none,66.9,33.1
62846,none,66.9,33.1
62848,none,66.9,33.1
62850,none,66.9,33.1
62852,none,66.9,33.1
62854,none,66.9,33.1
62856,B,66.9,33.1
62858,none,66.9,33.1
62860,none,66.9,33.1
62862,none,66.9,33.1
62864,none,66.9,33.1
62866,none,66.9,33.1
62868,none,66.9,33.1
62870,none,66.9,33.1
62872,none,66.9,33.1
62874,none,66.9,33.1
62876,none,66.9,33.1
62878,none,66.9,33.1
62880,none,66.9,33.1
62882,none,66.9,33.1
62884,none,66.9,33.1
62886,none,66.9,33.1
62888,none,66.9,33.1
62890,none,66.9,33.1
62892,none,66.9,33.1
62894,none,66.9,33.1
62896,none,66.9,33.1
62898,none,66.9,33.1
62900,none,66.9,33.1
62902,A,66.9,33.1
62904,A,66.9,33.1
62906,A,66.9,33.1
62908,A,66.9,33.1
62910,none,66.9,33.1
62912,none,66.9,33.1
62914,none,66.9,33.1
62916,none,66.9,33.1
62918,none,66.9,33.1
62920,A,67.0,33.0
62922,none,67.0,33.0
62924,none,67.0,33.0
62926,none,67.0,33.0
62928,A,67.0,33.0
62930,A,67.0,33.0
62932,A,67.0,33.0
62934,A,67.0,33.0
62936,none,67.0,33.0
62938,none,67.0,33.0
62940,A,67.0,33.0
62942,none,67.0,33.0
62944,A,67.0,33.0
62946,none,67.0,33.0
62948,none,67.0,33.0
62950,none,67.0,33.0
62952,none,67.0,33.0
62954,none,67.0,33.0
62956,none,67.0,33.0
62958,none,67.0,33.0
62960,none,67.0,33.0
62962,none,67.0,33.0
62964,none,67.0,33.0
62966,none,67.0,33.0
62968,none,67.0,33.0
62970,none,67.0,33.0
62972,none,67.0,33.0
62974,none,67.0,33.0
62976,none,67.0,33.0
62978,none,67.0,33.0
62980,none,67.0,33.0
62982,none,67.0,33.0
62984,none,67.0,33.0
62986,none,67.0,33.0
62988,none,67.0,33.0
62990,none,67.0,33.0
62992,none,67.0,33.0
62994,none,67.0,33.0
62996,none,67.0,33.0
62998,none,67.0,33.0
63000,none,67.0,33.0
63002,none,67.0,33.0
63004,none,67.0,33.0
63006,none,67.0,33.0
63008,none,67.0,33.0
63010,none,67.0,33.0
63012,none,67.0,33.0
63014,none,67.0,33.0
63016,none,67.0,33.0
63018,none,67.0,33.0
63020,none,67.0,33.0
63022,none,67.0,33.0
63024,none,67.0,33.0
63026,none,67.0,33.0
63028,none,67.0,33.0
63030,none,67.0,33.0
63032,none,67.0,33.0
63034,none,67.0,33.0
63036,none,67.0,33.0
63038,none,67.0,33.0
63040,none,67.0,33.0
63042,none,67.0,33.0
63044,none,67.0,33.0
63046,none,67.0,33.0
63048,none,67.0,33.0
63050,none,67.0,33.0
63052,none,67.0,33.0
63054,none,67.0,33.0
63056,none,67.0,33.0
63058,none,67.0,33.0
63060,none,67.0,33.0
63062,none,67.0,33.0
63064,none,67.0,33.0
63066,none,67.0,33.0
63068,none,67.0,33.0
63070,none,67.0,33.0
63072,A,67.0,33.0
63074,A,67.0,33.0
63076,none,67.0,33.0
63078,A,67.0,33.0
63080,A,67.0,33.0
63082,A,67.1,32.9
63084,A,67.1,32.9
63086,A,67.1,32.9
63088,none,67.1,32.9
63090,B,67.1,32.9
63092,A,67.1,32.9
63094,A,67.1,32.9
63096,A,67.1,32.9
63098,A,67.1,32.9
63100,A,67.1,32.9
63102,A,67.1,32.9
63104,A,67.1,32.9
63106,A,67.1,32.9
63108,none,67.1,32.9
63110,none,67.1,32.9
63112,none,67.1,32.9
63114,none,67.1,32.9
63116,none,67.1,32.9
63118,none,67.1,32.9
63120,none,67.1,32.9
63122,none,67.1,32.9
63124,none,67.1,32.9
63126,none,67.1,32.9
63128,none,67.1,32.9
63130,none,67.1,32.9
63132,none,67.1,32.9
63134,none,67.1,32.9
63136,none,67.1,32.9
63138,none,67.1,32.9
63140,none,67.1,32.9
63142,none,67.1,32.9
63144,none,67.1,32.9
63146,none,67.1,32.9
63148,none,67.1,32.9
63150,A,67.1,32.9
63152,none,67.1,32.9
63154,none,67.1,32.9
63156,none,67.1,32.9
63158,none,67.1,32.9
63160,none,67.1,32.9
63162,none,67.1,32.9
63164,none,67.1,32.9
63166,none,67.1,32.9
63168,none,67.1,32.9
63170,A,67.1,32.9
63172,A,67.1,32.9
63174,A,67.2,32.8
63176,none,67.2,32.8
63178,none,67.2,32.8
63180,none,67.2,32.8
63182,none,67.2,32.8
63184,none,67.2,32.8
63186,none,67.2,32.8
63188,none,67.2,32.8
63190,none,67.2,32.8
63192,none,67.2,32.8
63194,none,67.2,32.8
63196,none,67.2,32.8
63198,none,67.2,32.8
63200,none,67.2,32.8
63202,none,67.2,32.8
63204,none,67.2,32.8
63206,none,67.2,32.8
63208,none,67.2,32.8
63210,none,67.2,32.8
63212,none,67.2,32.8
63214,none,67.2,32.8
63216,B,67.1,32.9
63218,none,67.1,32.9
63220,none,67.1,32.9
63222,none,67.1,32.9
63224,A,67.1,32.9
63226,none,67.1,32.9
63228,none,67.1,32.9
63230,none,67.1,32.9
63232,none,67.1,32.9
63234,none,67.1,32.9
63236,none,67.1,32.9
63238,none,67.1,32.9
63240,none,67.1,32.9
63242,none,67.1,32.9
63244,none,67.1,32.9
63246,none,67.1,32.9
63248,none,67.1,32.9
63250,none,67.1,32.9
63252,none,67.1,32.9
63254,none,67.1,32.9
63256,none,67.1,32.9
63258,none,67.1,32.9
63260,none,67.1,32.9
63262,none,67.1,32.9
63264,none,67.1,32.9
63266,none,67.1,32.9
63268,none,67.1,32.9
63270,none,67.1,32.9
63272,none,67.1,32.9
63274,none,67.1,32.9
63276,none,67.1,32.9
63278,none,67.1,32.9
63280,none,67.1,32.9
63282,none,67.1,32.9
63284,none,67.1,32.9
63286,none,67.1,32.9
63288,none,67.1,32.9
63290,none,67.1,32.9
63292,none,67.1,32.9
63294,none,67.1,32.9
63296,none,67.1,32.9
63298,none,67.1,32.9
63300,none,67.1,32.9
63302,none,67.1,32.9
63304,none,67.1,32.9
63306,none,67.1,32.9
63308,B,67.1,32.9
63310,none,67.1,32.9
63312,none,67.1,32.9
63314,none,67.1,32.9
63316,none,67.1,32.9
63318,none,67.1,32.9
63320,none,67.1,32.9
63322,none,67.1,32.9
63324,none,67.1,32.9
63326,none,67.1,32.9
63328,none,67.1,32.9
63330,none,67.1,32.9
63332,none,67.1,32.9
63334,none,67.1,32.9
63336,none,67.1,32.9
63338,none,67.1,32.9
63340,none,67.1,32.9
63342,none,67.1,32.9
63344,none,67.1,32.9
63346,none,67.1,32.9
63348,none,67.1,32.9
63350,none,67.1,32.9
63352,none,67.1,32.9
63354,none,67.1,32.9
63356,none,67.1,32.9
63358,none,67.1,32.9
63360,none,67.1,32.9
63362,none,67.1,32.9
63364,none,67.1,32.9
63366,none,67.1,32.9
63368,none,67.1,32.9
63370,none,67.1,32.9
63372,none,67.1,32.9
63374,none,67.1,32.9
63376,none,67.1,32.9
63378,none,67.1,32.9
63380,none,67.1,32.9
63382,none,67.1,32.9
63384,none,67.1,32.9
63386,none,67.1,32.9
63388,none,67.1,32.9
63390,none,67.1,32.9
63392,none,67.1,32.9
63394,none,67.1,32.9
63396,none,67.1,32.9
63398,none,67.1,32.9
63400,none,67.1,32.9
63402,none,67.1,32.9
63404,none,67.1,32.9
63406,none,67.1,32.9
63408,none,67.1,32.9
63410,none,67.1,32.9
63412,none,67.1,32.9
63414,none,67.1,32.9
63416,none,67.1,32.9
63418,none,67.1,32.9
63420,none,67.1,32.9
63422,none,67.1,32.9
63424,none,67.1,32.9
63426,none,67.1,32.9
63428,none,67.1,32.9
63430,none,67.1,32.9
63432,none,67.1,32.9
63434,none,67.1,32.9
63436,none,67.1,32.9
63438,none,67.1,32.9
63440,none,67.1,32.9
63442,none,67.1,32.9
63444,none,67.1,32.9
63446,none,67.1,32.9
63448,none,67.1,32.9
63450,none,67.1,32.9
63452,none,67.1,32.9
63454,none,67.1,32.9
63456,none,67.1,32.9
63458,none,67.1,32.9
63460,none,67.1,32.9
63462,none,67.1,32.9
63464,none,67.1,32.9
63466,none,67.1,32.9
63468,none,67.1,32.9
63470,none,67.1,32.9
63472,none,67.1,32.9
63474,none,67.1,32.9
63476,none,67.1,32.9
63478,none,67.1,32.9
63480,none,67.1,32.9
63482,none,67.1,32.9
63484,none,67.1,32.9
63486,none,67.1,32.9
63488,none,67.1,32.9
63490,none,67.1,32.9
63492,none,67.1,32.9
63494,none,67.1,32.9
63496,none,67.1,32.9
63498,none,67.1,32.9
63500,none,67.1,32.9
63502,none,67.1,32.9
63504,none,67.1,32.9
63506,none,67.1,32.9
63508,none,67.1,32.9
63510,none,67.1,32.9
63512,none,67.1,32.9
63514,none,67.1,32.9
63516,none,67.1,32.9
63518,none,67.1,32.9
63520,none,67.1,32.9
63522,none,67.1,32.9
63524,none,67.1,32.9
63526,none,67.1,32.9
63528,none,67.1,32.9
63530,none,67.1,32.9
63532,none,67.1,32.9
63534,none,67.1,32.9
63536,none,67.1,32.9
63538,none,67.1,32.9
63540,none,67.1,32.9
63542,none,67.1,32.9
63544,none,67.1,32.9
63546,none,67.1,32.9
63548,none,67.1,32.9
63550,none,67.1,32.9
63552,none,67.1,32.9
63554,none,67.1,32.9
63556,none,67.1,32.9
63558,none,67.1,32.9
63560,none,67.1,32.9
63562,none,67.1,32.9
63564,none,67.1,32.9
63566,none,67.1,32.9
63568,none,67.1,32.9
63570,none,67.1,32.9
63572,none,67.1,32.9
63574,none,67.1,32.9
63576,none,67.1,32.9
63578,none,67.1,32.9
63580,none,67.1,32.9
63582,none,67.1,32.9
63584,none,67.1,32.9
63586,none,67.1,32.9
63588,none,67.1,32.9
63590,none,67.1,32.9
63592,none,67.1,32.9
63594,none,67.1,32.9
63596,none,67.1,32.9
63598,none,67.1,32.9
63600,none,67.1,32.9
63602,none,67.1,32.9
63604,none,67.1,32.9
63606,none,67.1,32.9
63608,none,67.1,32.9
63610,none,67.1,32.9
63612,none,67.1,32.9
63614,none,67.1,32.9
63616,none,67.1,32.9
63618,none,67.1,32.9
63620,none,67.1,32.9
63622,none,67.1,32.9
63624,none,67.1,32.9
63626,none,67.1,32.9
63628,none,67.1,32.9
63630,none,67.1,32.9
63632,none,67.1,32.9
63634,none,67.1,32.9
63636,none,67.1,32.9
63638,none,67.1,32.9
63640,none,67.1,32.9
63642,none,67.1,32.9
63644,none,67.1,32.9
63646,none,67.1,32.9
63648,none,67.1,32.9
63650,none,67.1,32.9
63652,none,67.1,32.9
63654,none,67.1,32.9
63656,none,67.1,32.9
63658,none,67.1,32.9
63660,none,67.1,32.9
63662,none,67.1,32.9
63664,none,67.1,32.9
63666,none,67.1,32.9
63668,none,67.1,32.9
63670,none,67.1,32.9
63672,none,67.1,32.9
63674,none,67.1,32.9
63676,none,67.1,32.9
63678,none,67.1,32.9
63680,none,67.1,32.9
63682,none,67.1,32.9
63684,none,67.1,32.9
63686,none,67.1,32.9
63688,none,67.1,32.9
63690,none,67.1,32.9
63692,none,67.1,32.9
63694,none,67.1,32.9
63696,none,67.1,32.9
63698,none,67.1,32.9
63700,none,67.1,32.9
63702,none,67.1,32.9
63704,none,67.1,32.9
63706,none,67.1,32.9
63708,none,67.1,32.9
63710,none,67.1,32.9
63712,none,67.1,32.9
63714,none,67.1,32.9
63716,none,67.1,32.9
63718,none,67.1,32.9
63720,none,67.1,32.9
63722,none,67.1,32.9
63724,none,67.1,32.9
63726,none,67.1,32.9
63728,none,67.1,32.9
63730,none,67.1,32.9
63732,none,67.1,32.9
63734,none,67.1,32.9
63736,none,67.1,32.9
63738,none,67.1,32.9
63740,none,67.1,32.9
63742,none,67.1,32.9
63744,none,67.1,32.9
63746,none,67.1,32.9
63748,none,67.1,32.9
63750,none,67.1,32.9
63752,none,67.1,32.9
63754,none,67.1,32.9
63756,none,67.1,32.9
63758,none,67.1,32.9
63760,none,67.1,32.9
63762,none,67.1,32.9
63764,none,67.1,32.9
63766,none,67.1,32.9
63768,none,67.1,32.9
63770,none,67.1,32.9
63772,none,67.1,32.9
63774,none,67.1,32.9
63776,none,67.1,32.9
63778,none,67.1,32.9
63780,none,67.1,32.9
63782,none,67.1,32.9
63784,none,67.1,32.9
63786,none,67.1,32.9
63788,none,67.1,32.9
63790,none,67.1,32.9
63792,none,67.1,32.9
63794,none,67.1,32.9
63796,none,67.1,32.9
63798,none,67.1,32.9
63800,none,67.1,32.9
63802,none,67.1,32.9
63804,none,67.1,32.9
63806,none,67.1,32.9
63808,none,67.1,32.9
63810,none,67.1,32.9
63812,none,67.1,32.9
63814,none,67.1,32.9
63816,none,67.1,32.9
63818,none,67.1,32.9
63820,none,67.1,32.9
63822,none,67.1,32.9
63824,none,67.1,32.9
63826,none,67.1,32.9
63828,none,67.1,32.9
63830,none,67.1,32.9
63832,none,67.1,32.9
63834,none,67.1,32.9
63836,none,67.1,32.9
63838,none,67.1,32.9
63840,none,67.1,32.9
63842,none,67.1,32.9
63844,none,67.1,32.9
63846,none,67.1,32.9
63848,none,67.1,32.9
63850,none,67.1,32.9
63852,none,67.1,32.9
63854,none,67.1,32.9
63856,none,67.1,32.9
63858,none,67.1,32.9
63860,none,67.1,32.9
63862,none,67.1,32.9
63864,none,67.1,32.9
63866,none,67.1,32.9
63868,none,67.1,32.9
63870,none,67.1,32.9
63872,none,67.1,32.9
63874,none,67.1,32.9
63876,none,67.1,32.9
63878,none,67.1,32.9
63880,none,67.1,32.9
63882,none,67.1,32.9
63884,none,67.1,32.9
63886,none,67.1,32.9
63888,none,67.1,32.9
63890,none,67.1,32.9
63892,none,67.1,32.9
63894,none,67.1,32.9
63896,none,67.1,32.9
63898,none,67.1,32.9
63900,none,67.1,32.9
63902,none,67.1,32.9
63904,none,67.1,32.9
63906,none,67.1,32.9
63908,none,67.1,32.9
63910,none,67.1,32.9
63912,none,67.1,32.9
63914,none,67.1,32.9
63916,none,67.1,32.9
63918,none,67.1,32.9
63920,none,67.1,32.9
63922,none,67.1,32.9
63924,none,67.1,32.9
63926,none,67.1,32.9
63928,none,67.1,32.9
63930,none,67.1,32.9
63932,none,67.1,32.9
63934,none,67.1,32.9
63936,none,67.1,32.9
63938,none,67.1,32.9
63940,none,67.1,32.9
63942,none,67.1,32.9
63944,none,67.1,32.9
63946,none,67.1,32.9
63948,none,67.1,32.9
63950,none,67.1,32.9
63952,none,67.1,32.9
63954,none,67.1,32.9
63956,none,67.1,32.9
63958,none,67.1,32.9
63960,none,67.1,32.9
63962,none,67.1,32.9
63964,none,67.1,32.9
63966,none,67.1,32.9
63968,none,67.1,32.9
63970,none,67.1,32.9
63972,none,67.1,32.9
63974,none,67.1,32.9
63976,none,67.1,32.9
63978,none,67.1,32.9
63980,none,67.1,32.9
63982,none,67.1,32.9
63984,none,67.1,32.9
63986,none,67.1,32.9
63988,none,67.1,32.9
63990,none,67.1,32.9
63992,none,67.1,32.9
63994,none,67.1,32.9
63996,none,67.1,32.9
63998,none,67.1,32.9
64000,none,67.1,32.9
64002,none,67.1,32.9
64004,none,67.1,32.9
64006,none,67.1,32.9
64008,none,67.1,32.9
64010,none,67.1,32.9
64012,none,67.1,32.9
64014,none,67.1,32.9
64016,none,67.1,32.9
64018,none,67.1,32.9
64020,none,67.1,32.9
64022,none,67.1,32.9
64024,none,67.1,32.9
64026,none,67.1,32.9
64028,none,67.1,32.9
64030,none,67.1,32.9
64032,none,67.1,32.9
64034,none,67.1,32.9
64036,none,67.1,32.9
64038,none,67.1,32.9
64040,none,67.1,32.9
64042,none,67.1,32.9
64044,none,67.1,32.9
64046,none,67.1,32.9
64048,none,67.1,32.9
64050,none,67.1,32.9
64052,none,67.1,32.9
64054,none,67.1,32.9
64056,none,67.1,32.9
64058,none,67.1,32.9
64060,none,67.1,32.9
64062,none,67.1,32.9
64064,none,67.1,32.9
64066,none,67.1,32.9
64068,none,67.1,32.9
64070,none,67.1,32.9
64072,none,67.1,32.9
64074,none,67.1,32.9
64076,none,67.1,32.9
64078,none,67.1,32.9
64080,none,67.1,32.9
64082,none,67.1,32.9
64084,none,67.1,32.9
64086,none,67.1,32.9
64088,none,67.1,32.9
64090,none,67.1,32.9
64092,none,67.1,32.9
64094,none,67.1,32.9
64096,none,67.1,32.9
64098,none,67.1,32.9
64100,none,67.1,32.9
64102,none,67.1,32.9
64104,none,67.1,32.9
64106,none,67.1,32.9
64108,none,67.1,32.9
64110,none,67.1,32.9
64112,none,67.1,32.9
64114,none,67.1,32.9
64116,none,67.1,32.9
64118,none,67.1,32.9
64120,none,67.1,32.9
64122,none,67.1,32.9
64124,none,67.1,32.9
64126,none,67.1,32.9
64128,none,67.1,32.9
64130,none,67.1,32.9
64132,none,67.1,32.9
64134,none,67.1,32.9
64136,none,67.1,32.9
64138,none,67.1,32.9
64140,none,67.1,32.9
64142,none,67.1,32.9
64144,none,67.1,32.9
64146,none,67.1,32.9
64148,none,67.1,32.9
64150,none,67.1,32.9
64152,none,67.1,32.9
64154,none,67.1,32.9
64156,none,67.1,32.9
64158,none,67.1,32.9
64160,none,67.1,32.9
64162,none,67.1,32.9
64164,none,67.1,32.9
64166,none,67.1,32.9
64168,none,67.1,32.9
64170,none,67.1,32.9
64172,none,67.1,32.9
64174,none,67.1,32.9
64176,none,67.1,32.9
64178,none,67.1,32.9
64180,none,67.1,32.9
64182,none,67.1,32.9
64184,none,67.1,32.9
64186,none,67.1,32.9
64188,none,67.1,32.9
64190,none,67.1,32.9
64192,none,67.1,32.9
64194,none,67.1,32.9
64196,none,67.1,32.9
64198,none,67.1,32.9
64200,none,67.1,32.9
64202,none,67.1,32.9
64204,none,67.1,32.9
64206,none,67.1,32.9
64208,none,67.1,32.9
64210,none,67.1,32.9
64212,none,67.1,32.9
64214,none,67.1,32.9
64216,none,67.1,32.9
64218,none,67.1,32.9
64220,none,67.1,32.9
64222,none,67.1,32.9
64224,none,67.1,32.9
64226,none,67.1,32.9
64228,none,67.1,32.9
64230,none,67.1,32.9
64232,none,67.1,32.9
64234,none,67.1,32.9
64236,none,67.1,32.9
64238,none,67.1,32.9
64240,none,67.1,32.9
64242,none,67.1,32.9
64244,none,67.1,32.9
64246,none,67.1,32.9
64248,none,67.1,32.9
64250,none,67.1,32.9
64252,none,67.1,32.9
64254,none,67.1,32.9
64256,none,67.1,32.9
64258,none,67.1,32.9
64260,none,67.1,32.9
64262,none,67.1,32.9
64264,none,67.1,32.9
64266,none,67.1,32.9
64268,none,67.1,32.9
64270,none,67.1,32.9
64272,none,67.1,32.9
64274,none,67.1,32.9
64276,none,67.1,32.9
64278,none,67.1,32.9
64280,none,67.1,32.9
64282,none,67.1,32.9
64284,none,67.1,32.9
64286,none,67.1,32.9
64288,none,67.1,32.9
64290,none,67.1,32.9
64292,none,67.1,32.9
64294,none,67.1,32.9
64296,none,67.1,32.9
64298,none,67.1,32.9
64300,none,67.1,32.9
64302,none,67.1,32.9
64304,none,67.1,32.9
64306,none,67.1,32.9
64308,none,67.1,32.9
64310,none,67.1,32.9
64312,none,67.1,32.9
64314,none,67.1,32.9
64316,none,67.1,32.9
64318,none,67.1,32.9
64320,none,67.1,32.9
64322,none,67.1,32.9
64324,none,67.1,32.9
64326,none,67.1,32.9
64328,none,67.1,32.9
64330,none,67.1,32.9
64332,none,67.1,32.9
64334,none,67.1,32.9
64336,none,67.1,32.9
64338,none,67.1,32.9
64340,none,67.1,32.9
64342,none,67.1,32.9
64344,none,67.1,32.9
64346,none,67.1,32.9
64348,none,67.1,32.9
64350,none,67.1,32.9
64352,A,67.1,32.9
64354,A,67.1,32.9
64356,A,67.2,32.8
64358,A,67.2,32.8
64360,A,67.2,32.8
64362,A,67.2,32.8
64364,A,67.2,32.8
64366,A,67.2,32.8
64368,A,67.2,32.8
64370,A,67.2,32.8
64372,A,67.2,32.8
64374,A,67.2,32.8
64376,A,67.2,32.8
64378,A,67.3,32.7
64380,A,67.3,32.7
64382,A,67.3,32.7
64384,none,67.3,32.7
64386,A,67.3,32.7
64388,none,67.3,32.7
64390,none,67.3,32.7
64392,none,67.3,32.7
64394,none,67.3,32.7
64396,none,67.3,32.7
64398,none,67.3,32.7
64400,none,67.3,32.7
64402,none,67.3,32.7
64404,none,67.3,32.7
64406,none,67.3,32.7
64408,none,67.3,32.7
64410,none,67.3,32.7
64412,none,67.3,32.7
64414,none,67.3,32.7
64416,none,67.3,32.7
64418,none,67.3,32.7
64420,none,67.3,32.7
64422,none,67.3,32.7
64424,none,67.3,32.7
64426,none,67.3,32.7
64428,none,67.3,32.7
64430,none,67.3,32.7
64432,none,67.3,32.7
64434,none,67.3,32.7
64436,none,67.3,32.7
64438,none,67.3,32.7
64440,none,67.3,32.7
64442,none,67.3,32.7
64444,none,67.3,32.7
64446,none,67.3,32.7
64448,none,67.3,32.7
64450,none,67.3,32.7
64452,none,67.3,32.7
64454,none,67.3,32.7
64456,none,67.3,32.7
64458,none,67.3,32.7
64460,none,67.3,32.7
64462,none,67.3,32.7
64464,none,67.3,32.7
64466,none,67.3,32.7
64468,none,67.3,32.7
64470,none,67.3,32.7
64472,none,67.3,32.7
64474,none,67.3,32.7
64476,none,67.3,32.7
64478,none,67.3,32.7
64480,none,67.3,32.7
64482,none,67.3,32.7
64484,none,67.3,32.7
64486,none,67.3,32.7
64488,none,67.3,32.7
64490,none,67.3,32.7
64492,none,67.3,32.7
64494,none,67.3,32.7
64496,none,67.3,32.7
64498,none,67.3,32.7
64500,none,67.3,32.7
64502,none,67.3,32.7
64504,none,67.3,32.7
64506,none,67.3,32.7
64508,none,67.3,32.7
64510,none,67.3,32.7
64512,none,67.3,32.7
64514,none,67.3,32.7
64516,none,67.3,32.7
64518,none,67.3,32.7
64520,none,67.3,32.7
64522,none,67.3,32.7
64524,none,67.3,32.7
64526,none,67.3,32.7
64528,none,67.3,32.7
64530,none,67.3,32.7
64532,none,67.3,32.7
64534,none,67.3,32.7
64536,none,67.3,32.7
64538,none,67.3,32.7
64540,none,67.3,32.7
64542,none,67.3,32.7
64544,none,67.3,32.7
64546,none,67.3,32.7
64548,none,67.3,32.7
64550,none,67.3,32.7
64552,none,67.3,32.7
64554,none,67.3,32.7
64556,none,67.3,32.7
64558,none,67.3,32.7
64560,none,67.3,32.7
64562,none,67.3,32.7
64564,none,67.3,32.7
64566,none,67.3,32.7
64568,none,67.3,32.7
64570,none,67.3,32.7
64572,none,67.3,32.7
64574,none,67.3,32.7
64576,none,67.3,32.7
64578,none,67.3,32.7
64580,none,67.3,32.7
64582,none,67.3,32.7
64584,none,67.3,32.7
64586,none,67.3,32.7
64588,none,67.3,32.7
64590,none,67.3,32.7
64592,none,67.3,32.7
64594,none,67.3,32.7
64596,none,67.3,32.7
64598,none,67.3,32.7
64600,none,67.3,32.7
64602,none,67.3,32.7
64604,none,67.3,32.7
64606,none,67.3,32.7
64608,none,67.3,32.7
64610,none,67.3,32.7
64612,none,67.3,32.7
64614,none,67.3,32.7
64616,none,67.3,32.7
64618,none,67.3,32.7
64620,none,67.3,32.7
64622,none,67.3,32.7
64624,none,67.3,32.7
64626,none,67.3,32.7
64628,none,67.3,32.7
64630,none,67.3,32.7
64632,none,67.3,32.7
64634,none,67.3,32.7
64636,none,67.3,32.7
64638,none,67.3,32.7
64640,none,67.3,32.7
64642,none,67.3,32.7
64644,none,67.3,32.7
64646,none,67.3,32.7
64648,none,67.3,32.7
64650,none,67.3,32.7
64652,none,67.3,32.7
64654,none,67.3,32.7
64656,none,67.3,32.7
64658,none,67.3,32.7
64660,none,67.3,32.7
64662,none,67.3,32.7
64664,none,67.3,32.7
64666,none,67.3,32.7
64668,none,67.3,32.7
64670,none,67.3,32.7
64672,none,67.3,32.7
64674,none,67.3,32.7
64676,none,67.3,32.7
64678,none,67.3,32.7
64680,none,67.3,32.7
64682,none,67.3,32.7
64684,none,67.3,32.7
64686,none,67.3,32.7
64688,none,67.3,32.7
64690,none,67.3,32.7
64692,none,67.3,32.7
64694,none,67.3,32.7
64696,none,67.3,32.7
64698,none,67.3,32.7
64700,none,67.3,32.7
64702,none,67.3,32.7
64704,none,67.3,32.7
64706,none,67.3,32.7
64708,none,67.3,32.7
64710,none,67.3,32.7
64712,none,67.3,32.7
64714,none,67.3,32.7
64716,none,67.3,32.7
64718,none,67.3,32.7
64720,none,67.3,32.7
64722,none,67.3,32.7
64724,none,67.3,32.7
64726,none,67.3,32.7
64728,none,67.3,32.7
64730,none,67.3,32.7
64732,none,67.3,32.7
64734,none,67.3,32.7
64736,none,67.3,32.7
64738,none,67.3,32.7
64740,none,67.3,32.7
64742,none,67.3,32.7
64744,none,67.3,32.7
64746,none,67.3,32.7
64748,none,67.3,32.7
64750,none,67.3,32.7
64752,none,67.3,32.7
64754,none,67.3,32.7
64756,none,67.3,32.7
64758,none,67.3,32.7
64760,none,67.3,32.7
64762,none,67.3,32.7
64764,none,67.3,32.7
64766,none,67.3,32.7
64768,none,67.3,32.7
64770,none,67.3,32.7
64772,none,67.3,32.7
64774,none,67.3,32.7
64776,none,67.3,32.7
64778,none,67.3,32.7
64780,none,67.3,32.7
64782,none,67.3,32.7
64784,none,67.3,32.7
64786,none,67.3,32.7
64788,none,67.3,32.7
64790,none,67.3,32.7
64792,none,67.3,32.7
64794,none,67.3,32.7
64796,none,67.3,32.7
64798,none,67.3,32.7
64800,none,67.3,32.7
64802,none,67.3,32.7
64804,none,67.3,32.7
64806,none,67.3,32.7
64808,none,67.3,32.7
64810,none,67.3,32.7
64812,none,67.3,32.7
64814,none,67.3,32.7
64816,none,67.3,32.7
64818,none,67.3,32.7
64820,none,67.3,32.7
64822,none,67.3,32.7
64824,none,67.3,32.7
64826,none,67.3,32.7
64828,none,67.3,32.7
64830,none,67.3,32.7
64832,none,67.3,32.7
64834,none,67.3,32.7
64836,none,67.3,32.7
64838,none,67.3,32.7
64840,none,67.3,32.7
64842,none,67.3,32.7
64844,none,67.3,32.7
64846,none,67.3,32.7
64848,none,67.3,32.7
64850,none,67.3,32.7
64852,none,67.3,32.7
64854,none,67.3,32.7
64856,none,67.3,32.7
64858,none,67.3,32.7
64860,none,67.3,32.7
64862,none,67.3,32.7
64864,none,67.3,32.7
64866,none,67.3,32.7
64868,none,67.3,32.7
64870,none,67.3,32.7
64872,none,67.3,32.7
64874,none,67.3,32.7
64876,none,67.3,32.7
64878,none,67.3,32.7
64880,none,67.3,32.7
64882,none,67.3,32.7
64884,none,67.3,32.7
64886,none,67.3,32.7
64888,none,67.3,32.7
64890,none,67.3,32.7
64892,none,67.3,32.7
64894,none,67.3,32.7
64896,B,67.3,32.7
64898,B,67.2,32.8
64900,A,67.2,32.8
64902,none,67.2,32.8
64904,none,67.2,32.8
64906,none,67.2,32.8
64908,none,67.2,32.8
64910,none,67.2,32.8
64912,none,67.2,32.8
64914,none,67.2,32.8
64916,none,67.2,32.8
64918,none,67.2,32.8
64920,none,67.2,32.8
64922,none,67.2,32.8
64924,none,67.2,32.8
64926,none,67.2,32.8
64928,none,67.2,32.8
64930,none,67.2,32.8
64932,none,67.2,32.8
64934,none,67.2,32.8
64936,none,67.2,32.8
64938,none,67.2,32.8
64940,none,67.2,32.8
64942,none,67.2,32.8
64944,none,67.2,32.8
64946,none,67.2,32.8
64948,none,67.2,32.8
64950,none,67.2,32.8
64952,none,67.2,32.8
64954,none,67.2,32.8
64956,none,67.2,32.8
64958,none,67.2,32.8
64960,none,67.2,32.8
64962,none,67.2,32.8
64964,none,67.2,32.8
64966,none,67.2,32.8
64968,none,67.2,32.8
64970,none,67.2,32.8
64972,none,67.2,32.8
64974,none,67.2,32.8
64976,none,67.2,32.8
64978,none,67.2,32.8
64980,none,67.2,32.8
64982,none,67.2,32.8
64984,none,67.2,32.8
64986,none,67.2,32.8
64988,none,67.2,32.8
64990,none,67.2,32.8
64992,none,67.2,32.8
64994,none,67.2,32.8
64996,none,67.2,32.8
64998,none,67.2,32.8
65000,B,67.2,32.8
65002,B,67.2,32.8
65004,B,67.2,32.8
65006,B,67.2,32.8
65008,none,67.2,32.8
65010,none,67.2,32.8
65012,none,67.2,32.8
65014,none,67.2,32.8
65016,none,67.2,32.8
65018,A,67.2,32.8
65020,none,67.2,32.8
65022,none,67.2,32.8
65024,none,67.2,32.8
65026,none,67.2,32.8
65028,none,67.2,32.8
65030,none,67.2,32.8
65032,none,67.2,32.8
65034,none,67.2,32.8
65036,none,67.2,32.8
65038,none,67.2,32.8
65040,none,67.2,32.8
65042,none,67.2,32.8
65044,none,67.2,32.8
65046,none,67.2,32.8
65048,none,67.2,32.8
65050,none,67.2,32.8
65052,none,67.2,32.8
65054,none,67.2,32.8
65056,none,67.2,32.8
65058,none,67.2,32.8
65060,none,67.2,32.8
65062,none,67.2,32.8
65064,none,67.2,32.8
65066,none,67.2,32.8
65068,none,67.2,32.8
65070,none,67.2,32.8
65072,none,67.2,32.8
65074,none,67.2,32.8
65076,none,67.2,32.8
65078,none,67.2,32.8
65080,none,67.2,32.8
65082,none,67.2,32.8
65084,none,67.2,32.8
65086,none,67.2,32.8
65088,none,67.2,32.8
65090,none,67.2,32.8
65092,none,67.2,32.8
65094,none,67.2,32.8
65096,none,67.2,32.8
65098,A,67.2,32.8
65100,none,67.2,32.8
65102,none,67.2,32.8
65104,none,67.2,32.8
65106,none,67.2,32.8
65108,none,67.2,32.8
65110,none,67.2,32.8
65112,none,67.2,32.8
65114,none,67.2,32.8
65116,none,67.2,32.8
65118,A,67.2,32.8
65120,none,67.2,32.8
65122,none,67.2,32.8
65124,none,67.2,32.8
65126,none,67.2,32.8
65128,none,67.2,32.8
65130,none,67.2,32.8
65132,none,67.2,32.8
65134,none,67.2,32.8
65136,none,67.2,32.8
65138,none,67.2,32.8
65140,none,67.2,32.8
65142,none,67.2,32.8
65144,none,67.2,32.8
65146,none,67.2,32.8
65148,none,67.2,32.8
65150,none,67.2,32.8
65152,none,67.2,32.8
65154,none,67.2,32.8
65156,none,67.2,32.8
65158,none,67.2,32.8
65160,none,67.2,32.8
65162,B,67.2,32.8
65164,none,67.2,32.8
65166,none,67.2,32.8
65168,none,67.2,32.8
65170,none,67.2,32.8
65172,B,67.2,32.8
65174,none,67.2,32.8
65176,none,67.2,32.8
65178,none,67.2,32.8
65180,none,67.2,32.8
65182,B,67.2,32.8
65184,none,67.2,32.8
65186,none,67.2,32.8
65188,none,67.2,32.8
65190,none,67.2,32.8
65192,A,67.2,32.8
65194,none,67.2,32.8
65196,none,67.2,32.8
65198,none,67.2,32.8
65200,none,67.2,32.8
65202,A,67.2,32.8
65204,none,67.2,32.8
65206,none,67.2,32.8
65208,none,67.2,32.8
65210,A,67.2,32.8
65212,none,67.2,32.8
65214,A,67.2,32.8
65216,none,67.2,32.8
65218,none,67.2,32.8
65220,none,67.2,32.8
65222,A,67.2,32.8
65224,none,67.2,32.8
65226,none,67.2,32.8
65228,A,67.2,32.8
65230,none,67.2,32.8
65232,A,67.2,32.8
65234,none,67.2,32.8
65236,none,67.2,32.8
65238,none,67.2,32.8
65240,B,67.2,32.8
65242,none,67.2,32.8
65244,none,67.2,32.8
65246,none,67.2,32.8
65248,none,67.2,32.8
65250,none,67.2,32.8
65252,none,67.2,32.8
65254,none,67.2,32.8
65256,none,67.2,32.8
65258,none,67.2,32.8
65260,none,67.2,32.8
65262,none,67.2,32.8
65264,none,67.2,32.8
65266,none,67.2,32.8
65268,none,67.2,32.8
65270,none,67.2,32.8
65272,A,67.2,32.8
65274,A,67.2,32.8
65276,A,67.2,32.8
65278,A,67.2,32.8
65280,A,67.2,32.8
65282,A,67.2,32.8
65284,none,67.2,32.8
65286,A,67.3,32.7
65288,B,67.2,32.8
65290,none,67.2,32.8
65292,none,67.2,32.8
65294,none,67.2,32.8
65296,none,67.2,32.8
65298,none,67.2,32.8
65300,none,67.2,32.8
65302,none,67.2,32.8
65304,none,67.2,32.8
65306,none,67.2,32.8
65308,none,67.2,32.8
65310,none,67.2,32.8
65312,none,67.2,32.8
65314,none,67.2,32.8
65316,none,67.2,32.8
65318,none,67.2,32.8
65320,none,67.2,32.8
65322,none,67.2,32.8
65324,none,67.2,32.8
65326,none,67.2,32.8
65328,none,67.2,32.8
65330,none,67.2,32.8
65332,none,67.2,32.8
65334,none,67.2,32.8
65336,none,67.2,32.8
65338,none,67.2,32.8
65340,none,67.2,32.8
65342,none,67.2,32.8
65344,none,67.2,32.8
65346,none,67.2,32.8
65348,none,67.2,32.8
65350,none,67.2,32.8
65352,none,67.2,32.8
65354,none,67.2,32.8
65356,none,67.2,32.8
65358,none,67.2,32.8
65360,none,67.2,32.8
65362,none,67.2,32.8
65364,none,67.2,32.8
65366,none,67.2,32.8
65368,none,67.2,32.8
65370,B,67.2,32.8
65372,none,67.2,32.8
65374,none,67.2,32.8
65376,A,67.2,32.8
65378,none,67.2,32.8
65380,B,67.2,32.8
65382,B,67.2,32.8
65384,none,67.2,32.8
65386,none,67.2,32.8
65388,none,67.2,32.8
65390,none,67.2,32.8
65392,none,67.2,32.8
65394,none,67.2,32.8
65396,none,67.2,32.8
65398,none,67.2,32.8
65400,none,67.2,32.8
65402,none,67.2,32.8
65404,none,67.2,32.8
65406,A,67.2,32.8
65408,none,67.2,32.8
65410,none,67.2,32.8
65412,A,67.2,32.8
65414,none,67.2,32.8
65416,none,67.2,32.8
65418,none,67.2,32.8
65420,none,67.2,32.8
65422,none,67.2,32.8
65424,none,67.2,32.8
65426,none,67.2,32.8
65428,B,67.2,32.8
65430,none,67.2,32.8
65432,none,67.2,32.8
65434,none,67.2,32.8
65436,none,67.2,32.8
65438,none,67.2,32.8
65440,none,67.2,32.8
65442,none,67.2,32.8
65444,none,67.2,32.8
65446,none,67.2,32.8
65448,none,67.2,32.8
65450,none,67.2,32.8
65452,none,67.2,32.8
65454,A,67.2,32.8
65456,A,67.2,32.8
65458,A,67.2,32.8
65460,A,67.2,32.8
65462,A,67.2,32.8
65464,A,67.2,32.8
65466,none,67.2,32.8
65468,none,67.2,32.8
65470,none,67.2,32.8
65472,none,67.2,32.8
65474,none,67.2,32.8
65476,none,67.2,32.8
65478,none,67.2,32.8
65480,none,67.2,32.8
65482,none,67.2,32.8
65484,none,67.2,32.8
65486,none,67.2,32.8
65488,none,67.2,32.8
65490,none,67.2,32.8
65492,none,67.2,32.8
65494,none,67.2,32.8
65496,none,67.2,32.8
65498,none,67.2,32.8
65500,none,67.2,32.8
65502,none,67.2,32.8
65504,none,67.2,32.8
65506,none,67.2,32.8
65508,none,67.2,32.8
65510,none,67.2,32.8
65512,none,67.2,32.8
65514,none,67.2,32.8
65516,none,67.2,32.8
65518,none,67.2,32.8
65520,none,67.2,32.8
65522,none,67.2,32.8
65524,none,67.2,32.8
65526,none,67.2,32.8
65528,none,67.2,32.8
65530,none,67.2,32.8
65532,none,67.2,32.8
65534,none,67.2,32.8
65536,none,67.2,32.8
65538,none,67.2,32.8
65540,none,67.2,32.8
65542,none,67.2,32.8
65544,none,67.2,32.8
65546,none,67.2,32.8
65548,none,67.2,32.8
65550,none,67.2,32.8
65552,none,67.2,32.8
65554,none,67.2,32.8
65556,none,67.2,32.8
65558,none,67.2,32.8
65560,none,67.2,32.8
65562,none,67.2,32.8
65564,A,67.3,32.7
65566,none,67.3,32.7
65568,none,67.3,32.7
65570,none,67.3,32.7
65572,B,67.2,32.8
65574,none,67.2,32.8
65576,B,67.2,32.8
65578,none,67.2,32.8
65580,none,67.2,32.8
65582,none,67.2,32.8
65584,none,67.2,32.8
65586,none,67.2,32.8
65588,none,67.2,32.8
65590,none,67.2,32.8
65592,none,67.2,32.8
65594,none,67.2,32.8
65596,none,67.2,32.8
65598,none,67.2,32.8
65600,none,67.2,32.8
65602,none,67.2,32.8
65604,none,67.2,32.8
65606,none,67.2,32.8
65608,none,67.2,32.8
65610,none,67.2,32.8
65612,none,67.2,32.8
65614,none,67.2,32.8
65616,none,67.2,32.8
65618,none,67.2,32.8
65620,none,67.2,32.8
65622,none,67.2,32.8
65624,none,67.2,32.8
65626,none,67.2,32.8
65628,none,67.2,32.8
65630,none,67.2,32.8
65632,none,67.2,32.8
65634,none,67.2,32.8
65636,none,67.2,32.8
65638,none,67.2,32.8
65640,none,67.2,32.8
65642,none,67.2,32.8
65644,none,67.2,32.8
65646,none,67.2,32.8
65648,none,67.2,32.8
65650,none,67.2,32.8
65652,none,67.2,32.8
65654,none,67.2,32.8
65656,A,67.2,32.8
65658,B,67.2,32.8
65660,A,67.2,32.8
65662,A,67.2,32.8
65664,A,67.2,32.8
65666,A,67.2,32.8
65668,none,67.2,32.8
65670,none,67.2,32.8
65672,none,67.2,32.8
65674,none,67.2,32.8
65676,none,67.2,32.8
65678,none,67.2,32.8
65680,none,67.2,32.8
65682,none,67.2,32.8
65684,A,67.3,32.7
65686,A,67.3,32.7
65688,A,67.3,32.7
65690,none,67.3,32.7
65692,none,67.3,32.7
65694,none,67.3,32.7
65696,none,67.3,32.7
65698,none,67.3,32.7
65700,none,67.3,32.7
65702,none,67.3,32.7
65704,none,67.3,32.7
65706,none,67.3,32.7
65708,none,67.3,32.7
65710,none,67.3,32.7
65712,none,67.3,32.7
65714,none,67.3,32.7
65716,none,67.3,32.7
65718,none,67.3,32.7
65720,none,67.3,32.7
65722,none,67.3,32.7
65724,none,67.3,32.7
65726,none,67.3,32.7
65728,none,67.3,32.7
65730,none,67.3,32.7
65732,none,67.3,32.7
65734,none,67.3,32.7
65736,none,67.3,32.7
65738,none,67.3,32.7
65740,none,67.3,32.7
65742,none,67.3,32.7
65744,none,67.3,32.7
65746,none,67.3,32.7
65748,none,67.3,32.7
65750,none,67.3,32.7
65752,none,67.3,32.7
65754,none,67.3,32.7
65756,none,67.3,32.7
65758,none,67.3,32.7
65760,none,67.3,32.7
65762,none,67.3,32.7
65764,none,67.3,32.7
65766,none,67.3,32.7
65768,none,67.3,32.7
65770,none,67.3,32.7
65772,none,67.3,32.7
65774,none,67.3,32.7
65776,none,67.3,32.7
65778,none,67.3,32.7
65780,none,67.3,32.7
65782,none,67.3,32.7
65784,none,67.3,32.7
65786,none,67.3,32.7
65788,none,67.3,32.7
65790,none,67.3,32.7
65792,none,67.3,32.7
65794,none,67.3,32.7
65796,none,67.3,32.7
65798,none,67.3,32.7
65800,none,67.3,32.7
65802,none,67.3,32.7
65804,none,67.3,32.7
65806,none,67.3,32.7
65808,none,67.3,32.7
65810,none,67.3,32.7
65812,none,67.3,32.7
65814,none,67.3,32.7
65816,none,67.3,32.7
65818,none,67.3,32.7
65820,none,67.3,32.7
65822,none,67.3,32.7
65824,none,67.3,32.7
65826,none,67.3,32.7
65828,none,67.3,32.7
65830,none,67.3,32.7
65832,none,67.3,32.7
65834,none,67.3,32.7
65836,none,67.3,32.7
65838,none,67.3,32.7
65840,none,67.3,32.7
65842,none,67.3,32.7
65844,none,67.3,32.7
65846,none,67.3,32.7
65848,none,67.3,32.7
65850,none,67.3,32.7
65852,none,67.3,32.7
65854,none,67.3,32.7
65856,none,67.3,32.7
65858,none,67.3,32.7
65860,none,67.3,32.7
65862,none,67.3,32.7
65864,none,67.3,32.7
65866,none,67.3,32.7
65868,none,67.3,32.7
65870,none,67.3,32.7
65872,none,67.3,32.7
65874,none,67.3,32.7
65876,none,67.3,32.7
65878,none,67.3,32.7
65880,A,67.3,32.7
65882,none,67.3,32.7
65884,none,67.3,32.7
65886,A,67.3,32.7
65888,A,67.3,32.7
65890,A,67.3,32.7
65892,none,67.3,32.7
65894,none,67.3,32.7
65896,none,67.3,32.7
65898,none,67.3,32.7
65900,none,67.3,32.7
65902,none,67.3,32.7
65904,none,67.3,32.7
65906,none,67.3,32.7
65908,A,67.3,32.7
65910,none,67.3,32.7
65912,none,67.3,32.7
65914,none,67.3,32.7
65916,none,67.3,32.7
65918,A,67.3,32.7
65920,none,67.3,32.7
65922,none,67.3,32.7
65924,none,67.3,32.7
65926,none,67.3,32.7
65928,none,67.3,32.7
65930,none,67.3,32.7
65932,A,67.3,32.7
65934,A,67.3,32.7
65936,none,67.3,32.7
65938,none,67.3,32.7
65940,A,67.3,32.7
65942,A,67.4,32.6
65944,A,67.4,32.6
65946,A,67.4,32.6
65948,none,67.4,32.6
65950,A,67.4,32.6
65952,none,67.4,32.6
65954,none,67.4,32.6
65956,A,67.4,32.6
65958,none,67.4,32.6
65960,none,67.4,32.6
65962,none,67.4,32.6
65964,none,67.4,32.6
65966,none,67.4,32.6
65968,none,67.4,32.6
65970,none,67.4,32.6
65972,none,67.4,32.6
65974,none,67.4,32.6
65976,none,67.4,32.6
65978,none,67.4,32.6
65980,none,67.4,32.6
65982,none,67.4,32.6
65984,none,67.4,32.6
65986,none,67.4,32.6
65988,none,67.4,32.6
65990,none,67.4,32.6
65992,none,67.4,32.6
65994,none,67.4,32.6
65996,none,67.4,32.6
65998,none,67.4,32.6
66000,none,67.4,32.6
66002,none,67.4,32.6
66004,none,67.4,32.6
66006,none,67.4,32.6
66008,none,67.4,32.6
66010,none,67.4,32.6
66012,none,67.4,32.6
66014,none,67.4,32.6
66016,none,67.4,32.6
66018,none,67.4,32.6
66020,none,67.4,32.6
66022,none,67.4,32.6
66024,none,67.4,32.6
66026,none,67.4,32.6
66028,none,67.4,32.6
66030,none,67.4,32.6
66032,none,67.4,32.6
66034,none,67.4,32.6
66036,none,67.4,32.6
66038,none,67.4,32.6
66040,none,67.4,32.6
66042,none,67.4,32.6
66044,none,67.4,32.6
66046,A,67.4,32.6
66048,B,67.4,32.6
66050,none,67.4,32.6
66052,A,67.4,32.6
66054,A,67.4,32.6
66056,none,67.4,32.6
66058,none,67.4,32.6
66060,none,67.4,32.6
66062,A,67.4,32.6
66064,none,67.4,32.6
66066,none,67.4,32.6
66068,none,67.4,32.6
66070,none,67.4,32.6
66072,none,67.4,32.6
66074,none,67.4,32.6
66076,none,67.4,32.6
66078,none,67.4,32.6
66080,none,67.4,32.6
66082,none,67.4,32.6
66084,none,67.4,32.6
66086,none,67.4,32.6
66088,none,67.4,32.6
66090,none,67.4,32.6
66092,none,67.4,32.6
66094,none,67.4,32.6
66096,none,67.4,32.6
66098,none,67.4,32.6
66100,none,67.4,32.6
66102,none,67.4,32.6
66104,none,67.4,32.6
66106,none,67.4,32.6
66108,none,67.4,32.6
66110,none,67.4,32.6
66112,none,67.4,32.6
66114,A,67.4,32.6
66116,none,67.4,32.6
66118,none,67.4,32.6
66120,none,67.4,32.6
66122,none,67.4,32.6
66124,none,67.4,32.6
66126,none,67.4,32.6
66128,none,67.4,32.6
66130,A,67.4,32.6
66132,none,67.4,32.6
66134,none,67.4,32.6
66136,none,67.4,32.6
66138,none,67.4,32.6
66140,none,67.4,32.6
66142,none,67.4,32.6
66144,none,67.4,32.6
66146,none,67.4,32.6
66148,none,67.4,32.6
66150,none,67.4,32.6
66152,none,67.4,32.6
66154,none,67.4,32.6
66156,none,67.4,32.6
66158,none,67.4,32.6
66160,none,67.4,32.6
66162,none,67.4,32.6
66164,none,67.4,32.6
66166,none,67.4,32.6
66168,none,67.4,32.6
66170,none,67.4,32.6
66172,A,67.4,32.6
66174,none,67.4,32.6
66176,none,67.4,32.6
66178,none,67.4,32.6
66180,none,67.4,32.6
66182,none,67.4,32.6
66184,none,67.4,32.6
66186,none,67.4,32.6
66188,none,67.4,32.6
66190,none,67.4,32.6
66192,none,67.4,32.6
66194,none,67.4,32.6
66196,none,67.4,32.6
66198,none,67.4,32.6
66200,none,67.4,32.6
66202,none,67.4,32.6
66204,none,67.4,32.6
66206,none,67.4,32.6
66208,none,67.4,32.6
66210,none,67.4,32.6
66212,none,67.4,32.6
66214,none,67.4,32.6
66216,none,67.4,32.6
66218,none,67.4,32.6
66220,none,67.4,32.6
66222,none,67.4,32.6
66224,none,67.4,32.6
66226,none,67.4,32.6
66228,none,67.4,32.6
66230,none,67.4,32.6
66232,none,67.4,32.6
66234,none,67.4,32.6
66236,none,67.4,32.6
66238,none,67.4,32.6
66240,none,67.4,32.6
66242,none,67.4,32.6
66244,none,67.4,32.6
66246,none,67.4,32.6
66248,none,67.4,32.6
66250,none,67.4,32.6
66252,none,67.4,32.6
66254,none,67.4,32.6
66256,none,67.4,32.6
66258,none,67.4,32.6
66260,none,67.4,32.6
66262,none,67.4,32.6
66264,none,67.4,32.6
66266,none,67.4,32.6
66268,none,67.4,32.6
66270,none,67.4,32.6
66272,none,67.4,32.6
66274,none,67.4,32.6
66276,none,67.4,32.6
66278,none,67.4,32.6
66280,none,67.4,32.6
66282,none,67.4,32.6
66284,none,67.4,32.6
66286,none,67.4,32.6
66288,none,67.4,32.6
66290,none,67.4,32.6
66292,none,67.4,32.6
66294,none,67.4,32.6
66296,none,67.4,32.6
66298,none,67.4,32.6
66300,none,67.4,32.6
66302,none,67.4,32.6
66304,none,67.4,32.6
66306,none,67.4,32.6
66308,none,67.4,32.6
66310,none,67.4,32.6
66312,none,67.4,32.6
66314,A,67.4,32.6
66316,none,67.4,32.6
66318,none,67.4,32.6
66320,none,67.4,32.6
66322,none,67.4,32.6
66324,none,67.4,32.6
66326,none,67.4,32.6
66328,none,67.4,32.6
66330,none,67.4,32.6
66332,none,67.4,32.6
66334,none,67.4,32.6
66336,none,67.4,32.6
66338,none,67.4,32.6
66340,none,67.4,32.6
66342,none,67.4,32.6
66344,none,67.4,32.6
66346,none,67.4,32.6
66348,none,67.4,32.6
66350,none,67.4,32.6
66352,none,67.4,32.6
66354,none,67.4,32.6
66356,none,67.4,32.6
66358,none,67.4,32.6
66360,none,67.4,32.6
66362,none,67.4,32.6
66364,none,67.4,32.6
66366,none,67.4,32.6
66368,none,67.4,32.6
66370,none,67.4,32.6
66372,none,67.4,32.6
66374,none,67.4,32.6
66376,none,67.4,32.6
66378,none,67.4,32.6
66380,none,67.4,32.6
66382,none,67.4,32.6
66384,none,67.4,32.6
66386,none,67.4,32.6
66388,none,67.4,32.6
66390,none,67.4,32.6
66392,none,67.4,32.6
66394,none,67.4,32.6
66396,none,67.4,32.6
66398,none,67.4,32.6
66400,none,67.4,32.6
66402,none,67.4,32.6
66404,none,67.4,32.6
66406,none,67.4,32.6
66408,none,67.4,32.6
66410,none,67.4,32.6
66412,none,67.4,32.6
66414,none,67.4,32.6
66416,none,67.4,32.6
66418,none,67.4,32.6
66420,none,67.4,32.6
66422,none,67.4,32.6
66424,none,67.4,32.6
66426,none,67.4,32.6
66428,none,67.4,32.6
66430,none,67.4,32.6
66432,none,67.4,32.6
66434,none,67.4,32.6
66436,none,67.4,32.6
66438,none,67.4,32.6
66440,none,67.4,32.6
66442,none,67.4,32.6
66444,none,67.4,32.6
66446,none,67.4,32.6
66448,none,67.4,32.6
66450,none,67.4,32.6
66452,none,67.4,32.6
66454,none,67.4,32.6
66456,none,67.4,32.6
66458,none,67.4,32.6
66460,none,67.4,32.6
66462,none,67.4,32.6
66464,none,67.4,32.6
66466,none,67.4,32.6
66468,none,67.4,32.6
66470,none,67.4,32.6
66472,none,67.4,32.6
66474,none,67.4,32.6
66476,none,67.4,32.6
66478,none,67.4,32.6
66480,none,67.4,32.6
66482,none,67.4,32.6
66484,none,67.4,32.6
66486,none,67.4,32.6
66488,none,67.4,32.6
66490,none,67.4,32.6
66492,none,67.4,32.6
66494,none,67.4,32.6
66496,none,67.4,32.6
66498,none,67.4,32.6
66500,none,67.4,32.6
66502,none,67.4,32.6
66504,none,67.4,32.6
66506,B,67.4,32.6
66508,none,67.4,32.6
66510,none,67.4,32.6
66512,none,67.4,32.6
66514,none,67.4,32.6
66516,B,67.4,32.6
66518,none,67.4,32.6
66520,none,67.4,32.6
66522,none,67.4,32.6
66524,none,67.4,32.6
66526,none,67.4,32.6
66528,none,67.4,32.6
66530,none,67.4,32.6
66532,none,67.4,32.6
66534,none,67.4,32.6
66536,none,67.4,32.6
66538,none,67.4,32.6
66540,none,67.4,32.6
66542,none,67.4,32.6
66544,none,67.4,32.6
66546,none,67.4,32.6
66548,B,67.4,32.6
66550,B,67.4,32.6
66552,B,67.4,32.6
66554,B,67.3,32.7
66556,none,67.3,32.7
66558,none,67.3,32.7
66560,none,67.3,32.7
66562,none,67.3,32.7
66564,none,67.3,32.7
66566,none,67.3,32.7
66568,none,67.3,32.7
66570,none,67.3,32.7
66572,none,67.3,32.7
66574,none,67.3,32.7
66576,none,67.3,32.7
66578,none,67.3,32.7
66580,A,67.3,32.7
66582,A,67.3,32.7
66584,A,67.4,32.6
66586,none,67.4,32.6
66588,none,67.4,32.6
66590,none,67.4,32.6
66592,none,67.4,32.6
66594,none,67.4,32.6
66596,none,67.4,32.6
66598,none,67.4,32.6
66600,B,67.3,32.7
66602,B,67.3,32.7
66604,B,67.3,32.7
66606,none,67.3,32.7
66608,none,67.3,32.7
66610,none,67.3,32.7
66612,none,67.3,32.7
66614,none,67.3,32.7
66616,none,67.3,32.7
66618,none,67.3,32.7
66620,none,67.3,32.7
66622,none,67.3,32.7
66624,none,67.3,32.7
66626,none,67.3,32.7
66628,none,67.3,32.7
66630,none,67.3,32.7
66632,none,67.3,32.7
66634,none,67.3,32.7
66636,none,67.3,32.7
66638,none,67.3,32.7
66640,none,67.3,32.7
66642,none,67.3,32.7
66644,none,67.3,32.7
66646,none,67.3,32.7
66648,none,67.3,32.7
66650,none,67.3,32.7
66652,none,67.3,32.7
66654,none,67.3,32.7
66656,B,67.3,32.7
66658,B,67.3,32.7
66660,B,67.3,32.7
66662,B,67.2,32.8
66664,B,67.2,32.8
66666,B,67.2,32.8
66668,B,67.2,32.8
66670,B,67.2,32.8
66672,B,67.1,32.9
66674,B,67.1,32.9
66676,none,67.1,32.9
66678,none,67.1,32.9
66680,none,67.1,32.9
66682,none,67.1,32.9
66684,none,67.1,32.9
66686,none,67.1,32.9
66688,none,67.1,32.9
66690,none,67.1,32.9
66692,none,67.1,32.9
66694,none,67.1,32.9
66696,none,67.1,32.9
66698,none,67.1,32.9
66700,none,67.1,32.9
66702,none,67.1,32.9
66704,none,67.1,32.9
66706,none,67.1,32.9
66708,none,67.1,32.9
66710,none,67.1,32.9
66712,none,67.1,32.9
66714,none,67.1,32.9
66716,none,67.1,32.9
66718,none,67.1,32.9
66720,none,67.1,32.9
66722,none,67.1,32.9
66724,none,67.1,32.9
66726,none,67.1,32.9
66728,none,67.1,32.9
66730,none,67.1,32.9
66732,none,67.1,32.9
66734,none,67.1,32.9
66736,none,67.1,32.9
66738,none,67.1,32.9
66740,none,67.1,32.9
66742,none,67.1,32.9
66744,none,67.1,32.9
66746,none,67.1,32.9
66748,none,67.1,32.9
66750,none,67.1,32.9
66752,none,67.1,32.9
66754,none,67.1,32.9
66756,none,67.1,32.9
66758,none,67.1,32.9
66760,none,67.1,32.9
66762,none,67.1,32.9
66764,A,67.1,32.9
66766,none,67.1,32.9
66768,none,67.1,32.9
66770,none,67.1,32.9
66772,none,67.1,32.9
66774,none,67.1,32.9
66776,none,67.1,32.9
66778,none,67.1,32.9
66780,none,67.1,32.9
66782,none,67.1,32.9
66784,none,67.1,32.9
66786,none,67.1,32.9
66788,none,67.1,32.9
66790,none,67.1,32.9
66792,none,67.1,32.9
66794,none,67.1,32.9
66796,none,67.1,32.9
66798,none,67.1,32.9
66800,none,67.1,32.9
66802,none,67.1,32.9
66804,none,67.1,32.9
66806,none,67.1,32.9
66808,none,67.1,32.9
66810,none,67.1,32.9
66812,none,67.1,32.9
66814,none,67.1,32.9
66816,none,67.1,32.9
66818,none,67.1,32.9
66820,none,67.1,32.9
66822,none,67.1,32.9
66824,none,67.1,32.9
66826,none,67.1,32.9
66828,none,67.1,32.9
66830,none,67.1,32.9
66832,none,67.1,32.9
66834,none,67.1,32.9
66836,none,67.1,32.9
66838,B,67.1,32.9
66840,B,67.1,32.9
66842,B,67.1,32.9
66844,B,67.1,32.9
66846,B,67.1,32.9
66848,B,67.0,33.0
66850,B,67.0,33.0
66852,B,67.0,33.0
66854,B,67.0,33.0
66856,B,67.0,33.0
66858,B,67.0,33.0
66860,B,66.9,33.1
66862,none,66.9,33.1
66864,none,66.9,33.1
66866,none,66.9,33.1
66868,none,66.9,33.1
66870,none,66.9,33.1
66872,none,66.9,33.1
66874,none,66.9,33.1
66876,none,66.9,33.1
66878,B,66.9,33.1
66880,none,66.9,33.1
66882,B,66.9,33.1
66884,B,66.9,33.1
66886,B,66.9,33.1
66888,B,66.8,33.2
66890,A,66.9,33.1
66892,none,66.9,33.1
66894,none,66.9,33.1
66896,A,66.9,33.1
66898,none,66.9,33.1
66900,none,66.9,33.1
66902,none,66.9,33.1
66904,none,66.9,33.1
66906,A,66.9,33.1
66908,B,66.9,33.1
66910,A,66.9,33.1
66912,B,66.8,33.2
66914,B,66.8,33.2
66916,B,66.8,33.2
66918,A,66.8,33.2
66920,B,66.8,33.2
66922,A,66.8,33.2
66924,B,66.8,33.2
66926,B,66.8,33.2
66928,none,66.8,33.2
66930,none,66.8,33.2
66932,A,66.8,33.2
66934,A,66.8,33.2
66936,A,66.8,33.2
66938,A,66.8,33.2
66940,A,66.8,33.2
66942,A,66.8,33.2
66944,A,66.8,33.2
66946,none,66.8,33.2
66948,none,66.8,33.2
66950,A,66.8,33.2
66952,A,66.9,33.1
66954,A,66.9,33.1
66956,A,66.9,33.1
66958,none,66.9,33.1
66960,none,66.9,33.1
66962,none,66.9,33.1
66964,none,66.9,33.1
66966,A,66.9,33.1
66968,A,66.9,33.1
66970,B,66.9,33.1
66972,B,66.9,33.1
66974,A,66.9,33.1
66976,A,66.9,33.1
66978,A,66.9,33.1
66980,A,66.9,33.1
66982,A,66.9,33.1
66984,A,66.9,33.1
66986,A,66.9,33.1
66988,A,66.9,33.1
66990,A,66.9,33.1
66992,none,66.9,33.1
66994,none,66.9,33.1
66996,none,66.9,33.1
66998,none,66.9,33.1
67000,none,66.9,33.1
67002,none,66.9,33.1
67004,none,66.9,33.1
67006,none,66.9,33.1
67008,none,66.9,33.1
67010,none,66.9,33.1
67012,none,66.9,33.1
67014,none,66.9,33.1
67016,none,66.9,33.1
67018,none,66.9,33.1
67020,none,66.9,33.1
67022,none,66.9,33.1
67024,none,66.9,33.1
67026,none,66.9,33.1
67028,none,66.9,33.1
67030,none,66.9,33.1
67032,none,66.9,33.1
67034,none,66.9,33.1
67036,none,66.9,33.1
67038,none,66.9,33.1
67040,none,66.9,33.1
67042,none,66.9,33.1
67044,none,66.9,33.1
67046,none,66.9,33.1
67048,none,66.9,33.1
67050,none,66.9,33.1
67052,none,66.9,33.1
67054,none,66.9,33.1
67056,none,66.9,33.1
67058,none,66.9,33.1
67060,none,66.9,33.1
67062,none,66.9,33.1
67064,none,66.9,33.1
67066,none,66.9,33.1
67068,none,66.9,33.1
67070,none,66.9,33.1
67072,none,66.9,33.1
67074,none,66.9,33.1
67076,none,66.9,33.1
67078,none,66.9,33.1
67080,none,66.9,33.1
67082,none,66.9,33.1
67084,none,66.9,33.1
67086,none,66.9,33.1
67088,none,66.9,33.1
67090,none,66.9,33.1
67092,none,66.9,33.1
67094,none,66.9,33.1
67096,none,66.9,33.1
67098,none,66.9,33.1
67100,none,66.9,33.1
67102,none,66.9,33.1
67104,none,66.9,33.1
67106,none,66.9,33.1
67108,none,66.9,33.1
67110,none,66.9,33.1
67112,none,66.9,33.1
67114,none,66.9,33.1
67116,none,66.9,33.1
67118,none,66.9,33.1
67120,none,66.9,33.1
67122,none,66.9,33.1
67124,none,66.9,33.1
67126,none,66.9,33.1
67128,none,66.9,33.1
67130,none,66.9,33.1
67132,none,66.9,33.1
67134,none,66.9,33.1
67136,none,66.9,33.1
67138,none,66.9,33.1
67140,none,66.9,33.1
67142,none,66.9,33.1
67144,none,66.9,33.1
67146,none,66.9,33.1
67148,none,66.9,33.1
67150,none,66.9,33.1
67152,none,66.9,33.1
67154,none,66.9,33.1
67156,none,66.9,33.1
67158,none,66.9,33.1
67160,none,66.9,33.1
67162,none,66.9,33.1
67164,none,66.9,33.1
67166,none,66.9,33.1
67168,none,66.9,33.1
67170,none,66.9,33.1
67172,none,66.9,33.1
67174,none,66.9,33.1
67176,none,66.9,33.1
67178,none,66.9,33.1
67180,none,66.9,33.1
67182,none,66.9,33.1
67184,none,66.9,33.1
67186,none,66.9,33.1
67188,none,66.9,33.1
67190,none,66.9,33.1
67192,none,66.9,33.1
67194,none,66.9,33.1
67196,none,66.9,33.1
67198,none,66.9,33.1
67200,none,66.9,33.1
67202,none,66.9,33.1
67204,none,66.9,33.1
67206,none,66.9,33.1
67208,none,66.9,33.1
67210,none,66.9,33.1
67212,none,66.9,33.1
67214,none,66.9,33.1
67216,none,66.9,33.1
67218,none,66.9,33.1
67220,none,66.9,33.1
67222,none,66.9,33.1
67224,none,66.9,33.1
67226,none,66.9,33.1
67228,none,66.9,33.1
67230,none,66.9,33.1
67232,none,66.9,33.1
67234,none,66.9,33.1
67236,none,66.9,33.1
67238,none,66.9,33.1
67240,none,66.9,33.1
67242,none,66.9,33.1
67244,none,66.9,33.1
67246,none,66.9,33.1
67248,none,66.9,33.1
67250,none,66.9,33.1
67252,none,66.9,33.1
67254,none,66.9,33.1
67256,none,66.9,33.1
67258,none,66.9,33.1
67260,none,66.9,33.1
67262,none,66.9,33.1
67264,none,66.9,33.1
67266,none,66.9,33.1
67268,none,66.9,33.1
67270,none,66.9,33.1
67272,none,66.9,33.1
67274,none,66.9,33.1
67276,none,66.9,33.1
67278,none,66.9,33.1
67280,none,66.9,33.1
67282,none,66.9,33.1
67284,none,66.9,33.1
67286,none,66.9,33.1
67288,none,66.9,33.1
67290,none,66.9,33.1
67292,none,66.9,33.1
67294,none,66.9,33.1
67296,none,66.9,33.1
67298,none,66.9,33.1
67300,none,66.9,33.1
67302,none,66.9,33.1
67304,none,66.9,33.1
67306,none,66.9,33.1
67308,none,66.9,33.1
67310,none,66.9,33.1
67312,none,66.9,33.1
67314,none,66.9,33.1
67316,none,66.9,33.1
67318,none,66.9,33.1
67320,none,66.9,33.1
67322,none,66.9,33.1
67324,none,66.9,33.1
67326,none,66.9,33.1
67328,none,66.9,33.1
67330,none,66.9,33.1
67332,none,66.9,33.1
67334,none,66.9,33.1
67336,none,66.9,33.1
67338,none,66.9,33.1
67340,none,66.9,33.1
67342,none,66.9,33.1
67344,none,66.9,33.1
67346,none,66.9,33.1
67348,none,66.9,33.1
67350,none,66.9,33.1
67352,none,66.9,33.1
67354,none,66.9,33.1
67356,none,66.9,33.1
67358,none,66.9,33.1
67360,none,66.9,33.1
67362,none,66.9,33.1
67364,none,66.9,33.1
67366,none,66.9,33.1
67368,none,66.9,33.1
67370,none,66.9,33.1
67372,none,66.9,33.1
67374,none,66.9,33.1
67376,none,66.9,33.1
67378,none,66.9,33.1
67380,none,66.9,33.1
67382,none,66.9,33.1
67384,none,66.9,33.1
67386,none,66.9,33.1
67388,none,66.9,33.1
67390,none,66.9,33.1
67392,none,66.9,33.1
67394,none,66.9,33.1
67396,none,66.9,33.1
67398,none,66.9,33.1
67400,none,66.9,33.1
67402,none,66.9,33.1
67404,none,66.9,33.1
67406,none,66.9,33.1
67408,none,66.9,33.1
67410,none,66.9,33.1
67412,none,66.9,33.1
67414,none,66.9,33.1
67416,none,66.9,33.1
67418,none,66.9,33.1
67420,none,66.9,33.1
67422,none,66.9,33.1
67424,none,66.9,33.1
67426,none,66.9,33.1
67428,none,66.9,33.1
67430,none,66.9,33.1
67432,none,66.9,33.1
67434,none,66.9,33.1
67436,none,66.9,33.1
67438,none,66.9,33.1
67440,none,66.9,33.1
67442,none,66.9,33.1
67444,none,66.9,33.1
67446,none,66.9,33.1
67448,none,66.9,33.1
67450,none,66.9,33.1
67452,none,66.9,33.1
67454,none,66.9,33.1
67456,none,66.9,33.1
67458,none,66.9,33.1
67460,none,66.9,33.1
67462,none,66.9,33.1
67464,none,66.9,33.1
67466,none,66.9,33.1
67468,none,66.9,33.1
67470,none,66.9,33.1
67472,none,66.9,33.1
67474,none,66.9,33.1
67476,none,66.9,33.1
67478,none,66.9,33.1
67480,none,66.9,33.1
67482,none,66.9,33.1
67484,none,66.9,33.1
67486,none,66.9,33.1
67488,none,66.9,33.1
67490,none,66.9,33.1
67492,none,66.9,33.1
67494,none,66.9,33.1
67496,none,66.9,33.1
67498,none,66.9,33.1
67500,none,66.9,33.1
67502,none,66.9,33.1
67504,none,66.9,33.1
67506,none,66.9,33.1
67508,none,66.9,33.1
67510,none,66.9,33.1
67512,none,66.9,33.1
67514,none,66.9,33.1
67516,none,66.9,33.1
67518,none,66.9,33.1
67520,none,66.9,33.1
67522,none,66.9,33.1
67524,none,66.9,33.1
67526,none,66.9,33.1
67528,none,66.9,33.1
67530,none,66.9,33.1
67532,none,66.9,33.1
67534,none,66.9,33.1
67536,none,66.9,33.1
67538,none,66.9,33.1
67540,none,66.9,33.1
67542,none,66.9,33.1
67544,none,66.9,33.1
67546,none,66.9,33.1
67548,none,66.9,33.1
67550,none,66.9,33.1
67552,none,66.9,33.1
67554,none,66.9,33.1
67556,none,66.9,33.1
67558,none,66.9,33.1
67560,none,66.9,33.1
67562,none,66.9,33.1
67564,none,66.9,33.1
67566,none,66.9,33.1
67568,none,66.9,33.1
67570,none,66.9,33.1
67572,none,66.9,33.1
67574,none,66.9,33.1
67576,none,66.9,33.1
67578,none,66.9,33.1
67580,none,66.9,33.1
67582,none,66.9,33.1
67584,none,66.9,33.1
67586,none,66.9,33.1
67588,none,66.9,33.1
67590,none,66.9,33.1
67592,none,66.9,33.1
67594,none,66.9,33.1
67596,none,66.9,33.1
67598,none,66.9,33.1
67600,none,66.9,33.1
67602,none,66.9,33.1
67604,none,66.9,33.1
67606,none,66.9,33.1
67608,none,66.9,33.1
67610,none,66.9,33.1
67612,none,66.9,33.1
67614,none,66.9,33.1
67616,none,66.9,33.1
67618,none,66.9,33.1
67620,none,66.9,33.1
67622,none,66.9,33.1
67624,none,66.9,33.1
67626,none,66.9,33.1
67628,none,66.9,33.1
67630,none,66.9,33.1
67632,none,66.9,33.1
67634,none,66.9,33.1
67636,none,66.9,33.1
67638,none,66.9,33.1
67640,none,66.9,33.1
67642,none,66.9,33.1
67644,none,66.9,33.1
67646,none,66.9,33.1
67648,none,66.9,33.1
67650,none,66.9,33.1
67652,none,66.9,33.1
67654,none,66.9,33.1
67656,none,66.9,33.1
67658,none,66.9,33.1
67660,none,66.9,33.1
67662,none,66.9,33.1
67664,none,66.9,33.1
67666,none,66.9,33.1
67668,none,66.9,33.1
67670,none,66.9,33.1
67672,none,66.9,33.1
67674,none,66.9,33.1
67676,none,66.9,33.1
67678,none,66.9,33.1
67680,none,66.9,33.1
67682,none,66.9,33.1
67684,none,66.9,33.1
67686,none,66.9,33.1
67688,none,66.9,33.1
67690,none,66.9,33.1
67692,none,66.9,33.1
67694,none,66.9,33.1
67696,none,66.9,33.1
67698,none,66.9,33.1
67700,none,66.9,33.1
67702,none,66.9,33.1
67704,none,66.9,33.1
67706,none,66.9,33.1
67708,none,66.9,33.1
67710,none,66.9,33.1
67712,none,66.9,33.1
67714,none,66.9,33.1
67716,none,66.9,33.1
67718,none,66.9,33.1
67720,none,66.9,33.1
67722,none,66.9,33.1
67724,none,66.9,33.1
67726,none,66.9,33.1
67728,none,66.9,33.1
67730,none,66.9,33.1
67732,none,66.9,33.1
67734,none,66.9,33.1
67736,none,66.9,33.1
67738,none,66.9,33.1
67740,none,66.9,33.1
67742,none,66.9,33.1
67744,none,66.9,33.1
67746,none,66.9,33.1
67748,none,66.9,33.1
67750,none,66.9,33.1
67752,none,66.9,33.1
67754,none,66.9,33.1
67756,none,66.9,33.1
67758,none,66.9,33.1
67760,none,66.9,33.1
67762,none,66.9,33.1
67764,none,66.9,33.1
67766,none,66.9,33.1
67768,none,66.9,33.1
67770,none,66.9,33.1
67772,none,66.9,33.1
67774,none,66.9,33.1
67776,none,66.9,33.1
67778,none,66.9,33.1
67780,none,66.9,33.1
67782,none,66.9,33.1
67784,none,66.9,33.1
67786,none,66.9,33.1
67788,none,66.9,33.1
67790,none,66.9,33.1
67792,none,66.9,33.1
67794,none,66.9,33.1
67796,none,66.9,33.1
67798,none,66.9,33.1
67800,none,66.9,33.1
67802,none,66.9,33.1
67804,none,66.9,33.1
67806,none,66.9,33.1
67808,none,66.9,33.1
67810,none,66.9,33.1
67812,none,66.9,33.1
67814,none,66.9,33.1
67816,none,66.9,33.1
67818,none,66.9,33.1
67820,none,66.9,33.1
67822,none,66.9,33.1
67824,none,66.9,33.1
67826,none,66.9,33.1
67828,none,66.9,33.1
67830,none,66.9,33.1
67832,none,66.9,33.1
67834,none,66.9,33.1
67836,none,66.9,33.1
67838,none,66.9,33.1
67840,none,66.9,33.1
67842,none,66.9,33.1
67844,none,66.9,33.1
67846,none,66.9,33.1
67848,none,66.9,33.1
67850,none,66.9,33.1
67852,none,66.9,33.1
67854,none,66.9,33.1
67856,none,66.9,33.1
67858,none,66.9,33.1
67860,none,66.9,33.1
67862,none,66.9,33.1
67864,none,66.9,33.1
67866,none,66.9,33.1
67868,none,66.9,33.1
67870,none,66.9,33.1
67872,none,66.9,33.1
67874,none,66.9,33.1
67876,none,66.9,33.1
67878,none,66.9,33.1
67880,none,66.9,33.1
67882,none,66.9,33.1
67884,none,66.9,33.1
67886,none,66.9,33.1
67888,none,66.9,33.1
67890,none,66.9,33.1
67892,none,66.9,33.1
67894,none,66.9,33.1
67896,none,66.9,33.1
67898,none,66.9,33.1
67900,none,66.9,33.1
67902,none,66.9,33.1
67904,none,66.9,33.1
67906,none,66.9,33.1
67908,none,66.9,33.1
67910,none,66.9,33.1
67912,none,66.9,33.1
67914,none,66.9,33.1
67916,none,66.9,33.1
67918,none,66.9,33.1
67920,none,66.9,33.1
67922,none,66.9,33.1
67924,none,66.9,33.1
67926,none,66.9,33.1
67928,none,66.9,33.1
67930,none,66.9,33.1
67932,none,66.9,33.1
67934,none,66.9,33.1
67936,none,66.9,33.1
67938,none,66.9,33.1
67940,none,66.9,33.1
67942,none,66.9,33.1
67944,none,66.9,33.1
67946,none,66.9,33.1
67948,none,66.9,33.1
67950,none,66.9,33.1
67952,none,66.9,33.1
67954,none,66.9,33.1
67956,none,66.9,33.1
67958,none,66.9,33.1
67960,none,66.9,33.1
67962,A,66.9,33.1
67964,none,66.9,33.1
67966,none,66.9,33.1
67968,none,66.9,33.1
67970,none,66.9,33.1
67972,none,66.9,33.1
67974,none,66.9,33.1
67976,none,66.9,33.1
67978,none,66.9,33.1
67980,none,66.9,33.1
67982,none,66.9,33.1
67984,none,66.9,33.1
67986,none,66.9,33.1
67988,none,66.9,33.1
67990,none,66.9,33.1
67992,none,66.9,33.1
67994,none,66.9,33.1
67996,none,66.9,33.1
67998,B,66.9,33.1
68000,none,66.9,33.1
68002,none,66.9,33.1
68004,none,66.9,33.1
68006,none,66.9,33.1
68008,B,66.9,33.1
68010,B,66.9,33.1
68012,none,66.9,33.1
68014,none,66.9,33.1
68016,none,66.9,33.1
68018,none,66.9,33.1
68020,none,66.9,33.1
68022,none,66.9,33.1
68024,none,66.9,33.1
68026,none,66.9,33.1
68028,none,66.9,33.1
68030,none,66.9,33.1
68032,none,66.9,33.1
68034,none,66.9,33.1
68036,none,66.9,33.1
68038,B,66.9,33.1
68040,B,66.9,33.1
68042,none,66.9,33.1
68044,none,66.9,33.1
68046,none,66.9,33.1
68048,none,66.9,33.1
68050,none,66.9,33.1
68052,none,66.9,33.1
68054,none,66.9,33.1
68056,none,66.9,33.1
68058,none,66.9,33.1
68060,none,66.9,33.1
68062,none,66.9,33.1
68064,none,66.9,33.1
68066,none,66.9,33.1
68068,none,66.9,33.1
68070,none,66.9,33.1
68072,none,66.9,33.1
68074,none,66.9,33.1
68076,none,66.9,33.1
68078,none,66.9,33.1
68080,none,66.9,33.1
68082,none,66.9,33.1
68084,none,66.9,33.1
68086,none,66.9,33.1
68088,none,66.9,33.1
68090,none,66.9,33.1
68092,none,66.9,33.1
68094,none,66.9,33.1
68096,none,66.9,33.1
68098,none,66.9,33.1
68100,none,66.9,33.1
68102,none,66.9,33.1
68104,none,66.9,33.1
68106,none,66.9,33.1
68108,none,66.9,33.1
68110,none,66.9,33.1
68112,none,66.9,33.1
68114,none,66.9,33.1
68116,none,66.9,33.1
68118,none,66.9,33.1
68120,none,66.9,33.1
68122,none,66.9,33.1
68124,none,66.9,33.1
